boundary_scope,primary_biome,metric,t0,t1,diagnostic_interval,stage,cells,biome_cells,cell_fraction
primary_assignment,Amazon,consolidation_ha,1985,1990,0,positive_high,3,14213,0.00021107436853584746
primary_assignment,Amazon,consolidation_ha,1985,1990,0,positive_low,517,14213,0.036375149511011048
primary_assignment,Amazon,consolidation_ha,1985,1990,0,positive_moderate,72,14213,0.0050657848448603391
primary_assignment,Amazon,consolidation_ha,1985,1990,0,zero,13621,14213,0.95834799127559278
primary_assignment,Amazon,consolidation_ha,1990,1995,0,positive_high,8,14213,0.00056286498276225986
primary_assignment,Amazon,consolidation_ha,1990,1995,0,positive_low,772,14213,0.054316470836558078
primary_assignment,Amazon,consolidation_ha,1990,1995,0,positive_moderate,191,14213,0.013438401463448955
primary_assignment,Amazon,consolidation_ha,1990,1995,0,zero,13242,14213,0.93168226271723076
primary_assignment,Amazon,consolidation_ha,1995,2000,0,positive_high,30,14213,0.0021107436853584748
primary_assignment,Amazon,consolidation_ha,1995,2000,0,positive_low,1165,14213,0.081967213114754092
primary_assignment,Amazon,consolidation_ha,1995,2000,0,positive_moderate,317,14213,0.022303524941954547
primary_assignment,Amazon,consolidation_ha,1995,2000,0,zero,12701,14213,0.89361851825793293
primary_assignment,Amazon,consolidation_ha,2000,2005,0,positive_high,216,14213,0.015197354534581018
primary_assignment,Amazon,consolidation_ha,2000,2005,0,positive_low,1470,14213,0.10342644058256525
primary_assignment,Amazon,consolidation_ha,2000,2005,0,positive_moderate,633,14213,0.044536691761063812
primary_assignment,Amazon,consolidation_ha,2000,2005,0,zero,11894,14213,0.83683951312178995
primary_assignment,Amazon,consolidation_ha,2005,2010,0,positive_high,268,14213,0.018855976922535708
primary_assignment,Amazon,consolidation_ha,2005,2010,0,positive_low,1839,14213,0.12938858791247448
primary_assignment,Amazon,consolidation_ha,2005,2010,0,positive_moderate,922,14213,0.064870189263350447
primary_assignment,Amazon,consolidation_ha,2005,2010,0,zero,11184,14213,0.78688524590163933
primary_assignment,Amazon,consolidation_ha,2010,2015,0,positive_high,647,14213,0.045521705480897769
primary_assignment,Amazon,consolidation_ha,2010,2015,0,positive_low,2089,14213,0.14697811862379512
primary_assignment,Amazon,consolidation_ha,2010,2015,0,positive_moderate,1202,14213,0.084570463660029557
primary_assignment,Amazon,consolidation_ha,2010,2015,0,zero,10275,14213,0.72292971223527758
primary_assignment,Amazon,consolidation_ha,2015,2020,0,positive_high,496,14213,0.034897628931260111
primary_assignment,Amazon,consolidation_ha,2015,2020,0,positive_low,2160,14213,0.15197354534581017
primary_assignment,Amazon,consolidation_ha,2015,2020,0,positive_moderate,1688,14213,0.11876451136283683
primary_assignment,Amazon,consolidation_ha,2015,2020,0,zero,9869,14213,0.69436431436009283
primary_assignment,Amazon,consolidation_ha,2020,2025,1,positive_high,306,14213,0.021529585590656441
primary_assignment,Amazon,consolidation_ha,2020,2025,1,positive_low,2449,14213,0.17230704284809681
primary_assignment,Amazon,consolidation_ha,2020,2025,1,positive_moderate,1427,14213,0.10040104130021811
primary_assignment,Amazon,consolidation_ha,2020,2025,1,zero,10031,14213,0.70576233026102864
primary_assignment,Amazon,consolidation_rate_initial_pasture,1985,1990,0,positive_high,28,14213,0.0019700274396679098
primary_assignment,Amazon,consolidation_rate_initial_pasture,1985,1990,0,positive_low,413,14213,0.029057904735101666
primary_assignment,Amazon,consolidation_rate_initial_pasture,1985,1990,0,positive_moderate,151,14213,0.010624076549637656
primary_assignment,Amazon,consolidation_rate_initial_pasture,1985,1990,0,undefined,7399,14213,0.52057975093224518
primary_assignment,Amazon,consolidation_rate_initial_pasture,1985,1990,0,zero,6222,14213,0.43776824034334766
primary_assignment,Amazon,consolidation_rate_initial_pasture,1990,1995,0,positive_high,43,14213,0.0030253992823471468
primary_assignment,Amazon,consolidation_rate_initial_pasture,1990,1995,0,positive_low,620,14213,0.043622036164075145
primary_assignment,Amazon,consolidation_rate_initial_pasture,1990,1995,0,positive_moderate,308,14213,0.021670301836347005
primary_assignment,Amazon,consolidation_rate_initial_pasture,1990,1995,0,undefined,6251,14213,0.43980862590586084
primary_assignment,Amazon,consolidation_rate_initial_pasture,1990,1995,0,zero,6991,14213,0.49187363681136986
primary_assignment,Amazon,consolidation_rate_initial_pasture,1995,2000,0,positive_high,82,14213,0.0057693660733131643
primary_assignment,Amazon,consolidation_rate_initial_pasture,1995,2000,0,positive_low,1062,14213,0.074720326461689995
primary_assignment,Amazon,consolidation_rate_initial_pasture,1995,2000,0,positive_moderate,368,14213,0.025891789207063955
primary_assignment,Amazon,consolidation_rate_initial_pasture,1995,2000,0,undefined,5356,14213,0.37683810595933298
primary_assignment,Amazon,consolidation_rate_initial_pasture,1995,2000,0,zero,7345,14213,0.51678041229859983
primary_assignment,Amazon,consolidation_rate_initial_pasture,2000,2005,0,positive_high,319,14213,0.022444241187645115
primary_assignment,Amazon,consolidation_rate_initial_pasture,2000,2005,0,positive_low,1418,14213,0.099767818194610572
primary_assignment,Amazon,consolidation_rate_initial_pasture,2000,2005,0,positive_moderate,582,14213,0.040948427495954405
primary_assignment,Amazon,consolidation_rate_initial_pasture,2000,2005,0,undefined,4777,14213,0.33610075283191443
primary_assignment,Amazon,consolidation_rate_initial_pasture,2000,2005,0,zero,7117,14213,0.50073876028987552
primary_assignment,Amazon,consolidation_rate_initial_pasture,2005,2010,0,positive_high,349,14213,0.024554984873003588
primary_assignment,Amazon,consolidation_rate_initial_pasture,2005,2010,0,positive_low,1900,14213,0.13368043340603672
primary_assignment,Amazon,consolidation_rate_initial_pasture,2005,2010,0,positive_moderate,780,14213,0.054879335819320342
primary_assignment,Amazon,consolidation_rate_initial_pasture,2005,2010,0,undefined,3965,14213,0.27896995708154504
primary_assignment,Amazon,consolidation_rate_initial_pasture,2005,2010,0,zero,7219,14213,0.50791528882009429
primary_assignment,Amazon,consolidation_rate_initial_pasture,2010,2015,0,positive_high,666,14213,0.046858509814958135
primary_assignment,Amazon,consolidation_rate_initial_pasture,2010,2015,0,positive_low,2157,14213,0.15176247097727433
primary_assignment,Amazon,consolidation_rate_initial_pasture,2010,2015,0,positive_moderate,1115,14213,0.078449306972489974
primary_assignment,Amazon,consolidation_rate_initial_pasture,2010,2015,0,undefined,3706,14213,0.26074720326461692
primary_assignment,Amazon,consolidation_rate_initial_pasture,2010,2015,0,zero,6569,14213,0.46218250897066065
primary_assignment,Amazon,consolidation_rate_initial_pasture,2015,2020,0,positive_high,518,14213,0.036445507633856331
primary_assignment,Amazon,consolidation_rate_initial_pasture,2015,2020,0,positive_low,2281,14213,0.16048687821008936
primary_assignment,Amazon,consolidation_rate_initial_pasture,2015,2020,0,positive_moderate,1545,14213,0.10870329979596144
primary_assignment,Amazon,consolidation_rate_initial_pasture,2015,2020,0,undefined,3486,14213,0.24526841623865475
primary_assignment,Amazon,consolidation_rate_initial_pasture,2015,2020,0,zero,6383,14213,0.44909589812143813
primary_assignment,Amazon,consolidation_rate_initial_pasture,2020,2025,1,positive_high,415,14213,0.029198620980792234
primary_assignment,Amazon,consolidation_rate_initial_pasture,2020,2025,1,positive_low,2340,14213,0.16463800745796103
primary_assignment,Amazon,consolidation_rate_initial_pasture,2020,2025,1,positive_moderate,1427,14213,0.10040104130021811
primary_assignment,Amazon,consolidation_rate_initial_pasture,2020,2025,1,undefined,3194,14213,0.22472384436783227
primary_assignment,Amazon,consolidation_rate_initial_pasture,2020,2025,1,zero,6837,14213,0.48103848589319637
primary_assignment,Amazon,replenishment_ha,1985,1990,0,positive_high,849,14213,0.059734046295644834
primary_assignment,Amazon,replenishment_ha,1985,1990,0,positive_low,4487,14213,0.31569689720678251
primary_assignment,Amazon,replenishment_ha,1985,1990,0,positive_moderate,2434,14213,0.17125167100541758
primary_assignment,Amazon,replenishment_ha,1985,1990,0,zero,6443,14213,0.45331738549215506
primary_assignment,Amazon,replenishment_ha,1990,1995,0,positive_high,1657,14213,0.11658340955463309
primary_assignment,Amazon,replenishment_ha,1990,1995,0,positive_low,4544,14213,0.31970731020896365
primary_assignment,Amazon,replenishment_ha,1990,1995,0,positive_moderate,2455,14213,0.1727291915851685
primary_assignment,Amazon,replenishment_ha,1990,1995,0,zero,5557,14213,0.39098008865123479
primary_assignment,Amazon,replenishment_ha,1995,2000,0,positive_high,1935,14213,0.13614296770562162
primary_assignment,Amazon,replenishment_ha,1995,2000,0,positive_low,4364,14213,0.30704284809681276
primary_assignment,Amazon,replenishment_ha,1995,2000,0,positive_moderate,2971,14213,0.20903398297333428
primary_assignment,Amazon,replenishment_ha,1995,2000,0,zero,4943,14213,0.34778020122423131
primary_assignment,Amazon,replenishment_ha,2000,2005,0,positive_high,2151,14213,0.15134032224020263
primary_assignment,Amazon,replenishment_ha,2000,2005,0,positive_low,4390,14213,0.30887215929079015
primary_assignment,Amazon,replenishment_ha,2000,2005,0,positive_moderate,3544,14213,0.24934918736368114
primary_assignment,Amazon,replenishment_ha,2000,2005,0,zero,4128,14213,0.29043833110532613
primary_assignment,Amazon,replenishment_ha,2005,2010,0,positive_high,820,14213,0.05769366073313164
primary_assignment,Amazon,replenishment_ha,2005,2010,0,positive_low,5751,14213,0.40462956448321957
primary_assignment,Amazon,replenishment_ha,2005,2010,0,positive_moderate,3719,14213,0.26166185886160559
primary_assignment,Amazon,replenishment_ha,2005,2010,0,zero,3923,14213,0.27601491592204319
primary_assignment,Amazon,replenishment_ha,2010,2015,0,positive_high,412,14213,0.028987546612256384
primary_assignment,Amazon,replenishment_ha,2010,2015,0,positive_low,6662,14213,0.46872581439527194
primary_assignment,Amazon,replenishment_ha,2010,2015,0,positive_moderate,3350,14213,0.23569971153169633
primary_assignment,Amazon,replenishment_ha,2010,2015,0,zero,3789,14213,0.26658692746077534
primary_assignment,Amazon,replenishment_ha,2015,2020,0,positive_high,601,14213,0.042285231830014779
primary_assignment,Amazon,replenishment_ha,2015,2020,0,positive_low,6357,14213,0.4472665869274608
primary_assignment,Amazon,replenishment_ha,2015,2020,0,positive_moderate,3752,14213,0.2639836769154999
primary_assignment,Amazon,replenishment_ha,2015,2020,0,zero,3503,14213,0.24646450432702455
primary_assignment,Amazon,replenishment_ha,2020,2025,1,positive_high,463,14213,0.032575810877365795
primary_assignment,Amazon,replenishment_ha,2020,2025,1,positive_low,6922,14213,0.4870189263350454
primary_assignment,Amazon,replenishment_ha,2020,2025,1,positive_moderate,4089,14213,0.28769436431436007
primary_assignment,Amazon,replenishment_ha,2020,2025,1,zero,2739,14213,0.19271089847322873
primary_assignment,Amazon,replenishment_rate_initial_native,1985,1990,0,positive_high,520,14213,0.036586223879546895
primary_assignment,Amazon,replenishment_rate_initial_native,1985,1990,0,positive_low,5091,14213,0.35819320340533317
primary_assignment,Amazon,replenishment_rate_initial_native,1985,1990,0,positive_moderate,2159,14213,0.15190318722296489
primary_assignment,Amazon,replenishment_rate_initial_native,1985,1990,0,undefined,1,14213,7.0358122845282483e-05
primary_assignment,Amazon,replenishment_rate_initial_native,1985,1990,0,zero,6442,14213,0.45324702736930977
primary_assignment,Amazon,replenishment_rate_initial_native,1990,1995,0,positive_high,1229,14213,0.086470132976852174
primary_assignment,Amazon,replenishment_rate_initial_native,1990,1995,0,positive_low,5051,14213,0.35537887849152183
primary_assignment,Amazon,replenishment_rate_initial_native,1990,1995,0,positive_moderate,2376,14213,0.16717089988039119
primary_assignment,Amazon,replenishment_rate_initial_native,1990,1995,0,undefined,1,14213,7.0358122845282483e-05
primary_assignment,Amazon,replenishment_rate_initial_native,1990,1995,0,zero,5556,14213,0.39090973052838951
primary_assignment,Amazon,replenishment_rate_initial_native,1995,2000,0,positive_high,1601,14213,0.11264335467529726
primary_assignment,Amazon,replenishment_rate_initial_native,1995,2000,0,positive_low,4842,14213,0.34067403081685782
primary_assignment,Amazon,replenishment_rate_initial_native,1995,2000,0,positive_moderate,2827,14213,0.1989024132836136
primary_assignment,Amazon,replenishment_rate_initial_native,1995,2000,0,zero,4943,14213,0.34778020122423131
primary_assignment,Amazon,replenishment_rate_initial_native,2000,2005,0,positive_high,2066,14213,0.14535988179835363
primary_assignment,Amazon,replenishment_rate_initial_native,2000,2005,0,positive_low,4753,14213,0.33441215788362766
primary_assignment,Amazon,replenishment_rate_initial_native,2000,2005,0,positive_moderate,3266,14213,0.22978962921269261
primary_assignment,Amazon,replenishment_rate_initial_native,2000,2005,0,zero,4128,14213,0.29043833110532613
primary_assignment,Amazon,replenishment_rate_initial_native,2005,2010,0,positive_high,929,14213,0.065362696123267436
primary_assignment,Amazon,replenishment_rate_initial_native,2005,2010,0,positive_low,5891,14213,0.41447970168155912
primary_assignment,Amazon,replenishment_rate_initial_native,2005,2010,0,positive_moderate,3470,14213,0.24414268627313024
primary_assignment,Amazon,replenishment_rate_initial_native,2005,2010,0,zero,3923,14213,0.27601491592204319
primary_assignment,Amazon,replenishment_rate_initial_native,2010,2015,0,positive_high,561,14213,0.039470906916203474
primary_assignment,Amazon,replenishment_rate_initial_native,2010,2015,0,positive_low,6585,14213,0.46330823893618517
primary_assignment,Amazon,replenishment_rate_initial_native,2010,2015,0,positive_moderate,3278,14213,0.23063392668683599
primary_assignment,Amazon,replenishment_rate_initial_native,2010,2015,0,undefined,1,14213,7.0358122845282483e-05
primary_assignment,Amazon,replenishment_rate_initial_native,2010,2015,0,zero,3788,14213,0.26651656933793005
primary_assignment,Amazon,replenishment_rate_initial_native,2015,2020,0,positive_high,745,14213,0.052416801519735455
primary_assignment,Amazon,replenishment_rate_initial_native,2015,2020,0,positive_low,6304,14213,0.44353760641666079
primary_assignment,Amazon,replenishment_rate_initial_native,2015,2020,0,positive_moderate,3661,14213,0.25758108773657917
primary_assignment,Amazon,replenishment_rate_initial_native,2015,2020,0,undefined,1,14213,7.0358122845282483e-05
primary_assignment,Amazon,replenishment_rate_initial_native,2015,2020,0,zero,3502,14213,0.24639414620417927
primary_assignment,Amazon,replenishment_rate_initial_native,2020,2025,1,positive_high,654,14213,0.04601421234081475
primary_assignment,Amazon,replenishment_rate_initial_native,2020,2025,1,positive_low,6823,14213,0.48005347217336242
primary_assignment,Amazon,replenishment_rate_initial_native,2020,2025,1,positive_moderate,3997,14213,0.28122141701259412
primary_assignment,Amazon,replenishment_rate_initial_native,2020,2025,1,undefined,1,14213,7.0358122845282483e-05
primary_assignment,Amazon,replenishment_rate_initial_native,2020,2025,1,zero,2738,14213,0.19264054035038344
primary_assignment,Amazon,nat_tmp_endpoint_ha,1985,1990,0,positive_high,52,14213,0.0036586223879546895
primary_assignment,Amazon,nat_tmp_endpoint_ha,1985,1990,0,positive_low,505,14213,0.035530852036867656
primary_assignment,Amazon,nat_tmp_endpoint_ha,1985,1990,0,positive_moderate,330,14213,0.023218180538943221
primary_assignment,Amazon,nat_tmp_endpoint_ha,1985,1990,0,zero,13326,14213,0.93759234503623445
primary_assignment,Amazon,nat_tmp_endpoint_ha,1990,1995,0,positive_high,84,14213,0.0059100823190037293
primary_assignment,Amazon,nat_tmp_endpoint_ha,1990,1995,0,positive_low,571,14213,0.040174488144656302
primary_assignment,Amazon,nat_tmp_endpoint_ha,1990,1995,0,positive_moderate,456,14213,0.032083304017448813
primary_assignment,Amazon,nat_tmp_endpoint_ha,1990,1995,0,zero,13102,14213,0.92183212551889115
primary_assignment,Amazon,nat_tmp_endpoint_ha,1995,2000,0,positive_high,171,14213,0.012031239006543305
primary_assignment,Amazon,nat_tmp_endpoint_ha,1995,2000,0,positive_low,838,14213,0.058960106944346724
primary_assignment,Amazon,nat_tmp_endpoint_ha,1995,2000,0,positive_moderate,539,14213,0.037923028213607261
primary_assignment,Amazon,nat_tmp_endpoint_ha,1995,2000,0,zero,12665,14213,0.89108562583550266
primary_assignment,Amazon,nat_tmp_endpoint_ha,2000,2005,0,positive_high,450,14213,0.031661155280377121
primary_assignment,Amazon,nat_tmp_endpoint_ha,2000,2005,0,positive_low,1125,14213,0.079152888200942795
primary_assignment,Amazon,nat_tmp_endpoint_ha,2000,2005,0,positive_moderate,720,14213,0.050657848448603389
primary_assignment,Amazon,nat_tmp_endpoint_ha,2000,2005,0,zero,11918,14213,0.83852810807007672
primary_assignment,Amazon,nat_tmp_endpoint_ha,2005,2010,0,positive_high,109,14213,0.0076690353901357911
primary_assignment,Amazon,nat_tmp_endpoint_ha,2005,2010,0,positive_low,1391,14213,0.097868148877787942
primary_assignment,Amazon,nat_tmp_endpoint_ha,2005,2010,0,positive_moderate,803,14213,0.056497572644761837
primary_assignment,Amazon,nat_tmp_endpoint_ha,2005,2010,0,zero,11910,14213,0.83796524308731446
primary_assignment,Amazon,nat_tmp_endpoint_ha,2010,2015,0,positive_high,175,14213,0.012312671497924435
primary_assignment,Amazon,nat_tmp_endpoint_ha,2010,2015,0,positive_low,1693,14213,0.11911630197706326
primary_assignment,Amazon,nat_tmp_endpoint_ha,2010,2015,0,positive_moderate,1196,14213,0.084148314922957851
primary_assignment,Amazon,nat_tmp_endpoint_ha,2010,2015,0,zero,11149,14213,0.78442271160205446
primary_assignment,Amazon,nat_tmp_endpoint_ha,2015,2020,0,positive_high,169,14213,0.011890522760852741
primary_assignment,Amazon,nat_tmp_endpoint_ha,2015,2020,0,positive_low,1958,14213,0.13776120453106311
primary_assignment,Amazon,nat_tmp_endpoint_ha,2015,2020,0,positive_moderate,1240,14213,0.087244072328150291
primary_assignment,Amazon,nat_tmp_endpoint_ha,2015,2020,0,zero,10846,14213,0.76310420037993387
primary_assignment,Amazon,nat_tmp_endpoint_ha,2020,2025,1,positive_high,114,14213,0.0080208260043622033
primary_assignment,Amazon,nat_tmp_endpoint_ha,2020,2025,1,positive_low,1945,14213,0.13684654893407444
primary_assignment,Amazon,nat_tmp_endpoint_ha,2020,2025,1,positive_moderate,1353,14213,0.095194540209667208
primary_assignment,Amazon,nat_tmp_endpoint_ha,2020,2025,1,zero,10801,14213,0.75993808485189618
primary_assignment,Amazon,nat_tmp_intensity_initial_native,1985,1990,0,positive_high,35,14213,0.002462534299584887
primary_assignment,Amazon,nat_tmp_intensity_initial_native,1985,1990,0,positive_low,620,14213,0.043622036164075145
primary_assignment,Amazon,nat_tmp_intensity_initial_native,1985,1990,0,positive_moderate,232,14213,0.016323084500105538
primary_assignment,Amazon,nat_tmp_intensity_initial_native,1985,1990,0,undefined,1,14213,7.0358122845282483e-05
primary_assignment,Amazon,nat_tmp_intensity_initial_native,1985,1990,0,zero,13325,14213,0.93752198691338917
primary_assignment,Amazon,nat_tmp_intensity_initial_native,1990,1995,0,positive_high,66,14213,0.0046436361077886439
primary_assignment,Amazon,nat_tmp_intensity_initial_native,1990,1995,0,positive_low,715,14213,0.050306057834376978
primary_assignment,Amazon,nat_tmp_intensity_initial_native,1990,1995,0,positive_moderate,330,14213,0.023218180538943221
primary_assignment,Amazon,nat_tmp_intensity_initial_native,1990,1995,0,undefined,1,14213,7.0358122845282483e-05
primary_assignment,Amazon,nat_tmp_intensity_initial_native,1990,1995,0,zero,13101,14213,0.92176176739604587
primary_assignment,Amazon,nat_tmp_intensity_initial_native,1995,2000,0,positive_high,137,14213,0.0096390628298037
primary_assignment,Amazon,nat_tmp_intensity_initial_native,1995,2000,0,positive_low,961,14213,0.067614156054316477
primary_assignment,Amazon,nat_tmp_intensity_initial_native,1995,2000,0,positive_moderate,450,14213,0.031661155280377121
primary_assignment,Amazon,nat_tmp_intensity_initial_native,1995,2000,0,zero,12665,14213,0.89108562583550266
primary_assignment,Amazon,nat_tmp_intensity_initial_native,2000,2005,0,positive_high,397,14213,0.027932174769577149
primary_assignment,Amazon,nat_tmp_intensity_initial_native,2000,2005,0,positive_low,1258,14213,0.088510518539365368
primary_assignment,Amazon,nat_tmp_intensity_initial_native,2000,2005,0,positive_moderate,640,14213,0.045029198620980794
primary_assignment,Amazon,nat_tmp_intensity_initial_native,2000,2005,0,zero,11918,14213,0.83852810807007672
primary_assignment,Amazon,nat_tmp_intensity_initial_native,2005,2010,0,positive_high,110,14213,0.0077393935129810741
primary_assignment,Amazon,nat_tmp_intensity_initial_native,2005,2010,0,positive_low,1500,14213,0.10553718426792373
primary_assignment,Amazon,nat_tmp_intensity_initial_native,2005,2010,0,positive_moderate,693,14213,0.048758179131780766
primary_assignment,Amazon,nat_tmp_intensity_initial_native,2005,2010,0,zero,11910,14213,0.83796524308731446
primary_assignment,Amazon,nat_tmp_intensity_initial_native,2010,2015,0,positive_high,182,14213,0.012805178357841413
primary_assignment,Amazon,nat_tmp_intensity_initial_native,2010,2015,0,positive_low,1815,14213,0.12769999296418771
primary_assignment,Amazon,nat_tmp_intensity_initial_native,2010,2015,0,positive_moderate,1067,14213,0.07507211707591642
primary_assignment,Amazon,nat_tmp_intensity_initial_native,2010,2015,0,undefined,1,14213,7.0358122845282483e-05
primary_assignment,Amazon,nat_tmp_intensity_initial_native,2010,2015,0,zero,11148,14213,0.78435235347920917
primary_assignment,Amazon,nat_tmp_intensity_initial_native,2015,2020,0,positive_high,185,14213,0.013016252726377259
primary_assignment,Amazon,nat_tmp_intensity_initial_native,2015,2020,0,positive_low,2068,14213,0.14550059804404419
primary_assignment,Amazon,nat_tmp_intensity_initial_native,2015,2020,0,positive_moderate,1114,14213,0.078378948849644692
primary_assignment,Amazon,nat_tmp_intensity_initial_native,2015,2020,0,undefined,1,14213,7.0358122845282483e-05
primary_assignment,Amazon,nat_tmp_intensity_initial_native,2015,2020,0,zero,10845,14213,0.76303384225708859
primary_assignment,Amazon,nat_tmp_intensity_initial_native,2020,2025,1,positive_high,125,14213,0.0087947653556603115
primary_assignment,Amazon,nat_tmp_intensity_initial_native,2020,2025,1,positive_low,2082,14213,0.14648561176387814
primary_assignment,Amazon,nat_tmp_intensity_initial_native,2020,2025,1,positive_moderate,1205,14213,0.084781538028565404
primary_assignment,Amazon,nat_tmp_intensity_initial_native,2020,2025,1,undefined,1,14213,7.0358122845282483e-05
primary_assignment,Amazon,nat_tmp_intensity_initial_native,2020,2025,1,zero,10800,14213,0.7598677267290509
primary_assignment,Amazon,nat_tmp_pas_any_ha,1985,1990,0,positive_high,16,14213,0.0011257299655245197
primary_assignment,Amazon,nat_tmp_pas_any_ha,1985,1990,0,positive_low,253,14213,0.017800605079856469
primary_assignment,Amazon,nat_tmp_pas_any_ha,1985,1990,0,positive_moderate,154,14213,0.010835150918173502
primary_assignment,Amazon,nat_tmp_pas_any_ha,1985,1990,0,zero,13790,14213,0.97023851403644545
primary_assignment,Amazon,nat_tmp_pas_any_ha,1990,1995,0,positive_high,41,14213,0.0028846830366565821
primary_assignment,Amazon,nat_tmp_pas_any_ha,1990,1995,0,positive_low,328,14213,0.023077464293252657
primary_assignment,Amazon,nat_tmp_pas_any_ha,1990,1995,0,positive_moderate,245,14213,0.017237740097094209
primary_assignment,Amazon,nat_tmp_pas_any_ha,1990,1995,0,zero,13599,14213,0.95680011257299658
primary_assignment,Amazon,nat_tmp_pas_any_ha,1995,2000,0,positive_high,98,14213,0.0068950960388376838
primary_assignment,Amazon,nat_tmp_pas_any_ha,1995,2000,0,positive_low,448,14213,0.031520439034686557
primary_assignment,Amazon,nat_tmp_pas_any_ha,1995,2000,0,positive_moderate,414,14213,0.029128262857946952
primary_assignment,Amazon,nat_tmp_pas_any_ha,1995,2000,0,zero,13253,14213,0.93245620206852886
primary_assignment,Amazon,nat_tmp_pas_any_ha,2000,2005,0,positive_high,261,14213,0.018363470062618729
primary_assignment,Amazon,nat_tmp_pas_any_ha,2000,2005,0,positive_low,593,14213,0.041722366847252515
primary_assignment,Amazon,nat_tmp_pas_any_ha,2000,2005,0,positive_moderate,667,14213,0.046928867937803417
primary_assignment,Amazon,nat_tmp_pas_any_ha,2000,2005,0,zero,12692,14213,0.89298529515232539
primary_assignment,Amazon,nat_tmp_pas_any_ha,2005,2010,0,positive_high,110,14213,0.0077393935129810741
primary_assignment,Amazon,nat_tmp_pas_any_ha,2005,2010,0,positive_low,775,14213,0.054527545205093925
primary_assignment,Amazon,nat_tmp_pas_any_ha,2005,2010,0,positive_moderate,550,14213,0.038696967564905371
primary_assignment,Amazon,nat_tmp_pas_any_ha,2005,2010,0,zero,12778,14213,0.89903609371701965
primary_assignment,Amazon,nat_tmp_pas_any_ha,2010,2015,0,positive_high,124,14213,0.0087244072328150277
primary_assignment,Amazon,nat_tmp_pas_any_ha,2010,2015,0,positive_low,1158,14213,0.081474706254837118
primary_assignment,Amazon,nat_tmp_pas_any_ha,2010,2015,0,positive_moderate,701,14213,0.049321044114543022
primary_assignment,Amazon,nat_tmp_pas_any_ha,2010,2015,0,zero,12230,14213,0.86047984239780484
primary_assignment,Amazon,nat_tmp_pas_any_ha,2015,2020,0,positive_high,83,14213,0.0058397241961584464
primary_assignment,Amazon,nat_tmp_pas_any_ha,2015,2020,0,positive_low,1355,14213,0.095335256455357772
primary_assignment,Amazon,nat_tmp_pas_any_ha,2015,2020,0,positive_moderate,687,14213,0.048336030394709066
primary_assignment,Amazon,nat_tmp_pas_any_ha,2015,2020,0,zero,12088,14213,0.85048898895377467
primary_assignment,Amazon,nat_tmp_pas_any_ha,2020,2025,1,positive_high,60,14213,0.0042214873707169497
primary_assignment,Amazon,nat_tmp_pas_any_ha,2020,2025,1,positive_low,1361,14213,0.095757405192429465
primary_assignment,Amazon,nat_tmp_pas_any_ha,2020,2025,1,positive_moderate,457,14213,0.032153662140294095
primary_assignment,Amazon,nat_tmp_pas_any_ha,2020,2025,1,zero,12335,14213,0.86786744529655946
primary_assignment,Amazon,nat_tmp_pas_any_share_endpoint,1985,1990,0,low_support,569,14213,0.040033771898965738
primary_assignment,Amazon,nat_tmp_pas_any_share_endpoint,1985,1990,0,not_applicable,13326,14213,0.93759234503623445
primary_assignment,Amazon,nat_tmp_pas_any_share_endpoint,1985,1990,0,positive_high,4,14213,0.00028143249138112993
primary_assignment,Amazon,nat_tmp_pas_any_share_endpoint,1985,1990,0,positive_low,154,14213,0.010835150918173502
primary_assignment,Amazon,nat_tmp_pas_any_share_endpoint,1985,1990,0,positive_moderate,45,14213,0.0031661155280377118
primary_assignment,Amazon,nat_tmp_pas_any_share_endpoint,1985,1990,0,zero,115,14213,0.0080911841272074854
primary_assignment,Amazon,nat_tmp_pas_any_share_endpoint,1990,1995,0,low_support,646,14213,0.045451347358052487
primary_assignment,Amazon,nat_tmp_pas_any_share_endpoint,1990,1995,0,not_applicable,13102,14213,0.92183212551889115
primary_assignment,Amazon,nat_tmp_pas_any_share_endpoint,1990,1995,0,positive_high,21,14213,0.0014775205797509323
primary_assignment,Amazon,nat_tmp_pas_any_share_endpoint,1990,1995,0,positive_low,208,14213,0.014634489551818758
primary_assignment,Amazon,nat_tmp_pas_any_share_endpoint,1990,1995,0,positive_moderate,119,14213,0.0083726166185886155
primary_assignment,Amazon,nat_tmp_pas_any_share_endpoint,1990,1995,0,zero,117,14213,0.0082319003728980513
primary_assignment,Amazon,nat_tmp_pas_any_share_endpoint,1995,2000,0,low_support,940,14213,0.066136635474565539
primary_assignment,Amazon,nat_tmp_pas_any_share_endpoint,1995,2000,0,not_applicable,12665,14213,0.89108562583550266
primary_assignment,Amazon,nat_tmp_pas_any_share_endpoint,1995,2000,0,positive_high,42,14213,0.0029550411595018647
primary_assignment,Amazon,nat_tmp_pas_any_share_endpoint,1995,2000,0,positive_low,283,14213,0.019911348765214942
primary_assignment,Amazon,nat_tmp_pas_any_share_endpoint,1995,2000,0,positive_moderate,164,14213,0.011538732146626329
primary_assignment,Amazon,nat_tmp_pas_any_share_endpoint,1995,2000,0,zero,119,14213,0.0083726166185886155
primary_assignment,Amazon,nat_tmp_pas_any_share_endpoint,2000,2005,0,low_support,1257,14213,0.088440160416520086
primary_assignment,Amazon,nat_tmp_pas_any_share_endpoint,2000,2005,0,not_applicable,11918,14213,0.83852810807007672
primary_assignment,Amazon,nat_tmp_pas_any_share_endpoint,2000,2005,0,positive_high,89,14213,0.0062618729332301415
primary_assignment,Amazon,nat_tmp_pas_any_share_endpoint,2000,2005,0,positive_low,543,14213,0.03820446070498839
primary_assignment,Amazon,nat_tmp_pas_any_share_endpoint,2000,2005,0,positive_moderate,248,14213,0.017448814465630055
primary_assignment,Amazon,nat_tmp_pas_any_share_endpoint,2000,2005,0,zero,158,14213,0.011116583409554633
primary_assignment,Amazon,nat_tmp_pas_any_share_endpoint,2005,2010,0,low_support,1511,14213,0.10631112361922183
primary_assignment,Amazon,nat_tmp_pas_any_share_endpoint,2005,2010,0,not_applicable,11910,14213,0.83796524308731446
primary_assignment,Amazon,nat_tmp_pas_any_share_endpoint,2005,2010,0,positive_high,81,14213,0.0056990079504678813
primary_assignment,Amazon,nat_tmp_pas_any_share_endpoint,2005,2010,0,positive_low,373,14213,0.026243579821290369
primary_assignment,Amazon,nat_tmp_pas_any_share_endpoint,2005,2010,0,positive_moderate,227,14213,0.015971293885879125
primary_assignment,Amazon,nat_tmp_pas_any_share_endpoint,2005,2010,0,zero,111,14213,0.0078097516358263562
primary_assignment,Amazon,nat_tmp_pas_any_share_endpoint,2010,2015,0,low_support,1890,14213,0.1329768521775839
primary_assignment,Amazon,nat_tmp_pas_any_share_endpoint,2010,2015,0,not_applicable,11149,14213,0.78442271160205446
primary_assignment,Amazon,nat_tmp_pas_any_share_endpoint,2010,2015,0,positive_high,50,14213,0.0035179061422641244
primary_assignment,Amazon,nat_tmp_pas_any_share_endpoint,2010,2015,0,positive_low,606,14213,0.042637022444241189
primary_assignment,Amazon,nat_tmp_pas_any_share_endpoint,2010,2015,0,positive_moderate,334,14213,0.02349961303032435
primary_assignment,Amazon,nat_tmp_pas_any_share_endpoint,2010,2015,0,zero,184,14213,0.012945894603531977
primary_assignment,Amazon,nat_tmp_pas_any_share_endpoint,2015,2020,0,low_support,2155,14213,0.15162175473158376
primary_assignment,Amazon,nat_tmp_pas_any_share_endpoint,2015,2020,0,not_applicable,10846,14213,0.76310420037993387
primary_assignment,Amazon,nat_tmp_pas_any_share_endpoint,2015,2020,0,positive_high,42,14213,0.0029550411595018647
primary_assignment,Amazon,nat_tmp_pas_any_share_endpoint,2015,2020,0,positive_low,701,14213,0.049321044114543022
primary_assignment,Amazon,nat_tmp_pas_any_share_endpoint,2015,2020,0,positive_moderate,306,14213,0.021529585590656441
primary_assignment,Amazon,nat_tmp_pas_any_share_endpoint,2015,2020,0,zero,163,14213,0.011468374023781045
primary_assignment,Amazon,nat_tmp_pas_any_share_endpoint,2020,2025,1,low_support,2165,14213,0.15232533596003658
primary_assignment,Amazon,nat_tmp_pas_any_share_endpoint,2020,2025,1,not_applicable,10801,14213,0.75993808485189618
primary_assignment,Amazon,nat_tmp_pas_any_share_endpoint,2020,2025,1,positive_high,46,14213,0.0032364736508829943
primary_assignment,Amazon,nat_tmp_pas_any_share_endpoint,2020,2025,1,positive_low,728,14213,0.051220713431365653
primary_assignment,Amazon,nat_tmp_pas_any_share_endpoint,2020,2025,1,positive_moderate,196,14213,0.013790192077675368
primary_assignment,Amazon,nat_tmp_pas_any_share_endpoint,2020,2025,1,zero,277,14213,0.01948920002814325
primary_assignment,Amazon,nat_tmp_pas_consecutive2_ha,1985,1990,0,positive_high,14,14213,0.00098501371983395489
primary_assignment,Amazon,nat_tmp_pas_consecutive2_ha,1985,1990,0,positive_low,247,14213,0.017378456342784773
primary_assignment,Amazon,nat_tmp_pas_consecutive2_ha,1985,1990,0,positive_moderate,132,14213,0.0092872722155772879
primary_assignment,Amazon,nat_tmp_pas_consecutive2_ha,1985,1990,0,zero,13820,14213,0.97234925772180403
primary_assignment,Amazon,nat_tmp_pas_consecutive2_ha,1990,1995,0,positive_high,33,14213,0.002321818053894322
primary_assignment,Amazon,nat_tmp_pas_consecutive2_ha,1990,1995,0,positive_low,316,14213,0.022233166819109265
primary_assignment,Amazon,nat_tmp_pas_consecutive2_ha,1990,1995,0,positive_moderate,218,14213,0.015338070780271582
primary_assignment,Amazon,nat_tmp_pas_consecutive2_ha,1990,1995,0,zero,13646,14213,0.96010694434672483
primary_assignment,Amazon,nat_tmp_pas_consecutive2_ha,1995,2000,0,positive_high,93,14213,0.0065433054246112716
primary_assignment,Amazon,nat_tmp_pas_consecutive2_ha,1995,2000,0,positive_low,417,14213,0.029339337226482798
primary_assignment,Amazon,nat_tmp_pas_consecutive2_ha,1995,2000,0,positive_moderate,401,14213,0.028213607260958277
primary_assignment,Amazon,nat_tmp_pas_consecutive2_ha,1995,2000,0,zero,13302,14213,0.93590375008794768
primary_assignment,Amazon,nat_tmp_pas_consecutive2_ha,2000,2005,0,positive_high,249,14213,0.017519172588475341
primary_assignment,Amazon,nat_tmp_pas_consecutive2_ha,2000,2005,0,positive_low,554,14213,0.0389784000562865
primary_assignment,Amazon,nat_tmp_pas_consecutive2_ha,2000,2005,0,positive_moderate,642,14213,0.045169914866671358
primary_assignment,Amazon,nat_tmp_pas_consecutive2_ha,2000,2005,0,zero,12768,14213,0.89833251248856683
primary_assignment,Amazon,nat_tmp_pas_consecutive2_ha,2005,2010,0,positive_high,104,14213,0.0073172447759093789
primary_assignment,Amazon,nat_tmp_pas_consecutive2_ha,2005,2010,0,positive_low,727,14213,0.05115035530852037
primary_assignment,Amazon,nat_tmp_pas_consecutive2_ha,2005,2010,0,positive_moderate,528,14213,0.037149088862309151
primary_assignment,Amazon,nat_tmp_pas_consecutive2_ha,2005,2010,0,zero,12854,14213,0.90438331105326109
primary_assignment,Amazon,nat_tmp_pas_consecutive2_ha,2010,2015,0,positive_high,112,14213,0.0078801097586716391
primary_assignment,Amazon,nat_tmp_pas_consecutive2_ha,2010,2015,0,positive_low,1101,14213,0.077464293252656025
primary_assignment,Amazon,nat_tmp_pas_consecutive2_ha,2010,2015,0,positive_moderate,641,14213,0.045099556743826076
primary_assignment,Amazon,nat_tmp_pas_consecutive2_ha,2010,2015,0,zero,12359,14213,0.86955604024484623
primary_assignment,Amazon,nat_tmp_pas_consecutive2_ha,2015,2020,0,positive_high,76,14213,0.0053472173362414692
primary_assignment,Amazon,nat_tmp_pas_consecutive2_ha,2015,2020,0,positive_low,1259,14213,0.08858087666221065
primary_assignment,Amazon,nat_tmp_pas_consecutive2_ha,2015,2020,0,positive_moderate,603,14213,0.042425948075705343
primary_assignment,Amazon,nat_tmp_pas_consecutive2_ha,2015,2020,0,zero,12275,14213,0.86364595792584253
primary_assignment,Amazon,nat_tmp_pas_consecutive2_ha,2020,2025,1,positive_high,58,14213,0.0040807711250263846
primary_assignment,Amazon,nat_tmp_pas_consecutive2_ha,2020,2025,1,positive_low,1247,14213,0.087736579188067265
primary_assignment,Amazon,nat_tmp_pas_consecutive2_ha,2020,2025,1,positive_moderate,412,14213,0.028987546612256384
primary_assignment,Amazon,nat_tmp_pas_consecutive2_ha,2020,2025,1,zero,12496,14213,0.87919510307464999
primary_assignment,Amazon,nat_tmp_pas_consecutive2_share_endpoint,1985,1990,0,low_support,569,14213,0.040033771898965738
primary_assignment,Amazon,nat_tmp_pas_consecutive2_share_endpoint,1985,1990,0,not_applicable,13326,14213,0.93759234503623445
primary_assignment,Amazon,nat_tmp_pas_consecutive2_share_endpoint,1985,1990,0,positive_high,4,14213,0.00028143249138112993
primary_assignment,Amazon,nat_tmp_pas_consecutive2_share_endpoint,1985,1990,0,positive_low,154,14213,0.010835150918173502
primary_assignment,Amazon,nat_tmp_pas_consecutive2_share_endpoint,1985,1990,0,positive_moderate,41,14213,0.0028846830366565821
primary_assignment,Amazon,nat_tmp_pas_consecutive2_share_endpoint,1985,1990,0,zero,119,14213,0.0083726166185886155
primary_assignment,Amazon,nat_tmp_pas_consecutive2_share_endpoint,1990,1995,0,low_support,646,14213,0.045451347358052487
primary_assignment,Amazon,nat_tmp_pas_consecutive2_share_endpoint,1990,1995,0,not_applicable,13102,14213,0.92183212551889115
primary_assignment,Amazon,nat_tmp_pas_consecutive2_share_endpoint,1990,1995,0,positive_high,21,14213,0.0014775205797509323
primary_assignment,Amazon,nat_tmp_pas_consecutive2_share_endpoint,1990,1995,0,positive_low,211,14213,0.014845563920354604
primary_assignment,Amazon,nat_tmp_pas_consecutive2_share_endpoint,1990,1995,0,positive_moderate,103,14213,0.007246886653064096
primary_assignment,Amazon,nat_tmp_pas_consecutive2_share_endpoint,1990,1995,0,zero,130,14213,0.0091465559698867237
primary_assignment,Amazon,nat_tmp_pas_consecutive2_share_endpoint,1995,2000,0,low_support,940,14213,0.066136635474565539
primary_assignment,Amazon,nat_tmp_pas_consecutive2_share_endpoint,1995,2000,0,not_applicable,12665,14213,0.89108562583550266
primary_assignment,Amazon,nat_tmp_pas_consecutive2_share_endpoint,1995,2000,0,positive_high,41,14213,0.0028846830366565821
primary_assignment,Amazon,nat_tmp_pas_consecutive2_share_endpoint,1995,2000,0,positive_low,265,14213,0.018644902553999858
primary_assignment,Amazon,nat_tmp_pas_consecutive2_share_endpoint,1995,2000,0,positive_moderate,164,14213,0.011538732146626329
primary_assignment,Amazon,nat_tmp_pas_consecutive2_share_endpoint,1995,2000,0,zero,138,14213,0.0097094209526489839
primary_assignment,Amazon,nat_tmp_pas_consecutive2_share_endpoint,2000,2005,0,low_support,1257,14213,0.088440160416520086
primary_assignment,Amazon,nat_tmp_pas_consecutive2_share_endpoint,2000,2005,0,not_applicable,11918,14213,0.83852810807007672
primary_assignment,Amazon,nat_tmp_pas_consecutive2_share_endpoint,2000,2005,0,positive_high,87,14213,0.0061211566875395765
primary_assignment,Amazon,nat_tmp_pas_consecutive2_share_endpoint,2000,2005,0,positive_low,514,14213,0.036164075142475202
primary_assignment,Amazon,nat_tmp_pas_consecutive2_share_endpoint,2000,2005,0,positive_moderate,253,14213,0.017800605079856469
primary_assignment,Amazon,nat_tmp_pas_consecutive2_share_endpoint,2000,2005,0,zero,184,14213,0.012945894603531977
primary_assignment,Amazon,nat_tmp_pas_consecutive2_share_endpoint,2005,2010,0,low_support,1511,14213,0.10631112361922183
primary_assignment,Amazon,nat_tmp_pas_consecutive2_share_endpoint,2005,2010,0,not_applicable,11910,14213,0.83796524308731446
primary_assignment,Amazon,nat_tmp_pas_consecutive2_share_endpoint,2005,2010,0,positive_high,80,14213,0.0056286498276225993
primary_assignment,Amazon,nat_tmp_pas_consecutive2_share_endpoint,2005,2010,0,positive_low,364,14213,0.025610356715682826
primary_assignment,Amazon,nat_tmp_pas_consecutive2_share_endpoint,2005,2010,0,positive_moderate,225,14213,0.01583057764018856
primary_assignment,Amazon,nat_tmp_pas_consecutive2_share_endpoint,2005,2010,0,zero,123,14213,0.0086540491099697456
primary_assignment,Amazon,nat_tmp_pas_consecutive2_share_endpoint,2010,2015,0,low_support,1890,14213,0.1329768521775839
primary_assignment,Amazon,nat_tmp_pas_consecutive2_share_endpoint,2010,2015,0,not_applicable,11149,14213,0.78442271160205446
primary_assignment,Amazon,nat_tmp_pas_consecutive2_share_endpoint,2010,2015,0,positive_high,43,14213,0.0030253992823471468
primary_assignment,Amazon,nat_tmp_pas_consecutive2_share_endpoint,2010,2015,0,positive_low,592,14213,0.041652008724407233
primary_assignment,Amazon,nat_tmp_pas_consecutive2_share_endpoint,2010,2015,0,positive_moderate,328,14213,0.023077464293252657
primary_assignment,Amazon,nat_tmp_pas_consecutive2_share_endpoint,2010,2015,0,zero,211,14213,0.014845563920354604
primary_assignment,Amazon,nat_tmp_pas_consecutive2_share_endpoint,2015,2020,0,low_support,2155,14213,0.15162175473158376
primary_assignment,Amazon,nat_tmp_pas_consecutive2_share_endpoint,2015,2020,0,not_applicable,10846,14213,0.76310420037993387
primary_assignment,Amazon,nat_tmp_pas_consecutive2_share_endpoint,2015,2020,0,positive_high,40,14213,0.0028143249138112996
primary_assignment,Amazon,nat_tmp_pas_consecutive2_share_endpoint,2015,2020,0,positive_low,678,14213,0.047702807289101527
primary_assignment,Amazon,nat_tmp_pas_consecutive2_share_endpoint,2015,2020,0,positive_moderate,293,14213,0.02061492999366777
primary_assignment,Amazon,nat_tmp_pas_consecutive2_share_endpoint,2015,2020,0,zero,201,14213,0.01414198269190178
primary_assignment,Amazon,nat_tmp_pas_consecutive2_share_endpoint,2020,2025,1,low_support,2165,14213,0.15232533596003658
primary_assignment,Amazon,nat_tmp_pas_consecutive2_share_endpoint,2020,2025,1,not_applicable,10801,14213,0.75993808485189618
primary_assignment,Amazon,nat_tmp_pas_consecutive2_share_endpoint,2020,2025,1,positive_high,46,14213,0.0032364736508829943
primary_assignment,Amazon,nat_tmp_pas_consecutive2_share_endpoint,2020,2025,1,positive_low,682,14213,0.047984239780482656
primary_assignment,Amazon,nat_tmp_pas_consecutive2_share_endpoint,2020,2025,1,positive_moderate,185,14213,0.013016252726377259
primary_assignment,Amazon,nat_tmp_pas_consecutive2_share_endpoint,2020,2025,1,zero,334,14213,0.02349961303032435
primary_assignment,Amazon,net_cr_balance_ha,1985,1990,0,consolidation_low,44,14213,0.0030957574051924293
primary_assignment,Amazon,net_cr_balance_ha,1985,1990,0,consolidation_moderate,5,14213,0.00035179061422641245
primary_assignment,Amazon,net_cr_balance_ha,1985,1990,0,replenishment_high,806,14213,0.056708647013297683
primary_assignment,Amazon,net_cr_balance_ha,1985,1990,0,replenishment_low,4592,14213,0.32308450010553719
primary_assignment,Amazon,net_cr_balance_ha,1985,1990,0,replenishment_moderate,2327,14213,0.16372335186097234
primary_assignment,Amazon,net_cr_balance_ha,1985,1990,0,zero,6439,14213,0.45303595300077393
primary_assignment,Amazon,net_cr_balance_ha,1990,1995,0,consolidation_high,2,14213,0.00014071624569056497
primary_assignment,Amazon,net_cr_balance_ha,1990,1995,0,consolidation_low,69,14213,0.0048547104763244919
primary_assignment,Amazon,net_cr_balance_ha,1990,1995,0,consolidation_moderate,12,14213,0.00084429747414338984
primary_assignment,Amazon,net_cr_balance_ha,1990,1995,0,replenishment_high,1588,14213,0.1117286990783086
primary_assignment,Amazon,net_cr_balance_ha,1990,1995,0,replenishment_low,4590,14213,0.32294378385984662
primary_assignment,Amazon,net_cr_balance_ha,1990,1995,0,replenishment_moderate,2397,14213,0.16864842046014211
primary_assignment,Amazon,net_cr_balance_ha,1990,1995,0,zero,5555,14213,0.39083937240554423
primary_assignment,Amazon,net_cr_balance_ha,1995,2000,0,consolidation_low,84,14213,0.0059100823190037293
primary_assignment,Amazon,net_cr_balance_ha,1995,2000,0,consolidation_moderate,28,14213,0.0019700274396679098
primary_assignment,Amazon,net_cr_balance_ha,1995,2000,0,replenishment_high,1825,14213,0.12840357419264053
primary_assignment,Amazon,net_cr_balance_ha,1995,2000,0,replenishment_low,4447,14213,0.31288257229297123
primary_assignment,Amazon,net_cr_balance_ha,1995,2000,0,replenishment_moderate,2888,14213,0.20319425877717581
primary_assignment,Amazon,net_cr_balance_ha,1995,2000,0,zero,4941,14213,0.34763948497854075
primary_assignment,Amazon,net_cr_balance_ha,2000,2005,0,consolidation_high,52,14213,0.0036586223879546895
primary_assignment,Amazon,net_cr_balance_ha,2000,2005,0,consolidation_low,141,14213,0.0099204953211848301
primary_assignment,Amazon,net_cr_balance_ha,2000,2005,0,consolidation_moderate,165,14213,0.011609090269471611
primary_assignment,Amazon,net_cr_balance_ha,2000,2005,0,replenishment_high,1994,14213,0.14029409695349329
primary_assignment,Amazon,net_cr_balance_ha,2000,2005,0,replenishment_low,4383,14213,0.30837965243087312
primary_assignment,Amazon,net_cr_balance_ha,2000,2005,0,replenishment_moderate,3353,14213,0.23591078590023218
primary_assignment,Amazon,net_cr_balance_ha,2000,2005,0,zero,4125,14213,0.29022725673679028
primary_assignment,Amazon,net_cr_balance_ha,2005,2010,0,consolidation_high,57,14213,0.0040104130021811017
primary_assignment,Amazon,net_cr_balance_ha,2005,2010,0,consolidation_low,405,14213,0.028495039752339409
primary_assignment,Amazon,net_cr_balance_ha,2005,2010,0,consolidation_moderate,377,14213,0.026525012312671497
primary_assignment,Amazon,net_cr_balance_ha,2005,2010,0,replenishment_high,761,14213,0.053542531485259975
primary_assignment,Amazon,net_cr_balance_ha,2005,2010,0,replenishment_low,5393,14213,0.37944135650460847
primary_assignment,Amazon,net_cr_balance_ha,2005,2010,0,replenishment_moderate,3306,14213,0.23260395412650389
primary_assignment,Amazon,net_cr_balance_ha,2005,2010,0,zero,3914,14213,0.27538169281643565
primary_assignment,Amazon,net_cr_balance_ha,2010,2015,0,consolidation_high,245,14213,0.017237740097094209
primary_assignment,Amazon,net_cr_balance_ha,2010,2015,0,consolidation_low,563,14213,0.039611623161894038
primary_assignment,Amazon,net_cr_balance_ha,2010,2015,0,consolidation_moderate,682,14213,0.047984239780482656
primary_assignment,Amazon,net_cr_balance_ha,2010,2015,0,replenishment_high,375,14213,0.026384296066980933
primary_assignment,Amazon,net_cr_balance_ha,2010,2015,0,replenishment_low,5811,14213,0.40885105185393655
primary_assignment,Amazon,net_cr_balance_ha,2010,2015,0,replenishment_moderate,2772,14213,0.19503271652712306
primary_assignment,Amazon,net_cr_balance_ha,2010,2015,0,zero,3765,14213,0.26489833251248857
primary_assignment,Amazon,net_cr_balance_ha,2015,2020,0,consolidation_high,117,14213,0.0082319003728980513
primary_assignment,Amazon,net_cr_balance_ha,2015,2020,0,consolidation_low,776,14213,0.054597903327939214
primary_assignment,Amazon,net_cr_balance_ha,2015,2020,0,consolidation_moderate,689,14213,0.048476746640399637
primary_assignment,Amazon,net_cr_balance_ha,2015,2020,0,replenishment_high,547,14213,0.038485893196369518
primary_assignment,Amazon,net_cr_balance_ha,2015,2020,0,replenishment_low,5575,14213,0.39224653486244987
primary_assignment,Amazon,net_cr_balance_ha,2015,2020,0,replenishment_moderate,3050,14213,0.21459227467811159
primary_assignment,Amazon,net_cr_balance_ha,2015,2020,0,zero,3459,14213,0.24336874692183214
primary_assignment,Amazon,net_cr_balance_ha,2020,2025,1,consolidation_high,46,14213,0.0032364736508829943
primary_assignment,Amazon,net_cr_balance_ha,2020,2025,1,consolidation_low,725,14213,0.051009639062829806
primary_assignment,Amazon,net_cr_balance_ha,2020,2025,1,consolidation_moderate,507,14213,0.035671568282558221
primary_assignment,Amazon,net_cr_balance_ha,2020,2025,1,replenishment_high,415,14213,0.029198620980792234
primary_assignment,Amazon,net_cr_balance_ha,2020,2025,1,replenishment_low,6375,14213,0.44853303313867587
primary_assignment,Amazon,net_cr_balance_ha,2020,2025,1,replenishment_moderate,3438,14213,0.24189122634208118
primary_assignment,Amazon,net_cr_balance_ha,2020,2025,1,zero,2707,14213,0.1904594385421797
primary_assignment,Amazon,cr_balance_index,1985,1990,0,consolidation_dominant,36,14213,0.0025328924224301695
primary_assignment,Amazon,cr_balance_index,1985,1990,0,inactive,6439,14213,0.45303595300077393
primary_assignment,Amazon,cr_balance_index,1985,1990,0,mixed,34,14213,0.0023921761767396045
primary_assignment,Amazon,cr_balance_index,1985,1990,0,replenishment_dominant,7704,14213,0.54203897840005633
primary_assignment,Amazon,cr_balance_index,1990,1995,0,consolidation_dominant,54,14213,0.0037993386336452545
primary_assignment,Amazon,cr_balance_index,1990,1995,0,inactive,5555,14213,0.39083937240554423
primary_assignment,Amazon,cr_balance_index,1990,1995,0,mixed,64,14213,0.0045029198620980789
primary_assignment,Amazon,cr_balance_index,1990,1995,0,replenishment_dominant,8540,14213,0.60085836909871249
primary_assignment,Amazon,cr_balance_index,1995,2000,0,consolidation_dominant,61,14213,0.0042918454935622317
primary_assignment,Amazon,cr_balance_index,1995,2000,0,inactive,4941,14213,0.34763948497854075
primary_assignment,Amazon,cr_balance_index,1995,2000,0,mixed,114,14213,0.0080208260043622033
primary_assignment,Amazon,cr_balance_index,1995,2000,0,replenishment_dominant,9097,14213,0.64004784352353483
primary_assignment,Amazon,cr_balance_index,2000,2005,0,consolidation_dominant,239,14213,0.016815591360022513
primary_assignment,Amazon,cr_balance_index,2000,2005,0,inactive,4125,14213,0.29022725673679028
primary_assignment,Amazon,cr_balance_index,2000,2005,0,mixed,252,14213,0.017730246957011187
primary_assignment,Amazon,cr_balance_index,2000,2005,0,replenishment_dominant,9597,14213,0.67522690494617599
primary_assignment,Amazon,cr_balance_index,2005,2010,0,consolidation_dominant,659,14213,0.046366002955041161
primary_assignment,Amazon,cr_balance_index,2005,2010,0,inactive,3914,14213,0.27538169281643565
primary_assignment,Amazon,cr_balance_index,2005,2010,0,mixed,370,14213,0.026032505452754519
primary_assignment,Amazon,cr_balance_index,2005,2010,0,replenishment_dominant,9270,14213,0.65221979877576863
primary_assignment,Amazon,cr_balance_index,2010,2015,0,consolidation_dominant,1244,14213,0.087525504819531419
primary_assignment,Amazon,cr_balance_index,2010,2015,0,inactive,3765,14213,0.26489833251248857
primary_assignment,Amazon,cr_balance_index,2010,2015,0,mixed,481,14213,0.033842257088580879
primary_assignment,Amazon,cr_balance_index,2010,2015,0,replenishment_dominant,8723,14213,0.61373390557939911
primary_assignment,Amazon,cr_balance_index,2015,2020,0,consolidation_dominant,1241,14213,0.087314430450995573
primary_assignment,Amazon,cr_balance_index,2015,2020,0,inactive,3459,14213,0.24336874692183214
primary_assignment,Amazon,cr_balance_index,2015,2020,0,mixed,692,14213,0.048687821008935483
primary_assignment,Amazon,cr_balance_index,2015,2020,0,replenishment_dominant,8821,14213,0.62062900161823686
primary_assignment,Amazon,cr_balance_index,2020,2025,1,consolidation_dominant,951,14213,0.066910574825863642
primary_assignment,Amazon,cr_balance_index,2020,2025,1,inactive,2707,14213,0.1904594385421797
primary_assignment,Amazon,cr_balance_index,2020,2025,1,mixed,644,14213,0.045310631112361922
primary_assignment,Amazon,cr_balance_index,2020,2025,1,replenishment_dominant,9911,14213,0.69731935551959479
primary_assignment,Cerrado,consolidation_ha,1985,1990,0,positive_high,426,10676,0.039902585237916822
primary_assignment,Cerrado,consolidation_ha,1985,1990,0,positive_low,2140,10676,0.20044960659423006
primary_assignment,Cerrado,consolidation_ha,1985,1990,0,positive_moderate,1777,10676,0.16644810790558262
primary_assignment,Cerrado,consolidation_ha,1985,1990,0,zero,6333,10676,0.59319970026227054
primary_assignment,Cerrado,consolidation_ha,1990,1995,0,positive_high,482,10676,0.045147995503934057
primary_assignment,Cerrado,consolidation_ha,1990,1995,0,positive_low,2685,10676,0.25149868864743352
primary_assignment,Cerrado,consolidation_ha,1990,1995,0,positive_moderate,2257,10676,0.21140876732858749
primary_assignment,Cerrado,consolidation_ha,1990,1995,0,zero,5252,10676,0.49194454852004493
primary_assignment,Cerrado,consolidation_ha,1995,2000,0,positive_high,543,10676,0.050861745972274261
primary_assignment,Cerrado,consolidation_ha,1995,2000,0,positive_low,3237,10676,0.30320344698388912
primary_assignment,Cerrado,consolidation_ha,1995,2000,0,positive_moderate,2405,10676,0.22527163731734731
primary_assignment,Cerrado,consolidation_ha,1995,2000,0,zero,4491,10676,0.42066316972648932
primary_assignment,Cerrado,consolidation_ha,2000,2005,0,positive_high,1039,10676,0.097321094042712622
primary_assignment,Cerrado,consolidation_ha,2000,2005,0,positive_low,3010,10676,0.2819408017984264
primary_assignment,Cerrado,consolidation_ha,2000,2005,0,positive_moderate,2574,10676,0.24110153615586363
primary_assignment,Cerrado,consolidation_ha,2000,2005,0,zero,4053,10676,0.37963656800299739
primary_assignment,Cerrado,consolidation_ha,2005,2010,0,positive_high,534,10676,0.050018733608092919
primary_assignment,Cerrado,consolidation_ha,2005,2010,0,positive_low,3503,10676,0.32811914574747097
primary_assignment,Cerrado,consolidation_ha,2005,2010,0,positive_moderate,3421,10676,0.32043836642937429
primary_assignment,Cerrado,consolidation_ha,2005,2010,0,zero,3218,10676,0.30142375421506185
primary_assignment,Cerrado,consolidation_ha,2010,2015,0,positive_high,1018,10676,0.095354065192956167
primary_assignment,Cerrado,consolidation_ha,2010,2015,0,positive_low,3312,10676,0.31022855001873362
primary_assignment,Cerrado,consolidation_ha,2010,2015,0,positive_moderate,3712,10676,0.34769576620457099
primary_assignment,Cerrado,consolidation_ha,2010,2015,0,zero,2634,10676,0.24672161858373923
primary_assignment,Cerrado,consolidation_ha,2015,2020,0,positive_high,618,10676,0.057886849007118768
primary_assignment,Cerrado,consolidation_ha,2015,2020,0,positive_low,3742,10676,0.35050580741850879
primary_assignment,Cerrado,consolidation_ha,2015,2020,0,positive_moderate,4141,10676,0.38787935556388159
primary_assignment,Cerrado,consolidation_ha,2015,2020,0,zero,2175,10676,0.20372798801049083
primary_assignment,Cerrado,consolidation_ha,2020,2025,1,positive_high,217,10676,0.020325964780816785
primary_assignment,Cerrado,consolidation_ha,2020,2025,1,positive_low,5435,10676,0.50908579992506553
primary_assignment,Cerrado,consolidation_ha,2020,2025,1,positive_moderate,2629,10676,0.24625327838141625
primary_assignment,Cerrado,consolidation_ha,2020,2025,1,zero,2395,10676,0.22433495691270139
primary_assignment,Cerrado,consolidation_rate_initial_pasture,1985,1990,0,positive_high,441,10676,0.041307605844885728
primary_assignment,Cerrado,consolidation_rate_initial_pasture,1985,1990,0,positive_low,2143,10676,0.20073061071562384
primary_assignment,Cerrado,consolidation_rate_initial_pasture,1985,1990,0,positive_moderate,1759,10676,0.16476208317721994
primary_assignment,Cerrado,consolidation_rate_initial_pasture,1985,1990,0,undefined,1069,10676,0.10013113525665043
primary_assignment,Cerrado,consolidation_rate_initial_pasture,1985,1990,0,zero,5264,10676,0.49306856500562007
primary_assignment,Cerrado,consolidation_rate_initial_pasture,1990,1995,0,positive_high,539,10676,0.050487073810415888
primary_assignment,Cerrado,consolidation_rate_initial_pasture,1990,1995,0,positive_low,2797,10676,0.26198950917946795
primary_assignment,Cerrado,consolidation_rate_initial_pasture,1990,1995,0,positive_moderate,2088,10676,0.19557886849007119
primary_assignment,Cerrado,consolidation_rate_initial_pasture,1990,1995,0,undefined,767,10676,0.071843387036343201
primary_assignment,Cerrado,consolidation_rate_initial_pasture,1990,1995,0,zero,4485,10676,0.42010116148370175
primary_assignment,Cerrado,consolidation_rate_initial_pasture,1995,2000,0,positive_high,528,10676,0.049456725365305355
primary_assignment,Cerrado,consolidation_rate_initial_pasture,1995,2000,0,positive_low,3429,10676,0.32118771075309105
primary_assignment,Cerrado,consolidation_rate_initial_pasture,1995,2000,0,positive_moderate,2228,10676,0.20869239415511429
primary_assignment,Cerrado,consolidation_rate_initial_pasture,1995,2000,0,undefined,584,10676,0.05470213563132259
primary_assignment,Cerrado,consolidation_rate_initial_pasture,1995,2000,0,zero,3907,10676,0.36596103409516673
primary_assignment,Cerrado,consolidation_rate_initial_pasture,2000,2005,0,positive_high,892,10676,0.083551892094417379
primary_assignment,Cerrado,consolidation_rate_initial_pasture,2000,2005,0,positive_low,3043,10676,0.28503184713375795
primary_assignment,Cerrado,consolidation_rate_initial_pasture,2000,2005,0,positive_moderate,2688,10676,0.25177969276882728
primary_assignment,Cerrado,consolidation_rate_initial_pasture,2000,2005,0,undefined,467,10676,0.043742974896965159
primary_assignment,Cerrado,consolidation_rate_initial_pasture,2000,2005,0,zero,3586,10676,0.33589359310603223
primary_assignment,Cerrado,consolidation_rate_initial_pasture,2005,2010,0,positive_high,583,10676,0.054608467590858002
primary_assignment,Cerrado,consolidation_rate_initial_pasture,2005,2010,0,positive_low,3637,10676,0.3406706631697265
primary_assignment,Cerrado,consolidation_rate_initial_pasture,2005,2010,0,positive_moderate,3238,10676,0.30329711502435369
primary_assignment,Cerrado,consolidation_rate_initial_pasture,2005,2010,0,undefined,357,10676,0.033439490445859872
primary_assignment,Cerrado,consolidation_rate_initial_pasture,2005,2010,0,zero,2861,10676,0.26798426376920192
primary_assignment,Cerrado,consolidation_rate_initial_pasture,2010,2015,0,positive_high,843,10676,0.078962158111652303
primary_assignment,Cerrado,consolidation_rate_initial_pasture,2010,2015,0,positive_low,3243,10676,0.30376545522667664
primary_assignment,Cerrado,consolidation_rate_initial_pasture,2010,2015,0,positive_moderate,3956,10676,0.3705507680779318
primary_assignment,Cerrado,consolidation_rate_initial_pasture,2010,2015,0,undefined,309,10676,0.028943424503559384
primary_assignment,Cerrado,consolidation_rate_initial_pasture,2010,2015,0,zero,2325,10676,0.21777819408017984
primary_assignment,Cerrado,consolidation_rate_initial_pasture,2015,2020,0,positive_high,497,10676,0.046553016110902963
primary_assignment,Cerrado,consolidation_rate_initial_pasture,2015,2020,0,positive_low,3498,10676,0.32765080554514797
primary_assignment,Cerrado,consolidation_rate_initial_pasture,2015,2020,0,positive_moderate,4506,10676,0.42206819033345822
primary_assignment,Cerrado,consolidation_rate_initial_pasture,2015,2020,0,undefined,243,10676,0.022761333832896215
primary_assignment,Cerrado,consolidation_rate_initial_pasture,2015,2020,0,zero,1932,10676,0.18096665417759461
primary_assignment,Cerrado,consolidation_rate_initial_pasture,2020,2025,1,positive_high,399,10676,0.037373548145372797
primary_assignment,Cerrado,consolidation_rate_initial_pasture,2020,2025,1,positive_low,5085,10676,0.47630198576245786
primary_assignment,Cerrado,consolidation_rate_initial_pasture,2020,2025,1,positive_moderate,2797,10676,0.26198950917946795
primary_assignment,Cerrado,consolidation_rate_initial_pasture,2020,2025,1,undefined,197,10676,0.018452603971524914
primary_assignment,Cerrado,consolidation_rate_initial_pasture,2020,2025,1,zero,2198,10676,0.20588235294117646
primary_assignment,Cerrado,replenishment_ha,1985,1990,0,positive_high,2195,10676,0.2056013488197827
primary_assignment,Cerrado,replenishment_ha,1985,1990,0,positive_low,3104,10676,0.29074559760209817
primary_assignment,Cerrado,replenishment_ha,1985,1990,0,positive_moderate,4543,10676,0.42553390783064821
primary_assignment,Cerrado,replenishment_ha,1985,1990,0,zero,834,10676,0.078119145747470961
primary_assignment,Cerrado,replenishment_ha,1990,1995,0,positive_high,1431,10676,0.13403896590483327
primary_assignment,Cerrado,replenishment_ha,1990,1995,0,positive_low,3455,10676,0.32362307980517047
primary_assignment,Cerrado,replenishment_ha,1990,1995,0,positive_moderate,5148,10676,0.48220307231172727
primary_assignment,Cerrado,replenishment_ha,1990,1995,0,zero,642,10676,0.060134881978269016
primary_assignment,Cerrado,replenishment_ha,1995,2000,0,positive_high,700,10676,0.065567628325215441
primary_assignment,Cerrado,replenishment_ha,1995,2000,0,positive_low,4075,10676,0.38169726489321842
primary_assignment,Cerrado,replenishment_ha,1995,2000,0,positive_moderate,5376,10676,0.50355938553765456
primary_assignment,Cerrado,replenishment_ha,1995,2000,0,zero,525,10676,0.049175721243911577
primary_assignment,Cerrado,replenishment_ha,2000,2005,0,positive_high,574,10676,0.05376545522667666
primary_assignment,Cerrado,replenishment_ha,2000,2005,0,positive_low,4389,10676,0.41110902959910078
primary_assignment,Cerrado,replenishment_ha,2000,2005,0,positive_moderate,5313,10676,0.49765829898838515
primary_assignment,Cerrado,replenishment_ha,2000,2005,0,zero,400,10676,0.037467216185837392
primary_assignment,Cerrado,replenishment_ha,2005,2010,0,positive_high,129,10676,0.012083177219932559
primary_assignment,Cerrado,replenishment_ha,2005,2010,0,positive_low,5671,10676,0.53119145747470964
primary_assignment,Cerrado,replenishment_ha,2005,2010,0,positive_moderate,4501,10676,0.42159985013113527
primary_assignment,Cerrado,replenishment_ha,2005,2010,0,zero,375,10676,0.035125515174222556
primary_assignment,Cerrado,replenishment_ha,2010,2015,0,positive_high,263,10676,0.024634694642188086
primary_assignment,Cerrado,replenishment_ha,2010,2015,0,positive_low,5896,10676,0.55226676657924312
primary_assignment,Cerrado,replenishment_ha,2010,2015,0,positive_moderate,4222,10676,0.39546646684151365
primary_assignment,Cerrado,replenishment_ha,2010,2015,0,zero,295,10676,0.027632071937055077
primary_assignment,Cerrado,replenishment_ha,2015,2020,0,positive_high,144,10676,0.013488197826901461
primary_assignment,Cerrado,replenishment_ha,2015,2020,0,positive_low,6157,10676,0.57671412514050202
primary_assignment,Cerrado,replenishment_ha,2015,2020,0,positive_moderate,4113,10676,0.38525665043087298
primary_assignment,Cerrado,replenishment_ha,2015,2020,0,zero,262,10676,0.024541026601723491
primary_assignment,Cerrado,replenishment_ha,2020,2025,1,positive_high,310,10676,0.029037092544023979
primary_assignment,Cerrado,replenishment_ha,2020,2025,1,positive_low,5497,10676,0.51489321843387037
primary_assignment,Cerrado,replenishment_ha,2020,2025,1,positive_moderate,4688,10676,0.43911577369801424
primary_assignment,Cerrado,replenishment_ha,2020,2025,1,zero,181,10676,0.01695391532409142
primary_assignment,Cerrado,replenishment_rate_initial_native,1985,1990,0,positive_high,2572,10676,0.24091420007493444
primary_assignment,Cerrado,replenishment_rate_initial_native,1985,1990,0,positive_low,3449,10676,0.3230610715623829
primary_assignment,Cerrado,replenishment_rate_initial_native,1985,1990,0,positive_moderate,3821,10676,0.35790558261521171
primary_assignment,Cerrado,replenishment_rate_initial_native,1985,1990,0,undefined,3,10676,0.00028100412139378045
primary_assignment,Cerrado,replenishment_rate_initial_native,1985,1990,0,zero,831,10676,0.077838141626077176
primary_assignment,Cerrado,replenishment_rate_initial_native,1990,1995,0,positive_high,1554,10676,0.14556013488197828
primary_assignment,Cerrado,replenishment_rate_initial_native,1990,1995,0,positive_low,3399,10676,0.31837766953915325
primary_assignment,Cerrado,replenishment_rate_initial_native,1990,1995,0,positive_moderate,5081,10676,0.47592731360059948
primary_assignment,Cerrado,replenishment_rate_initial_native,1990,1995,0,undefined,4,10676,0.00037467216185837392
primary_assignment,Cerrado,replenishment_rate_initial_native,1990,1995,0,zero,638,10676,0.059760209816410642
primary_assignment,Cerrado,replenishment_rate_initial_native,1995,2000,0,positive_high,830,10676,0.077744473585612595
primary_assignment,Cerrado,replenishment_rate_initial_native,1995,2000,0,positive_low,3744,10676,0.35069314349943798
primary_assignment,Cerrado,replenishment_rate_initial_native,1995,2000,0,positive_moderate,5577,10676,0.52238666167103787
primary_assignment,Cerrado,replenishment_rate_initial_native,1995,2000,0,undefined,4,10676,0.00037467216185837392
primary_assignment,Cerrado,replenishment_rate_initial_native,1995,2000,0,zero,521,10676,0.048801049082053204
primary_assignment,Cerrado,replenishment_rate_initial_native,2000,2005,0,positive_high,708,10676,0.066316972648932188
primary_assignment,Cerrado,replenishment_rate_initial_native,2000,2005,0,positive_low,4029,10676,0.37738853503184716
primary_assignment,Cerrado,replenishment_rate_initial_native,2000,2005,0,positive_moderate,5539,10676,0.51882727613338331
primary_assignment,Cerrado,replenishment_rate_initial_native,2000,2005,0,undefined,3,10676,0.00028100412139378045
primary_assignment,Cerrado,replenishment_rate_initial_native,2000,2005,0,zero,397,10676,0.037186212064443613
primary_assignment,Cerrado,replenishment_rate_initial_native,2005,2010,0,positive_high,180,10676,0.016860247283626825
primary_assignment,Cerrado,replenishment_rate_initial_native,2005,2010,0,positive_low,5098,10676,0.47751967028849757
primary_assignment,Cerrado,replenishment_rate_initial_native,2005,2010,0,positive_moderate,5023,10676,0.47049456725365307
primary_assignment,Cerrado,replenishment_rate_initial_native,2005,2010,0,undefined,4,10676,0.00037467216185837392
primary_assignment,Cerrado,replenishment_rate_initial_native,2005,2010,0,zero,371,10676,0.034750843012364183
primary_assignment,Cerrado,replenishment_rate_initial_native,2010,2015,0,positive_high,237,10676,0.022199325590108655
primary_assignment,Cerrado,replenishment_rate_initial_native,2010,2015,0,positive_low,5520,10676,0.51704758336455603
primary_assignment,Cerrado,replenishment_rate_initial_native,2010,2015,0,positive_moderate,4624,10676,0.43312101910828027
primary_assignment,Cerrado,replenishment_rate_initial_native,2010,2015,0,undefined,5,10676,0.00046834020232296739
primary_assignment,Cerrado,replenishment_rate_initial_native,2010,2015,0,zero,290,10676,0.027163731734732108
primary_assignment,Cerrado,replenishment_rate_initial_native,2015,2020,0,positive_high,129,10676,0.012083177219932559
primary_assignment,Cerrado,replenishment_rate_initial_native,2015,2020,0,positive_low,5546,10676,0.51948295241663545
primary_assignment,Cerrado,replenishment_rate_initial_native,2015,2020,0,positive_moderate,4739,10676,0.44389284376170851
primary_assignment,Cerrado,replenishment_rate_initial_native,2015,2020,0,undefined,4,10676,0.00037467216185837392
primary_assignment,Cerrado,replenishment_rate_initial_native,2015,2020,0,zero,258,10676,0.024166354439865118
primary_assignment,Cerrado,replenishment_rate_initial_native,2020,2025,1,positive_high,261,10676,0.024447358561258899
primary_assignment,Cerrado,replenishment_rate_initial_native,2020,2025,1,positive_low,4781,10676,0.44782690146122145
primary_assignment,Cerrado,replenishment_rate_initial_native,2020,2025,1,positive_moderate,5453,10676,0.5107718246534283
primary_assignment,Cerrado,replenishment_rate_initial_native,2020,2025,1,undefined,4,10676,0.00037467216185837392
primary_assignment,Cerrado,replenishment_rate_initial_native,2020,2025,1,zero,177,10676,0.016579243162233047
primary_assignment,Cerrado,nat_tmp_endpoint_ha,1985,1990,0,positive_high,829,10676,0.077650805545147999
primary_assignment,Cerrado,nat_tmp_endpoint_ha,1985,1990,0,positive_low,1539,10676,0.14415511427500938
primary_assignment,Cerrado,nat_tmp_endpoint_ha,1985,1990,0,positive_moderate,2251,10676,0.21084675908579992
primary_assignment,Cerrado,nat_tmp_endpoint_ha,1985,1990,0,zero,6057,10676,0.56734732109404273
primary_assignment,Cerrado,nat_tmp_endpoint_ha,1990,1995,0,positive_high,694,10676,0.06500562008242787
primary_assignment,Cerrado,nat_tmp_endpoint_ha,1990,1995,0,positive_low,2028,10676,0.18995878606219557
primary_assignment,Cerrado,nat_tmp_endpoint_ha,1990,1995,0,positive_moderate,2337,10676,0.21890221056575496
primary_assignment,Cerrado,nat_tmp_endpoint_ha,1990,1995,0,zero,5617,10676,0.52613338328962156
primary_assignment,Cerrado,nat_tmp_endpoint_ha,1995,2000,0,positive_high,599,10676,0.056107156238291496
primary_assignment,Cerrado,nat_tmp_endpoint_ha,1995,2000,0,positive_low,2890,10676,0.27070063694267515
primary_assignment,Cerrado,nat_tmp_endpoint_ha,1995,2000,0,positive_moderate,1951,10676,0.18274634694642189
primary_assignment,Cerrado,nat_tmp_endpoint_ha,1995,2000,0,zero,5236,10676,0.49044585987261147
primary_assignment,Cerrado,nat_tmp_endpoint_ha,2000,2005,0,positive_high,899,10676,0.084207568377669545
primary_assignment,Cerrado,nat_tmp_endpoint_ha,2000,2005,0,positive_low,2616,10676,0.24503559385537654
primary_assignment,Cerrado,nat_tmp_endpoint_ha,2000,2005,0,positive_moderate,2458,10676,0.23023604346197077
primary_assignment,Cerrado,nat_tmp_endpoint_ha,2000,2005,0,zero,4703,10676,0.44052079430498314
primary_assignment,Cerrado,nat_tmp_endpoint_ha,2005,2010,0,positive_high,459,10676,0.042993630573248405
primary_assignment,Cerrado,nat_tmp_endpoint_ha,2005,2010,0,positive_low,3516,10676,0.32933683027351068
primary_assignment,Cerrado,nat_tmp_endpoint_ha,2005,2010,0,positive_moderate,2521,10676,0.23613713001124018
primary_assignment,Cerrado,nat_tmp_endpoint_ha,2005,2010,0,zero,4180,10676,0.39153240914200077
primary_assignment,Cerrado,nat_tmp_endpoint_ha,2010,2015,0,positive_high,661,10676,0.061914574747096288
primary_assignment,Cerrado,nat_tmp_endpoint_ha,2010,2015,0,positive_low,3615,10676,0.33860996627950546
primary_assignment,Cerrado,nat_tmp_endpoint_ha,2010,2015,0,positive_moderate,2912,10676,0.27276133383289619
primary_assignment,Cerrado,nat_tmp_endpoint_ha,2010,2015,0,zero,3488,10676,0.32671412514050208
primary_assignment,Cerrado,nat_tmp_endpoint_ha,2015,2020,0,positive_high,317,10676,0.029692768827276134
primary_assignment,Cerrado,nat_tmp_endpoint_ha,2015,2020,0,positive_low,4052,10676,0.37954289996253276
primary_assignment,Cerrado,nat_tmp_endpoint_ha,2015,2020,0,positive_moderate,2955,10676,0.27678905957287375
primary_assignment,Cerrado,nat_tmp_endpoint_ha,2015,2020,0,zero,3352,10676,0.31397527163731737
primary_assignment,Cerrado,nat_tmp_endpoint_ha,2020,2025,1,positive_high,285,10676,0.026695391532409143
primary_assignment,Cerrado,nat_tmp_endpoint_ha,2020,2025,1,positive_low,4755,10676,0.44539153240914198
primary_assignment,Cerrado,nat_tmp_endpoint_ha,2020,2025,1,positive_moderate,2175,10676,0.20372798801049083
primary_assignment,Cerrado,nat_tmp_endpoint_ha,2020,2025,1,zero,3461,10676,0.32418508804795804
primary_assignment,Cerrado,nat_tmp_intensity_initial_native,1985,1990,0,positive_high,951,10676,0.089078306481828406
primary_assignment,Cerrado,nat_tmp_intensity_initial_native,1985,1990,0,positive_low,1635,10676,0.15314724615961034
primary_assignment,Cerrado,nat_tmp_intensity_initial_native,1985,1990,0,positive_moderate,2033,10676,0.19042712626451855
primary_assignment,Cerrado,nat_tmp_intensity_initial_native,1985,1990,0,undefined,3,10676,0.00028100412139378045
primary_assignment,Cerrado,nat_tmp_intensity_initial_native,1985,1990,0,zero,6054,10676,0.56706631697264898
primary_assignment,Cerrado,nat_tmp_intensity_initial_native,1990,1995,0,positive_high,743,10676,0.06959535406519296
primary_assignment,Cerrado,nat_tmp_intensity_initial_native,1990,1995,0,positive_low,2049,10676,0.19192581491195204
primary_assignment,Cerrado,nat_tmp_intensity_initial_native,1990,1995,0,positive_moderate,2267,10676,0.21234544773323341
primary_assignment,Cerrado,nat_tmp_intensity_initial_native,1990,1995,0,undefined,4,10676,0.00037467216185837392
primary_assignment,Cerrado,nat_tmp_intensity_initial_native,1990,1995,0,zero,5613,10676,0.52575871112776318
primary_assignment,Cerrado,nat_tmp_intensity_initial_native,1995,2000,0,positive_high,630,10676,0.059010865492693895
primary_assignment,Cerrado,nat_tmp_intensity_initial_native,1995,2000,0,positive_low,2800,10676,0.26227051330086176
primary_assignment,Cerrado,nat_tmp_intensity_initial_native,1995,2000,0,positive_moderate,2010,10676,0.18827276133383289
primary_assignment,Cerrado,nat_tmp_intensity_initial_native,1995,2000,0,undefined,4,10676,0.00037467216185837392
primary_assignment,Cerrado,nat_tmp_intensity_initial_native,1995,2000,0,zero,5232,10676,0.49007118771075309
primary_assignment,Cerrado,nat_tmp_intensity_initial_native,2000,2005,0,positive_high,930,10676,0.087111277632071937
primary_assignment,Cerrado,nat_tmp_intensity_initial_native,2000,2005,0,positive_low,2551,10676,0.23894717122517797
primary_assignment,Cerrado,nat_tmp_intensity_initial_native,2000,2005,0,positive_moderate,2492,10676,0.23342075683776695
primary_assignment,Cerrado,nat_tmp_intensity_initial_native,2000,2005,0,undefined,3,10676,0.00028100412139378045
primary_assignment,Cerrado,nat_tmp_intensity_initial_native,2000,2005,0,zero,4700,10676,0.44023979018358939
primary_assignment,Cerrado,nat_tmp_intensity_initial_native,2005,2010,0,positive_high,414,10676,0.038778568752341702
primary_assignment,Cerrado,nat_tmp_intensity_initial_native,2005,2010,0,positive_low,3291,10676,0.30826152116897715
primary_assignment,Cerrado,nat_tmp_intensity_initial_native,2005,2010,0,positive_moderate,2791,10676,0.26142750093668038
primary_assignment,Cerrado,nat_tmp_intensity_initial_native,2005,2010,0,undefined,4,10676,0.00037467216185837392
primary_assignment,Cerrado,nat_tmp_intensity_initial_native,2005,2010,0,zero,4176,10676,0.39115773698014239
primary_assignment,Cerrado,nat_tmp_intensity_initial_native,2010,2015,0,positive_high,606,10676,0.056762832521543648
primary_assignment,Cerrado,nat_tmp_intensity_initial_native,2010,2015,0,positive_low,3364,10676,0.31509928812289245
primary_assignment,Cerrado,nat_tmp_intensity_initial_native,2010,2015,0,positive_moderate,3218,10676,0.30142375421506185
primary_assignment,Cerrado,nat_tmp_intensity_initial_native,2010,2015,0,undefined,5,10676,0.00046834020232296739
primary_assignment,Cerrado,nat_tmp_intensity_initial_native,2010,2015,0,zero,3483,10676,0.32624578493817907
primary_assignment,Cerrado,nat_tmp_intensity_initial_native,2015,2020,0,positive_high,282,10676,0.026414387411015362
primary_assignment,Cerrado,nat_tmp_intensity_initial_native,2015,2020,0,positive_low,3710,10676,0.3475084301236418
primary_assignment,Cerrado,nat_tmp_intensity_initial_native,2015,2020,0,positive_moderate,3332,10676,0.31210191082802546
primary_assignment,Cerrado,nat_tmp_intensity_initial_native,2015,2020,0,undefined,4,10676,0.00037467216185837392
primary_assignment,Cerrado,nat_tmp_intensity_initial_native,2015,2020,0,zero,3348,10676,0.31360059947545899
primary_assignment,Cerrado,nat_tmp_intensity_initial_native,2020,2025,1,positive_high,270,10676,0.025290370925440241
primary_assignment,Cerrado,nat_tmp_intensity_initial_native,2020,2025,1,positive_low,4292,10676,0.4020232296740352
primary_assignment,Cerrado,nat_tmp_intensity_initial_native,2020,2025,1,positive_moderate,2653,10676,0.24850131135256651
primary_assignment,Cerrado,nat_tmp_intensity_initial_native,2020,2025,1,undefined,4,10676,0.00037467216185837392
primary_assignment,Cerrado,nat_tmp_intensity_initial_native,2020,2025,1,zero,3457,10676,0.32381041588609966
primary_assignment,Cerrado,nat_tmp_pas_any_ha,1985,1990,0,positive_high,788,10676,0.073810415886099656
primary_assignment,Cerrado,nat_tmp_pas_any_ha,1985,1990,0,positive_low,1092,10676,0.10228550018733608
primary_assignment,Cerrado,nat_tmp_pas_any_ha,1985,1990,0,positive_moderate,1962,10676,0.18377669539153241
primary_assignment,Cerrado,nat_tmp_pas_any_ha,1985,1990,0,zero,6834,10676,0.64012738853503182
primary_assignment,Cerrado,nat_tmp_pas_any_ha,1990,1995,0,positive_high,482,10676,0.045147995503934057
primary_assignment,Cerrado,nat_tmp_pas_any_ha,1990,1995,0,positive_low,1687,10676,0.1580179842637692
primary_assignment,Cerrado,nat_tmp_pas_any_ha,1990,1995,0,positive_moderate,1988,10676,0.18621206444361185
primary_assignment,Cerrado,nat_tmp_pas_any_ha,1990,1995,0,zero,6519,10676,0.61062195578868494
primary_assignment,Cerrado,nat_tmp_pas_any_ha,1995,2000,0,positive_high,330,10676,0.03091045335331585
primary_assignment,Cerrado,nat_tmp_pas_any_ha,1995,2000,0,positive_low,2053,10676,0.19230048707381042
primary_assignment,Cerrado,nat_tmp_pas_any_ha,1995,2000,0,positive_moderate,1691,10676,0.15839265642562758
primary_assignment,Cerrado,nat_tmp_pas_any_ha,1995,2000,0,zero,6602,10676,0.6183964031472462
primary_assignment,Cerrado,nat_tmp_pas_any_ha,2000,2005,0,positive_high,573,10676,0.053671787186212065
primary_assignment,Cerrado,nat_tmp_pas_any_ha,2000,2005,0,positive_low,2088,10676,0.19557886849007119
primary_assignment,Cerrado,nat_tmp_pas_any_ha,2000,2005,0,positive_moderate,1775,10676,0.16626077182465343
primary_assignment,Cerrado,nat_tmp_pas_any_ha,2000,2005,0,zero,6240,10676,0.58448857249906327
primary_assignment,Cerrado,nat_tmp_pas_any_ha,2005,2010,0,positive_high,304,10676,0.028475084301236419
primary_assignment,Cerrado,nat_tmp_pas_any_ha,2005,2010,0,positive_low,2729,10676,0.25562008242787559
primary_assignment,Cerrado,nat_tmp_pas_any_ha,2005,2010,0,positive_moderate,1770,10676,0.16579243162233046
primary_assignment,Cerrado,nat_tmp_pas_any_ha,2005,2010,0,zero,5873,10676,0.55011240164855746
primary_assignment,Cerrado,nat_tmp_pas_any_ha,2010,2015,0,positive_high,573,10676,0.053671787186212065
primary_assignment,Cerrado,nat_tmp_pas_any_ha,2010,2015,0,positive_low,2884,10676,0.27013862869988758
primary_assignment,Cerrado,nat_tmp_pas_any_ha,2010,2015,0,positive_moderate,2145,10676,0.200917946796553
primary_assignment,Cerrado,nat_tmp_pas_any_ha,2010,2015,0,zero,5074,10676,0.47527163731734734
primary_assignment,Cerrado,nat_tmp_pas_any_ha,2015,2020,0,positive_high,338,10676,0.031659797677032593
primary_assignment,Cerrado,nat_tmp_pas_any_ha,2015,2020,0,positive_low,3160,10676,0.29599100786811539
primary_assignment,Cerrado,nat_tmp_pas_any_ha,2015,2020,0,positive_moderate,1733,10676,0.16232671412514049
primary_assignment,Cerrado,nat_tmp_pas_any_ha,2015,2020,0,zero,5445,10676,0.51002248032971154
primary_assignment,Cerrado,nat_tmp_pas_any_ha,2020,2025,1,positive_high,171,10676,0.016017234919445487
primary_assignment,Cerrado,nat_tmp_pas_any_ha,2020,2025,1,positive_low,2996,10676,0.28062944923192207
primary_assignment,Cerrado,nat_tmp_pas_any_ha,2020,2025,1,positive_moderate,799,10676,0.074840764331210188
primary_assignment,Cerrado,nat_tmp_pas_any_ha,2020,2025,1,zero,6710,10676,0.62851255151742225
primary_assignment,Cerrado,nat_tmp_pas_any_share_endpoint,1985,1990,0,low_support,1774,10676,0.16616710378418884
primary_assignment,Cerrado,nat_tmp_pas_any_share_endpoint,1985,1990,0,not_applicable,6057,10676,0.56734732109404273
primary_assignment,Cerrado,nat_tmp_pas_any_share_endpoint,1985,1990,0,positive_high,458,10676,0.042899962532783817
primary_assignment,Cerrado,nat_tmp_pas_any_share_endpoint,1985,1990,0,positive_low,1041,10676,0.097508430123641812
primary_assignment,Cerrado,nat_tmp_pas_any_share_endpoint,1985,1990,0,positive_moderate,1069,10676,0.10013113525665043
primary_assignment,Cerrado,nat_tmp_pas_any_share_endpoint,1985,1990,0,zero,277,10676,0.025946047208692393
primary_assignment,Cerrado,nat_tmp_pas_any_share_endpoint,1990,1995,0,low_support,2372,10676,0.22218059198201573
primary_assignment,Cerrado,nat_tmp_pas_any_share_endpoint,1990,1995,0,not_applicable,5617,10676,0.52613338328962156
primary_assignment,Cerrado,nat_tmp_pas_any_share_endpoint,1990,1995,0,positive_high,292,10676,0.027351067815661295
primary_assignment,Cerrado,nat_tmp_pas_any_share_endpoint,1990,1995,0,positive_low,1175,10676,0.11005994754589735
primary_assignment,Cerrado,nat_tmp_pas_any_share_endpoint,1990,1995,0,positive_moderate,975,10676,0.091326339452978647
primary_assignment,Cerrado,nat_tmp_pas_any_share_endpoint,1990,1995,0,zero,245,10676,0.022948669913825402
primary_assignment,Cerrado,nat_tmp_pas_any_share_endpoint,1995,2000,0,low_support,3276,10676,0.30685650056200825
primary_assignment,Cerrado,nat_tmp_pas_any_share_endpoint,1995,2000,0,not_applicable,5236,10676,0.49044585987261147
primary_assignment,Cerrado,nat_tmp_pas_any_share_endpoint,1995,2000,0,positive_high,177,10676,0.016579243162233047
primary_assignment,Cerrado,nat_tmp_pas_any_share_endpoint,1995,2000,0,positive_low,996,10676,0.093293368302735102
primary_assignment,Cerrado,nat_tmp_pas_any_share_endpoint,1995,2000,0,positive_moderate,742,10676,0.069501686024728365
primary_assignment,Cerrado,nat_tmp_pas_any_share_endpoint,1995,2000,0,zero,249,10676,0.023323342075683776
primary_assignment,Cerrado,nat_tmp_pas_any_share_endpoint,2000,2005,0,low_support,3035,10676,0.28428250281004119
primary_assignment,Cerrado,nat_tmp_pas_any_share_endpoint,2000,2005,0,not_applicable,4703,10676,0.44052079430498314
primary_assignment,Cerrado,nat_tmp_pas_any_share_endpoint,2000,2005,0,positive_high,177,10676,0.016579243162233047
primary_assignment,Cerrado,nat_tmp_pas_any_share_endpoint,2000,2005,0,positive_low,1271,10676,0.11905207943049831
primary_assignment,Cerrado,nat_tmp_pas_any_share_endpoint,2000,2005,0,positive_moderate,1078,10676,0.10097414762083178
primary_assignment,Cerrado,nat_tmp_pas_any_share_endpoint,2000,2005,0,zero,412,10676,0.038591232671412512
primary_assignment,Cerrado,nat_tmp_pas_any_share_endpoint,2005,2010,0,low_support,4069,10676,0.38113525665043085
primary_assignment,Cerrado,nat_tmp_pas_any_share_endpoint,2005,2010,0,not_applicable,4180,10676,0.39153240914200077
primary_assignment,Cerrado,nat_tmp_pas_any_share_endpoint,2005,2010,0,positive_high,222,10676,0.020794304983139753
primary_assignment,Cerrado,nat_tmp_pas_any_share_endpoint,2005,2010,0,positive_low,1042,10676,0.097602098164106407
primary_assignment,Cerrado,nat_tmp_pas_any_share_endpoint,2005,2010,0,positive_moderate,836,10676,0.078306481828400151
primary_assignment,Cerrado,nat_tmp_pas_any_share_endpoint,2005,2010,0,zero,327,10676,0.030629449231922068
primary_assignment,Cerrado,nat_tmp_pas_any_share_endpoint,2010,2015,0,low_support,4198,10676,0.39321843387036343
primary_assignment,Cerrado,nat_tmp_pas_any_share_endpoint,2010,2015,0,not_applicable,3488,10676,0.32671412514050208
primary_assignment,Cerrado,nat_tmp_pas_any_share_endpoint,2010,2015,0,positive_high,299,10676,0.02800674409891345
primary_assignment,Cerrado,nat_tmp_pas_any_share_endpoint,2010,2015,0,positive_low,1026,10676,0.096103409516672914
primary_assignment,Cerrado,nat_tmp_pas_any_share_endpoint,2010,2015,0,positive_moderate,1276,10676,0.11952041963282128
primary_assignment,Cerrado,nat_tmp_pas_any_share_endpoint,2010,2015,0,zero,389,10676,0.036436867740726867
primary_assignment,Cerrado,nat_tmp_pas_any_share_endpoint,2015,2020,0,low_support,4679,10676,0.43827276133383292
primary_assignment,Cerrado,nat_tmp_pas_any_share_endpoint,2015,2020,0,not_applicable,3352,10676,0.31397527163731737
primary_assignment,Cerrado,nat_tmp_pas_any_share_endpoint,2015,2020,0,positive_high,167,10676,0.01564256275758711
primary_assignment,Cerrado,nat_tmp_pas_any_share_endpoint,2015,2020,0,positive_low,1183,10676,0.11080929186961409
primary_assignment,Cerrado,nat_tmp_pas_any_share_endpoint,2015,2020,0,positive_moderate,1061,10676,0.099381790932933686
primary_assignment,Cerrado,nat_tmp_pas_any_share_endpoint,2015,2020,0,zero,234,10676,0.021918321468714873
primary_assignment,Cerrado,nat_tmp_pas_any_share_endpoint,2020,2025,1,low_support,5386,10676,0.50449606594230045
primary_assignment,Cerrado,nat_tmp_pas_any_share_endpoint,2020,2025,1,not_applicable,3461,10676,0.32418508804795804
primary_assignment,Cerrado,nat_tmp_pas_any_share_endpoint,2020,2025,1,positive_high,94,10676,0.0088047958036717878
primary_assignment,Cerrado,nat_tmp_pas_any_share_endpoint,2020,2025,1,positive_low,964,10676,0.090295991007868115
primary_assignment,Cerrado,nat_tmp_pas_any_share_endpoint,2020,2025,1,positive_moderate,451,10676,0.042244286249531658
primary_assignment,Cerrado,nat_tmp_pas_any_share_endpoint,2020,2025,1,zero,320,10676,0.029973772948669913
primary_assignment,Cerrado,nat_tmp_pas_consecutive2_ha,1985,1990,0,positive_high,750,10676,0.070251030348445112
primary_assignment,Cerrado,nat_tmp_pas_consecutive2_ha,1985,1990,0,positive_low,1113,10676,0.10425252903709255
primary_assignment,Cerrado,nat_tmp_pas_consecutive2_ha,1985,1990,0,positive_moderate,1922,10676,0.18002997377294866
primary_assignment,Cerrado,nat_tmp_pas_consecutive2_ha,1985,1990,0,zero,6891,10676,0.64546646684151365
primary_assignment,Cerrado,nat_tmp_pas_consecutive2_ha,1990,1995,0,positive_high,452,10676,0.042337954289996253
primary_assignment,Cerrado,nat_tmp_pas_consecutive2_ha,1990,1995,0,positive_low,1658,10676,0.155301611090296
primary_assignment,Cerrado,nat_tmp_pas_consecutive2_ha,1990,1995,0,positive_moderate,1912,10676,0.17909329336830274
primary_assignment,Cerrado,nat_tmp_pas_consecutive2_ha,1990,1995,0,zero,6654,10676,0.62326714125140503
primary_assignment,Cerrado,nat_tmp_pas_consecutive2_ha,1995,2000,0,positive_high,308,10676,0.028849756463094792
primary_assignment,Cerrado,nat_tmp_pas_consecutive2_ha,1995,2000,0,positive_low,1989,10676,0.18630573248407642
primary_assignment,Cerrado,nat_tmp_pas_consecutive2_ha,1995,2000,0,positive_moderate,1601,10676,0.14996253278381416
primary_assignment,Cerrado,nat_tmp_pas_consecutive2_ha,1995,2000,0,zero,6778,10676,0.6348819782690146
primary_assignment,Cerrado,nat_tmp_pas_consecutive2_ha,2000,2005,0,positive_high,545,10676,0.051049082053203444
primary_assignment,Cerrado,nat_tmp_pas_consecutive2_ha,2000,2005,0,positive_low,1952,10676,0.18284001498688648
primary_assignment,Cerrado,nat_tmp_pas_consecutive2_ha,2000,2005,0,positive_moderate,1699,10676,0.15914200074934431
primary_assignment,Cerrado,nat_tmp_pas_consecutive2_ha,2000,2005,0,zero,6480,10676,0.60696890221056576
primary_assignment,Cerrado,nat_tmp_pas_consecutive2_ha,2005,2010,0,positive_high,288,10676,0.026976395653802922
primary_assignment,Cerrado,nat_tmp_pas_consecutive2_ha,2005,2010,0,positive_low,2573,10676,0.24100786811539904
primary_assignment,Cerrado,nat_tmp_pas_consecutive2_ha,2005,2010,0,positive_moderate,1652,10676,0.15473960284750843
primary_assignment,Cerrado,nat_tmp_pas_consecutive2_ha,2005,2010,0,zero,6163,10676,0.57727613338328965
primary_assignment,Cerrado,nat_tmp_pas_consecutive2_ha,2010,2015,0,positive_high,547,10676,0.051236418134132634
primary_assignment,Cerrado,nat_tmp_pas_consecutive2_ha,2010,2015,0,positive_low,2666,10676,0.24971899587860621
primary_assignment,Cerrado,nat_tmp_pas_consecutive2_ha,2010,2015,0,positive_moderate,2035,10676,0.19061446234544774
primary_assignment,Cerrado,nat_tmp_pas_consecutive2_ha,2010,2015,0,zero,5428,10676,0.50843012364181339
primary_assignment,Cerrado,nat_tmp_pas_consecutive2_ha,2015,2020,0,positive_high,321,10676,0.030067440989134508
primary_assignment,Cerrado,nat_tmp_pas_consecutive2_ha,2015,2020,0,positive_low,2885,10676,0.27023229674035221
primary_assignment,Cerrado,nat_tmp_pas_consecutive2_ha,2015,2020,0,positive_moderate,1579,10676,0.1479018358935931
primary_assignment,Cerrado,nat_tmp_pas_consecutive2_ha,2015,2020,0,zero,5891,10676,0.55179842637692023
primary_assignment,Cerrado,nat_tmp_pas_consecutive2_ha,2020,2025,1,positive_high,160,10676,0.014986886474334956
primary_assignment,Cerrado,nat_tmp_pas_consecutive2_ha,2020,2025,1,positive_low,2638,10676,0.24709629074559761
primary_assignment,Cerrado,nat_tmp_pas_consecutive2_ha,2020,2025,1,positive_moderate,754,10676,0.070625702510303479
primary_assignment,Cerrado,nat_tmp_pas_consecutive2_ha,2020,2025,1,zero,7124,10676,0.667291120269764
primary_assignment,Cerrado,nat_tmp_pas_consecutive2_share_endpoint,1985,1990,0,low_support,1774,10676,0.16616710378418884
primary_assignment,Cerrado,nat_tmp_pas_consecutive2_share_endpoint,1985,1990,0,not_applicable,6057,10676,0.56734732109404273
primary_assignment,Cerrado,nat_tmp_pas_consecutive2_share_endpoint,1985,1990,0,positive_high,451,10676,0.042244286249531658
primary_assignment,Cerrado,nat_tmp_pas_consecutive2_share_endpoint,1985,1990,0,positive_low,1033,10676,0.096759085799925065
primary_assignment,Cerrado,nat_tmp_pas_consecutive2_share_endpoint,1985,1990,0,positive_moderate,1070,10676,0.10022480329711503
primary_assignment,Cerrado,nat_tmp_pas_consecutive2_share_endpoint,1985,1990,0,zero,291,10676,0.027257399775196704
primary_assignment,Cerrado,nat_tmp_pas_consecutive2_share_endpoint,1990,1995,0,low_support,2372,10676,0.22218059198201573
primary_assignment,Cerrado,nat_tmp_pas_consecutive2_share_endpoint,1990,1995,0,not_applicable,5617,10676,0.52613338328962156
primary_assignment,Cerrado,nat_tmp_pas_consecutive2_share_endpoint,1990,1995,0,positive_high,291,10676,0.027257399775196704
primary_assignment,Cerrado,nat_tmp_pas_consecutive2_share_endpoint,1990,1995,0,positive_low,1148,10676,0.10753091045335332
primary_assignment,Cerrado,nat_tmp_pas_consecutive2_share_endpoint,1990,1995,0,positive_moderate,956,10676,0.089546646684151368
primary_assignment,Cerrado,nat_tmp_pas_consecutive2_share_endpoint,1990,1995,0,zero,292,10676,0.027351067815661295
primary_assignment,Cerrado,nat_tmp_pas_consecutive2_share_endpoint,1995,2000,0,low_support,3276,10676,0.30685650056200825
primary_assignment,Cerrado,nat_tmp_pas_consecutive2_share_endpoint,1995,2000,0,not_applicable,5236,10676,0.49044585987261147
primary_assignment,Cerrado,nat_tmp_pas_consecutive2_share_endpoint,1995,2000,0,positive_high,176,10676,0.016485575121768452
primary_assignment,Cerrado,nat_tmp_pas_consecutive2_share_endpoint,1995,2000,0,positive_low,980,10676,0.091794679655301609
primary_assignment,Cerrado,nat_tmp_pas_consecutive2_share_endpoint,1995,2000,0,positive_moderate,721,10676,0.067534657174971896
primary_assignment,Cerrado,nat_tmp_pas_consecutive2_share_endpoint,1995,2000,0,zero,287,10676,0.02688272761333833
primary_assignment,Cerrado,nat_tmp_pas_consecutive2_share_endpoint,2000,2005,0,low_support,3035,10676,0.28428250281004119
primary_assignment,Cerrado,nat_tmp_pas_consecutive2_share_endpoint,2000,2005,0,not_applicable,4703,10676,0.44052079430498314
primary_assignment,Cerrado,nat_tmp_pas_consecutive2_share_endpoint,2000,2005,0,positive_high,173,10676,0.016204571000374673
primary_assignment,Cerrado,nat_tmp_pas_consecutive2_share_endpoint,2000,2005,0,positive_low,1230,10676,0.11521168977144998
primary_assignment,Cerrado,nat_tmp_pas_consecutive2_share_endpoint,2000,2005,0,positive_moderate,1068,10676,0.10003746721618584
primary_assignment,Cerrado,nat_tmp_pas_consecutive2_share_endpoint,2000,2005,0,zero,467,10676,0.043742974896965159
primary_assignment,Cerrado,nat_tmp_pas_consecutive2_share_endpoint,2005,2010,0,low_support,4069,10676,0.38113525665043085
primary_assignment,Cerrado,nat_tmp_pas_consecutive2_share_endpoint,2005,2010,0,not_applicable,4180,10676,0.39153240914200077
primary_assignment,Cerrado,nat_tmp_pas_consecutive2_share_endpoint,2005,2010,0,positive_high,216,10676,0.020232296740352193
primary_assignment,Cerrado,nat_tmp_pas_consecutive2_share_endpoint,2005,2010,0,positive_low,1009,10676,0.094511052828774825
primary_assignment,Cerrado,nat_tmp_pas_consecutive2_share_endpoint,2005,2010,0,positive_moderate,823,10676,0.077088797302360429
primary_assignment,Cerrado,nat_tmp_pas_consecutive2_share_endpoint,2005,2010,0,zero,379,10676,0.035500187336080929
primary_assignment,Cerrado,nat_tmp_pas_consecutive2_share_endpoint,2010,2015,0,low_support,4198,10676,0.39321843387036343
primary_assignment,Cerrado,nat_tmp_pas_consecutive2_share_endpoint,2010,2015,0,not_applicable,3488,10676,0.32671412514050208
primary_assignment,Cerrado,nat_tmp_pas_consecutive2_share_endpoint,2010,2015,0,positive_high,286,10676,0.026789059572873735
primary_assignment,Cerrado,nat_tmp_pas_consecutive2_share_endpoint,2010,2015,0,positive_low,993,10676,0.093012364181341331
primary_assignment,Cerrado,nat_tmp_pas_consecutive2_share_endpoint,2010,2015,0,positive_moderate,1254,10676,0.11745972274260022
primary_assignment,Cerrado,nat_tmp_pas_consecutive2_share_endpoint,2010,2015,0,zero,457,10676,0.042806294492319222
primary_assignment,Cerrado,nat_tmp_pas_consecutive2_share_endpoint,2015,2020,0,low_support,4679,10676,0.43827276133383292
primary_assignment,Cerrado,nat_tmp_pas_consecutive2_share_endpoint,2015,2020,0,not_applicable,3352,10676,0.31397527163731737
primary_assignment,Cerrado,nat_tmp_pas_consecutive2_share_endpoint,2015,2020,0,positive_high,163,10676,0.015267890595728738
primary_assignment,Cerrado,nat_tmp_pas_consecutive2_share_endpoint,2015,2020,0,positive_low,1189,10676,0.11137130011240165
primary_assignment,Cerrado,nat_tmp_pas_consecutive2_share_endpoint,2015,2020,0,positive_moderate,989,10676,0.092637692019482951
primary_assignment,Cerrado,nat_tmp_pas_consecutive2_share_endpoint,2015,2020,0,zero,304,10676,0.028475084301236419
primary_assignment,Cerrado,nat_tmp_pas_consecutive2_share_endpoint,2020,2025,1,low_support,5386,10676,0.50449606594230045
primary_assignment,Cerrado,nat_tmp_pas_consecutive2_share_endpoint,2020,2025,1,not_applicable,3461,10676,0.32418508804795804
primary_assignment,Cerrado,nat_tmp_pas_consecutive2_share_endpoint,2020,2025,1,positive_high,85,10676,0.0079617834394904458
primary_assignment,Cerrado,nat_tmp_pas_consecutive2_share_endpoint,2020,2025,1,positive_low,915,10676,0.085706257025103039
primary_assignment,Cerrado,nat_tmp_pas_consecutive2_share_endpoint,2020,2025,1,positive_moderate,445,10676,0.041682278006744101
primary_assignment,Cerrado,nat_tmp_pas_consecutive2_share_endpoint,2020,2025,1,zero,384,10676,0.035968527538403898
primary_assignment,Cerrado,net_cr_balance_ha,1985,1990,0,consolidation_high,92,10676,0.0086174597227426011
primary_assignment,Cerrado,net_cr_balance_ha,1985,1990,0,consolidation_low,252,10676,0.023604346197077557
primary_assignment,Cerrado,net_cr_balance_ha,1985,1990,0,consolidation_moderate,339,10676,0.031753465717497188
primary_assignment,Cerrado,net_cr_balance_ha,1985,1990,0,replenishment_high,1955,10676,0.18312101910828024
primary_assignment,Cerrado,net_cr_balance_ha,1985,1990,0,replenishment_low,3065,10676,0.28709254402397905
primary_assignment,Cerrado,net_cr_balance_ha,1985,1990,0,replenishment_moderate,4149,10676,0.38862869988759835
primary_assignment,Cerrado,net_cr_balance_ha,1985,1990,0,zero,824,10676,0.077182465342825024
primary_assignment,Cerrado,net_cr_balance_ha,1990,1995,0,consolidation_high,80,10676,0.0074934432371674782
primary_assignment,Cerrado,net_cr_balance_ha,1990,1995,0,consolidation_low,538,10676,0.050393405769951292
primary_assignment,Cerrado,net_cr_balance_ha,1990,1995,0,consolidation_moderate,598,10676,0.056013488197826901
primary_assignment,Cerrado,net_cr_balance_ha,1990,1995,0,replenishment_high,1252,10676,0.11727238666167104
primary_assignment,Cerrado,net_cr_balance_ha,1990,1995,0,replenishment_low,3126,10676,0.29280629449231921
primary_assignment,Cerrado,net_cr_balance_ha,1990,1995,0,replenishment_moderate,4461,10676,0.41785312851255152
primary_assignment,Cerrado,net_cr_balance_ha,1990,1995,0,zero,621,10676,0.058167853128512553
primary_assignment,Cerrado,net_cr_balance_ha,1995,2000,0,consolidation_high,69,10676,0.0064630947920569504
primary_assignment,Cerrado,net_cr_balance_ha,1995,2000,0,consolidation_low,851,10676,0.07971150243536905
primary_assignment,Cerrado,net_cr_balance_ha,1995,2000,0,consolidation_moderate,763,10676,0.071468714874484821
primary_assignment,Cerrado,net_cr_balance_ha,1995,2000,0,replenishment_high,580,10676,0.054327463469464217
primary_assignment,Cerrado,net_cr_balance_ha,1995,2000,0,replenishment_low,3396,10676,0.31809666541775944
primary_assignment,Cerrado,net_cr_balance_ha,1995,2000,0,replenishment_moderate,4522,10676,0.42356687898089174
primary_assignment,Cerrado,net_cr_balance_ha,1995,2000,0,zero,495,10676,0.046365680029973773
primary_assignment,Cerrado,net_cr_balance_ha,2000,2005,0,consolidation_high,261,10676,0.024447358561258899
primary_assignment,Cerrado,net_cr_balance_ha,2000,2005,0,consolidation_low,957,10676,0.089640314724615963
primary_assignment,Cerrado,net_cr_balance_ha,2000,2005,0,consolidation_moderate,1134,10676,0.106219557886849
primary_assignment,Cerrado,net_cr_balance_ha,2000,2005,0,replenishment_high,475,10676,0.044492319220681906
primary_assignment,Cerrado,net_cr_balance_ha,2000,2005,0,replenishment_low,3251,10676,0.3045147995503934
primary_assignment,Cerrado,net_cr_balance_ha,2000,2005,0,replenishment_moderate,4228,10676,0.39602847508430122
primary_assignment,Cerrado,net_cr_balance_ha,2000,2005,0,zero,370,10676,0.034657174971899588
primary_assignment,Cerrado,net_cr_balance_ha,2005,2010,0,consolidation_high,75,10676,0.0070251030348445114
primary_assignment,Cerrado,net_cr_balance_ha,2005,2010,0,consolidation_low,1519,10676,0.1422817534657175
primary_assignment,Cerrado,net_cr_balance_ha,2005,2010,0,consolidation_moderate,1139,10676,0.10668789808917198
primary_assignment,Cerrado,net_cr_balance_ha,2005,2010,0,replenishment_high,108,10676,0.010116148370176097
primary_assignment,Cerrado,net_cr_balance_ha,2005,2010,0,replenishment_low,4040,10676,0.37841888347695768
primary_assignment,Cerrado,net_cr_balance_ha,2005,2010,0,replenishment_moderate,3462,10676,0.3242787560884226
primary_assignment,Cerrado,net_cr_balance_ha,2005,2010,0,zero,333,10676,0.031191457474709628
primary_assignment,Cerrado,net_cr_balance_ha,2010,2015,0,consolidation_high,208,10676,0.019482952416635443
primary_assignment,Cerrado,net_cr_balance_ha,2010,2015,0,consolidation_low,1648,10676,0.15436493068565005
primary_assignment,Cerrado,net_cr_balance_ha,2010,2015,0,consolidation_moderate,1542,10676,0.14443611839640313
primary_assignment,Cerrado,net_cr_balance_ha,2010,2015,0,replenishment_high,186,10676,0.017422255526414389
primary_assignment,Cerrado,net_cr_balance_ha,2010,2015,0,replenishment_low,3754,10676,0.35162982390408393
primary_assignment,Cerrado,net_cr_balance_ha,2010,2015,0,replenishment_moderate,3074,10676,0.28793555638816037
primary_assignment,Cerrado,net_cr_balance_ha,2010,2015,0,zero,264,10676,0.024728362682652678
primary_assignment,Cerrado,net_cr_balance_ha,2015,2020,0,consolidation_high,83,10676,0.0077744473585612591
primary_assignment,Cerrado,net_cr_balance_ha,2015,2020,0,consolidation_low,2070,10676,0.19389284376170851
primary_assignment,Cerrado,net_cr_balance_ha,2015,2020,0,consolidation_moderate,1252,10676,0.11727238666167104
primary_assignment,Cerrado,net_cr_balance_ha,2015,2020,0,replenishment_high,97,10676,0.0090857999250655679
primary_assignment,Cerrado,net_cr_balance_ha,2015,2020,0,replenishment_low,4107,10676,0.38469464218808541
primary_assignment,Cerrado,net_cr_balance_ha,2015,2020,0,replenishment_moderate,2843,10676,0.26629823904083927
primary_assignment,Cerrado,net_cr_balance_ha,2015,2020,0,zero,224,10676,0.02098164106406894
primary_assignment,Cerrado,net_cr_balance_ha,2020,2025,1,consolidation_high,16,10676,0.0014986886474334957
primary_assignment,Cerrado,net_cr_balance_ha,2020,2025,1,consolidation_low,1598,10676,0.14968152866242038
primary_assignment,Cerrado,net_cr_balance_ha,2020,2025,1,consolidation_moderate,475,10676,0.044492319220681906
primary_assignment,Cerrado,net_cr_balance_ha,2020,2025,1,replenishment_high,238,10676,0.022292993630573247
primary_assignment,Cerrado,net_cr_balance_ha,2020,2025,1,replenishment_low,4228,10676,0.39602847508430122
primary_assignment,Cerrado,net_cr_balance_ha,2020,2025,1,replenishment_moderate,3989,10676,0.37364181341326341
primary_assignment,Cerrado,net_cr_balance_ha,2020,2025,1,zero,132,10676,0.012364181341326339
primary_assignment,Cerrado,cr_balance_index,1985,1990,0,consolidation_dominant,479,10676,0.044866991382540279
primary_assignment,Cerrado,cr_balance_index,1985,1990,0,inactive,824,10676,0.077182465342825024
primary_assignment,Cerrado,cr_balance_index,1985,1990,0,mixed,527,10676,0.049363057324840767
primary_assignment,Cerrado,cr_balance_index,1985,1990,0,replenishment_dominant,8846,10676,0.82858748594979392
primary_assignment,Cerrado,cr_balance_index,1990,1995,0,consolidation_dominant,879,10676,0.082334207568377671
primary_assignment,Cerrado,cr_balance_index,1990,1995,0,inactive,621,10676,0.058167853128512553
primary_assignment,Cerrado,cr_balance_index,1990,1995,0,mixed,803,10676,0.075215436493068569
primary_assignment,Cerrado,cr_balance_index,1990,1995,0,replenishment_dominant,8373,10676,0.78428250281004119
primary_assignment,Cerrado,cr_balance_index,1995,2000,0,consolidation_dominant,1210,10676,0.11333832896215811
primary_assignment,Cerrado,cr_balance_index,1995,2000,0,inactive,495,10676,0.046365680029973773
primary_assignment,Cerrado,cr_balance_index,1995,2000,0,mixed,964,10676,0.090295991007868115
primary_assignment,Cerrado,cr_balance_index,1995,2000,0,replenishment_dominant,8007,10676,0.75
primary_assignment,Cerrado,cr_balance_index,2000,2005,0,consolidation_dominant,1832,10676,0.17159985013113527
primary_assignment,Cerrado,cr_balance_index,2000,2005,0,inactive,370,10676,0.034657174971899588
primary_assignment,Cerrado,cr_balance_index,2000,2005,0,mixed,1042,10676,0.097602098164106407
primary_assignment,Cerrado,cr_balance_index,2000,2005,0,replenishment_dominant,7432,10676,0.69614087673285874
primary_assignment,Cerrado,cr_balance_index,2005,2010,0,consolidation_dominant,2120,10676,0.19857624578493818
primary_assignment,Cerrado,cr_balance_index,2005,2010,0,inactive,333,10676,0.031191457474709628
primary_assignment,Cerrado,cr_balance_index,2005,2010,0,mixed,1255,10676,0.11755339078306482
primary_assignment,Cerrado,cr_balance_index,2005,2010,0,replenishment_dominant,6968,10676,0.65267890595728739
primary_assignment,Cerrado,cr_balance_index,2010,2015,0,consolidation_dominant,2709,10676,0.25374672161858375
primary_assignment,Cerrado,cr_balance_index,2010,2015,0,inactive,264,10676,0.024728362682652678
primary_assignment,Cerrado,cr_balance_index,2010,2015,0,mixed,1385,10676,0.12973023604346198
primary_assignment,Cerrado,cr_balance_index,2010,2015,0,replenishment_dominant,6318,10676,0.59179467965530164
primary_assignment,Cerrado,cr_balance_index,2015,2020,0,consolidation_dominant,2487,10676,0.232952416635444
primary_assignment,Cerrado,cr_balance_index,2015,2020,0,inactive,224,10676,0.02098164106406894
primary_assignment,Cerrado,cr_balance_index,2015,2020,0,mixed,1764,10676,0.16523042337954291
primary_assignment,Cerrado,cr_balance_index,2015,2020,0,replenishment_dominant,6201,10676,0.5808355189209442
primary_assignment,Cerrado,cr_balance_index,2020,2025,1,consolidation_dominant,1499,10676,0.14040839265642563
primary_assignment,Cerrado,cr_balance_index,2020,2025,1,inactive,132,10676,0.012364181341326339
primary_assignment,Cerrado,cr_balance_index,2020,2025,1,mixed,1330,10676,0.12457849381790934
primary_assignment,Cerrado,cr_balance_index,2020,2025,1,replenishment_dominant,7715,10676,0.72264893218433868
single_biome_sensitivity,Amazon,consolidation_ha,1985,1990,0,positive_high,3,13920,0.00021551724137931034
single_biome_sensitivity,Amazon,consolidation_ha,1985,1990,0,positive_low,451,13920,0.032399425287356322
single_biome_sensitivity,Amazon,consolidation_ha,1985,1990,0,positive_moderate,56,13920,0.0040229885057471264
single_biome_sensitivity,Amazon,consolidation_ha,1985,1990,0,zero,13410,13920,0.96336206896551724
single_biome_sensitivity,Amazon,consolidation_ha,1990,1995,0,positive_high,6,13920,0.00043103448275862068
single_biome_sensitivity,Amazon,consolidation_ha,1990,1995,0,positive_low,700,13920,0.050287356321839081
single_biome_sensitivity,Amazon,consolidation_ha,1990,1995,0,positive_moderate,159,13920,0.011422413793103449
single_biome_sensitivity,Amazon,consolidation_ha,1990,1995,0,zero,13055,13920,0.9378591954022989
single_biome_sensitivity,Amazon,consolidation_ha,1995,2000,0,positive_high,25,13920,0.0017959770114942528
single_biome_sensitivity,Amazon,consolidation_ha,1995,2000,0,positive_low,1051,13920,0.075502873563218387
single_biome_sensitivity,Amazon,consolidation_ha,1995,2000,0,positive_moderate,280,13920,0.020114942528735632
single_biome_sensitivity,Amazon,consolidation_ha,1995,2000,0,zero,12564,13920,0.90258620689655178
single_biome_sensitivity,Amazon,consolidation_ha,2000,2005,0,positive_high,201,13920,0.014439655172413792
single_biome_sensitivity,Amazon,consolidation_ha,2000,2005,0,positive_low,1367,13920,0.098204022988505751
single_biome_sensitivity,Amazon,consolidation_ha,2000,2005,0,positive_moderate,563,13920,0.040445402298850575
single_biome_sensitivity,Amazon,consolidation_ha,2000,2005,0,zero,11789,13920,0.8469109195402299
single_biome_sensitivity,Amazon,consolidation_ha,2005,2010,0,positive_high,253,13920,0.018175287356321838
single_biome_sensitivity,Amazon,consolidation_ha,2005,2010,0,positive_low,1739,13920,0.12492816091954023
single_biome_sensitivity,Amazon,consolidation_ha,2005,2010,0,positive_moderate,819,13920,0.058836206896551724
single_biome_sensitivity,Amazon,consolidation_ha,2005,2010,0,zero,11109,13920,0.79806034482758625
single_biome_sensitivity,Amazon,consolidation_ha,2010,2015,0,positive_high,609,13920,0.043749999999999997
single_biome_sensitivity,Amazon,consolidation_ha,2010,2015,0,positive_low,1987,13920,0.14274425287356321
single_biome_sensitivity,Amazon,consolidation_ha,2010,2015,0,positive_moderate,1100,13920,0.079022988505747127
single_biome_sensitivity,Amazon,consolidation_ha,2010,2015,0,zero,10224,13920,0.73448275862068968
single_biome_sensitivity,Amazon,consolidation_ha,2015,2020,0,positive_high,469,13920,0.033692528735632186
single_biome_sensitivity,Amazon,consolidation_ha,2015,2020,0,positive_low,2071,13920,0.14877873563218391
single_biome_sensitivity,Amazon,consolidation_ha,2015,2020,0,positive_moderate,1553,13920,0.11156609195402299
single_biome_sensitivity,Amazon,consolidation_ha,2015,2020,0,zero,9827,13920,0.70596264367816097
single_biome_sensitivity,Amazon,consolidation_ha,2020,2025,1,positive_high,284,13920,0.020402298850574714
single_biome_sensitivity,Amazon,consolidation_ha,2020,2025,1,positive_low,2329,13920,0.1673132183908046
single_biome_sensitivity,Amazon,consolidation_ha,2020,2025,1,positive_moderate,1328,13920,0.095402298850574718
single_biome_sensitivity,Amazon,consolidation_ha,2020,2025,1,zero,9979,13920,0.71688218390804592
single_biome_sensitivity,Amazon,consolidation_rate_initial_pasture,1985,1990,0,positive_high,18,13920,0.0012931034482758621
single_biome_sensitivity,Amazon,consolidation_rate_initial_pasture,1985,1990,0,positive_low,376,13920,0.027011494252873563
single_biome_sensitivity,Amazon,consolidation_rate_initial_pasture,1985,1990,0,positive_moderate,116,13920,0.0083333333333333332
single_biome_sensitivity,Amazon,consolidation_rate_initial_pasture,1985,1990,0,undefined,7353,13920,0.52823275862068964
single_biome_sensitivity,Amazon,consolidation_rate_initial_pasture,1985,1990,0,zero,6057,13920,0.4351293103448276
single_biome_sensitivity,Amazon,consolidation_rate_initial_pasture,1990,1995,0,positive_high,28,13920,0.0020114942528735632
single_biome_sensitivity,Amazon,consolidation_rate_initial_pasture,1990,1995,0,positive_low,580,13920,0.041666666666666664
single_biome_sensitivity,Amazon,consolidation_rate_initial_pasture,1990,1995,0,positive_moderate,257,13920,0.018462643678160921
single_biome_sensitivity,Amazon,consolidation_rate_initial_pasture,1990,1995,0,undefined,6225,13920,0.44719827586206895
single_biome_sensitivity,Amazon,consolidation_rate_initial_pasture,1990,1995,0,zero,6830,13920,0.49066091954022989
single_biome_sensitivity,Amazon,consolidation_rate_initial_pasture,1995,2000,0,positive_high,58,13920,0.0041666666666666666
single_biome_sensitivity,Amazon,consolidation_rate_initial_pasture,1995,2000,0,positive_low,965,13920,0.069324712643678163
single_biome_sensitivity,Amazon,consolidation_rate_initial_pasture,1995,2000,0,positive_moderate,333,13920,0.023922413793103448
single_biome_sensitivity,Amazon,consolidation_rate_initial_pasture,1995,2000,0,undefined,5338,13920,0.3834770114942529
single_biome_sensitivity,Amazon,consolidation_rate_initial_pasture,1995,2000,0,zero,7226,13920,0.51910919540229883
single_biome_sensitivity,Amazon,consolidation_rate_initial_pasture,2000,2005,0,positive_high,278,13920,0.019971264367816093
single_biome_sensitivity,Amazon,consolidation_rate_initial_pasture,2000,2005,0,positive_low,1322,13920,0.094971264367816097
single_biome_sensitivity,Amazon,consolidation_rate_initial_pasture,2000,2005,0,positive_moderate,531,13920,0.038146551724137931
single_biome_sensitivity,Amazon,consolidation_rate_initial_pasture,2000,2005,0,undefined,4762,13920,0.34209770114942528
single_biome_sensitivity,Amazon,consolidation_rate_initial_pasture,2000,2005,0,zero,7027,13920,0.50481321839080462
single_biome_sensitivity,Amazon,consolidation_rate_initial_pasture,2005,2010,0,positive_high,312,13920,0.022413793103448276
single_biome_sensitivity,Amazon,consolidation_rate_initial_pasture,2005,2010,0,positive_low,1790,13920,0.12859195402298851
single_biome_sensitivity,Amazon,consolidation_rate_initial_pasture,2005,2010,0,positive_moderate,709,13920,0.050933908045977014
single_biome_sensitivity,Amazon,consolidation_rate_initial_pasture,2005,2010,0,undefined,3952,13920,0.28390804597701147
single_biome_sensitivity,Amazon,consolidation_rate_initial_pasture,2005,2010,0,zero,7157,13920,0.51415229885057467
single_biome_sensitivity,Amazon,consolidation_rate_initial_pasture,2010,2015,0,positive_high,608,13920,0.043678160919540229
single_biome_sensitivity,Amazon,consolidation_rate_initial_pasture,2010,2015,0,positive_low,2045,13920,0.14691091954022989
single_biome_sensitivity,Amazon,consolidation_rate_initial_pasture,2010,2015,0,positive_moderate,1043,13920,0.074928160919540229
single_biome_sensitivity,Amazon,consolidation_rate_initial_pasture,2010,2015,0,undefined,3694,13920,0.26537356321839078
single_biome_sensitivity,Amazon,consolidation_rate_initial_pasture,2010,2015,0,zero,6530,13920,0.46910919540229884
single_biome_sensitivity,Amazon,consolidation_rate_initial_pasture,2015,2020,0,positive_high,478,13920,0.034339080459770112
single_biome_sensitivity,Amazon,consolidation_rate_initial_pasture,2015,2020,0,positive_low,2179,13920,0.15653735632183907
single_biome_sensitivity,Amazon,consolidation_rate_initial_pasture,2015,2020,0,positive_moderate,1436,13920,0.10316091954022988
single_biome_sensitivity,Amazon,consolidation_rate_initial_pasture,2015,2020,0,undefined,3475,13920,0.24964080459770116
single_biome_sensitivity,Amazon,consolidation_rate_initial_pasture,2015,2020,0,zero,6352,13920,0.45632183908045976
single_biome_sensitivity,Amazon,consolidation_rate_initial_pasture,2020,2025,1,positive_high,375,13920,0.026939655172413791
single_biome_sensitivity,Amazon,consolidation_rate_initial_pasture,2020,2025,1,positive_low,2229,13920,0.16012931034482758
single_biome_sensitivity,Amazon,consolidation_rate_initial_pasture,2020,2025,1,positive_moderate,1337,13920,0.096048850574712644
single_biome_sensitivity,Amazon,consolidation_rate_initial_pasture,2020,2025,1,undefined,3181,13920,0.22852011494252875
single_biome_sensitivity,Amazon,consolidation_rate_initial_pasture,2020,2025,1,zero,6798,13920,0.48836206896551726
single_biome_sensitivity,Amazon,replenishment_ha,1985,1990,0,positive_high,806,13920,0.057902298850574713
single_biome_sensitivity,Amazon,replenishment_ha,1985,1990,0,positive_low,4377,13920,0.31443965517241379
single_biome_sensitivity,Amazon,replenishment_ha,1985,1990,0,positive_moderate,2321,13920,0.16673850574712643
single_biome_sensitivity,Amazon,replenishment_ha,1985,1990,0,zero,6416,13920,0.46091954022988507
single_biome_sensitivity,Amazon,replenishment_ha,1990,1995,0,positive_high,1591,13920,0.11429597701149426
single_biome_sensitivity,Amazon,replenishment_ha,1990,1995,0,positive_low,4457,13920,0.32018678160919539
single_biome_sensitivity,Amazon,replenishment_ha,1990,1995,0,positive_moderate,2335,13920,0.16774425287356323
single_biome_sensitivity,Amazon,replenishment_ha,1990,1995,0,zero,5537,13920,0.3977729885057471
single_biome_sensitivity,Amazon,replenishment_ha,1995,2000,0,positive_high,1867,13920,0.13412356321839081
single_biome_sensitivity,Amazon,replenishment_ha,1995,2000,0,positive_low,4288,13920,0.30804597701149428
single_biome_sensitivity,Amazon,replenishment_ha,1995,2000,0,positive_moderate,2837,13920,0.20380747126436782
single_biome_sensitivity,Amazon,replenishment_ha,1995,2000,0,zero,4928,13920,0.35402298850574715
single_biome_sensitivity,Amazon,replenishment_ha,2000,2005,0,positive_high,2102,13920,0.15100574712643677
single_biome_sensitivity,Amazon,replenishment_ha,2000,2005,0,positive_low,4320,13920,0.31034482758620691
single_biome_sensitivity,Amazon,replenishment_ha,2000,2005,0,positive_moderate,3384,13920,0.24310344827586206
single_biome_sensitivity,Amazon,replenishment_ha,2000,2005,0,zero,4114,13920,0.29554597701149427
single_biome_sensitivity,Amazon,replenishment_ha,2005,2010,0,positive_high,807,13920,0.057974137931034481
single_biome_sensitivity,Amazon,replenishment_ha,2005,2010,0,positive_low,5632,13920,0.40459770114942528
single_biome_sensitivity,Amazon,replenishment_ha,2005,2010,0,positive_moderate,3572,13920,0.25660919540229887
single_biome_sensitivity,Amazon,replenishment_ha,2005,2010,0,zero,3909,13920,0.28081896551724139
single_biome_sensitivity,Amazon,replenishment_ha,2010,2015,0,positive_high,404,13920,0.029022988505747128
single_biome_sensitivity,Amazon,replenishment_ha,2010,2015,0,positive_low,6514,13920,0.46795977011494255
single_biome_sensitivity,Amazon,replenishment_ha,2010,2015,0,positive_moderate,3226,13920,0.23175287356321839
single_biome_sensitivity,Amazon,replenishment_ha,2010,2015,0,zero,3776,13920,0.27126436781609198
single_biome_sensitivity,Amazon,replenishment_ha,2015,2020,0,positive_high,600,13920,0.043103448275862072
single_biome_sensitivity,Amazon,replenishment_ha,2015,2020,0,positive_low,6203,13920,0.445617816091954
single_biome_sensitivity,Amazon,replenishment_ha,2015,2020,0,positive_moderate,3631,13920,0.26084770114942529
single_biome_sensitivity,Amazon,replenishment_ha,2015,2020,0,zero,3486,13920,0.25043103448275861
single_biome_sensitivity,Amazon,replenishment_ha,2020,2025,1,positive_high,460,13920,0.033045977011494254
single_biome_sensitivity,Amazon,replenishment_ha,2020,2025,1,positive_low,6770,13920,0.4863505747126437
single_biome_sensitivity,Amazon,replenishment_ha,2020,2025,1,positive_moderate,3965,13920,0.28484195402298851
single_biome_sensitivity,Amazon,replenishment_ha,2020,2025,1,zero,2725,13920,0.19576149425287356
single_biome_sensitivity,Amazon,replenishment_rate_initial_native,1985,1990,0,positive_high,493,13920,0.035416666666666666
single_biome_sensitivity,Amazon,replenishment_rate_initial_native,1985,1990,0,positive_low,4964,13920,0.35660919540229885
single_biome_sensitivity,Amazon,replenishment_rate_initial_native,1985,1990,0,positive_moderate,2047,13920,0.14705459770114943
single_biome_sensitivity,Amazon,replenishment_rate_initial_native,1985,1990,0,undefined,1,13920,7.1839080459770114e-05
single_biome_sensitivity,Amazon,replenishment_rate_initial_native,1985,1990,0,zero,6415,13920,0.4608477011494253
single_biome_sensitivity,Amazon,replenishment_rate_initial_native,1990,1995,0,positive_high,1174,13920,0.084339080459770122
single_biome_sensitivity,Amazon,replenishment_rate_initial_native,1990,1995,0,positive_low,4935,13920,0.35452586206896552
single_biome_sensitivity,Amazon,replenishment_rate_initial_native,1990,1995,0,positive_moderate,2274,13920,0.16336206896551725
single_biome_sensitivity,Amazon,replenishment_rate_initial_native,1990,1995,0,undefined,1,13920,7.1839080459770114e-05
single_biome_sensitivity,Amazon,replenishment_rate_initial_native,1990,1995,0,zero,5536,13920,0.39770114942528734
single_biome_sensitivity,Amazon,replenishment_rate_initial_native,1995,2000,0,positive_high,1539,13920,0.11056034482758621
single_biome_sensitivity,Amazon,replenishment_rate_initial_native,1995,2000,0,positive_low,4746,13920,0.34094827586206894
single_biome_sensitivity,Amazon,replenishment_rate_initial_native,1995,2000,0,positive_moderate,2707,13920,0.19446839080459771
single_biome_sensitivity,Amazon,replenishment_rate_initial_native,1995,2000,0,zero,4928,13920,0.35402298850574715
single_biome_sensitivity,Amazon,replenishment_rate_initial_native,2000,2005,0,positive_high,2011,13920,0.1444683908045977
single_biome_sensitivity,Amazon,replenishment_rate_initial_native,2000,2005,0,positive_low,4674,13920,0.33577586206896554
single_biome_sensitivity,Amazon,replenishment_rate_initial_native,2000,2005,0,positive_moderate,3121,13920,0.22420977011494253
single_biome_sensitivity,Amazon,replenishment_rate_initial_native,2000,2005,0,zero,4114,13920,0.29554597701149427
single_biome_sensitivity,Amazon,replenishment_rate_initial_native,2005,2010,0,positive_high,911,13920,0.065445402298850569
single_biome_sensitivity,Amazon,replenishment_rate_initial_native,2005,2010,0,positive_low,5766,13920,0.41422413793103446
single_biome_sensitivity,Amazon,replenishment_rate_initial_native,2005,2010,0,positive_moderate,3334,13920,0.23951149425287357
single_biome_sensitivity,Amazon,replenishment_rate_initial_native,2005,2010,0,zero,3909,13920,0.28081896551724139
single_biome_sensitivity,Amazon,replenishment_rate_initial_native,2010,2015,0,positive_high,548,13920,0.039367816091954021
single_biome_sensitivity,Amazon,replenishment_rate_initial_native,2010,2015,0,positive_low,6437,13920,0.46242816091954025
single_biome_sensitivity,Amazon,replenishment_rate_initial_native,2010,2015,0,positive_moderate,3159,13920,0.2269396551724138
single_biome_sensitivity,Amazon,replenishment_rate_initial_native,2010,2015,0,undefined,1,13920,7.1839080459770114e-05
single_biome_sensitivity,Amazon,replenishment_rate_initial_native,2010,2015,0,zero,3775,13920,0.27119252873563221
single_biome_sensitivity,Amazon,replenishment_rate_initial_native,2015,2020,0,positive_high,731,13920,0.052514367816091957
single_biome_sensitivity,Amazon,replenishment_rate_initial_native,2015,2020,0,positive_low,6160,13920,0.44252873563218392
single_biome_sensitivity,Amazon,replenishment_rate_initial_native,2015,2020,0,positive_moderate,3543,13920,0.25452586206896549
single_biome_sensitivity,Amazon,replenishment_rate_initial_native,2015,2020,0,undefined,1,13920,7.1839080459770114e-05
single_biome_sensitivity,Amazon,replenishment_rate_initial_native,2015,2020,0,zero,3485,13920,0.25035919540229884
single_biome_sensitivity,Amazon,replenishment_rate_initial_native,2020,2025,1,positive_high,644,13920,0.046264367816091952
single_biome_sensitivity,Amazon,replenishment_rate_initial_native,2020,2025,1,positive_low,6676,13920,0.47959770114942529
single_biome_sensitivity,Amazon,replenishment_rate_initial_native,2020,2025,1,positive_moderate,3875,13920,0.27837643678160917
single_biome_sensitivity,Amazon,replenishment_rate_initial_native,2020,2025,1,undefined,1,13920,7.1839080459770114e-05
single_biome_sensitivity,Amazon,replenishment_rate_initial_native,2020,2025,1,zero,2724,13920,0.1956896551724138
single_biome_sensitivity,Amazon,nat_tmp_endpoint_ha,1985,1990,0,positive_high,32,13920,0.0022988505747126436
single_biome_sensitivity,Amazon,nat_tmp_endpoint_ha,1985,1990,0,positive_low,446,13920,0.032040229885057468
single_biome_sensitivity,Amazon,nat_tmp_endpoint_ha,1985,1990,0,positive_moderate,280,13920,0.020114942528735632
single_biome_sensitivity,Amazon,nat_tmp_endpoint_ha,1985,1990,0,zero,13162,13920,0.94554597701149423
single_biome_sensitivity,Amazon,nat_tmp_endpoint_ha,1990,1995,0,positive_high,51,13920,0.0036637931034482758
single_biome_sensitivity,Amazon,nat_tmp_endpoint_ha,1990,1995,0,positive_low,527,13920,0.037859195402298852
single_biome_sensitivity,Amazon,nat_tmp_endpoint_ha,1990,1995,0,positive_moderate,405,13920,0.029094827586206896
single_biome_sensitivity,Amazon,nat_tmp_endpoint_ha,1990,1995,0,zero,12937,13920,0.92938218390804594
single_biome_sensitivity,Amazon,nat_tmp_endpoint_ha,1995,2000,0,positive_high,130,13920,0.0093390804597701157
single_biome_sensitivity,Amazon,nat_tmp_endpoint_ha,1995,2000,0,positive_low,782,13920,0.056178160919540227
single_biome_sensitivity,Amazon,nat_tmp_endpoint_ha,1995,2000,0,positive_moderate,504,13920,0.036206896551724141
single_biome_sensitivity,Amazon,nat_tmp_endpoint_ha,1995,2000,0,zero,12504,13920,0.89827586206896548
single_biome_sensitivity,Amazon,nat_tmp_endpoint_ha,2000,2005,0,positive_high,389,13920,0.027945402298850574
single_biome_sensitivity,Amazon,nat_tmp_endpoint_ha,2000,2005,0,positive_low,1062,13920,0.076293103448275862
single_biome_sensitivity,Amazon,nat_tmp_endpoint_ha,2000,2005,0,positive_moderate,672,13920,0.048275862068965517
single_biome_sensitivity,Amazon,nat_tmp_endpoint_ha,2000,2005,0,zero,11797,13920,0.84748563218390804
single_biome_sensitivity,Amazon,nat_tmp_endpoint_ha,2005,2010,0,positive_high,100,13920,0.0071839080459770114
single_biome_sensitivity,Amazon,nat_tmp_endpoint_ha,2005,2010,0,positive_low,1303,13920,0.093606321839080464
single_biome_sensitivity,Amazon,nat_tmp_endpoint_ha,2005,2010,0,positive_moderate,718,13920,0.051580459770114939
single_biome_sensitivity,Amazon,nat_tmp_endpoint_ha,2005,2010,0,zero,11799,13920,0.84762931034482758
single_biome_sensitivity,Amazon,nat_tmp_endpoint_ha,2010,2015,0,positive_high,162,13920,0.011637931034482759
single_biome_sensitivity,Amazon,nat_tmp_endpoint_ha,2010,2015,0,positive_low,1608,13920,0.11551724137931034
single_biome_sensitivity,Amazon,nat_tmp_endpoint_ha,2010,2015,0,positive_moderate,1096,13920,0.078735632183908041
single_biome_sensitivity,Amazon,nat_tmp_endpoint_ha,2010,2015,0,zero,11054,13920,0.79410919540229885
single_biome_sensitivity,Amazon,nat_tmp_endpoint_ha,2015,2020,0,positive_high,158,13920,0.011350574712643679
single_biome_sensitivity,Amazon,nat_tmp_endpoint_ha,2015,2020,0,positive_low,1854,13920,0.1331896551724138
single_biome_sensitivity,Amazon,nat_tmp_endpoint_ha,2015,2020,0,positive_moderate,1143,13920,0.082112068965517246
single_biome_sensitivity,Amazon,nat_tmp_endpoint_ha,2015,2020,0,zero,10765,13920,0.7733477011494253
single_biome_sensitivity,Amazon,nat_tmp_endpoint_ha,2020,2025,1,positive_high,111,13920,0.0079741379310344831
single_biome_sensitivity,Amazon,nat_tmp_endpoint_ha,2020,2025,1,positive_low,1858,13920,0.13347701149425287
single_biome_sensitivity,Amazon,nat_tmp_endpoint_ha,2020,2025,1,positive_moderate,1234,13920,0.088649425287356323
single_biome_sensitivity,Amazon,nat_tmp_endpoint_ha,2020,2025,1,zero,10717,13920,0.76989942528735633
single_biome_sensitivity,Amazon,nat_tmp_intensity_initial_native,1985,1990,0,positive_high,20,13920,0.0014367816091954023
single_biome_sensitivity,Amazon,nat_tmp_intensity_initial_native,1985,1990,0,positive_low,548,13920,0.039367816091954021
single_biome_sensitivity,Amazon,nat_tmp_intensity_initial_native,1985,1990,0,positive_moderate,190,13920,0.013649425287356323
single_biome_sensitivity,Amazon,nat_tmp_intensity_initial_native,1985,1990,0,undefined,1,13920,7.1839080459770114e-05
single_biome_sensitivity,Amazon,nat_tmp_intensity_initial_native,1985,1990,0,zero,13161,13920,0.94547413793103452
single_biome_sensitivity,Amazon,nat_tmp_intensity_initial_native,1990,1995,0,positive_high,41,13920,0.0029454022988505747
single_biome_sensitivity,Amazon,nat_tmp_intensity_initial_native,1990,1995,0,positive_low,660,13920,0.047413793103448273
single_biome_sensitivity,Amazon,nat_tmp_intensity_initial_native,1990,1995,0,positive_moderate,282,13920,0.020258620689655171
single_biome_sensitivity,Amazon,nat_tmp_intensity_initial_native,1990,1995,0,undefined,1,13920,7.1839080459770114e-05
single_biome_sensitivity,Amazon,nat_tmp_intensity_initial_native,1990,1995,0,zero,12936,13920,0.92931034482758623
single_biome_sensitivity,Amazon,nat_tmp_intensity_initial_native,1995,2000,0,positive_high,103,13920,0.0073994252873563222
single_biome_sensitivity,Amazon,nat_tmp_intensity_initial_native,1995,2000,0,positive_low,902,13920,0.064798850574712644
single_biome_sensitivity,Amazon,nat_tmp_intensity_initial_native,1995,2000,0,positive_moderate,411,13920,0.029525862068965517
single_biome_sensitivity,Amazon,nat_tmp_intensity_initial_native,1995,2000,0,zero,12504,13920,0.89827586206896548
single_biome_sensitivity,Amazon,nat_tmp_intensity_initial_native,2000,2005,0,positive_high,339,13920,0.024353448275862069
single_biome_sensitivity,Amazon,nat_tmp_intensity_initial_native,2000,2005,0,positive_low,1191,13920,0.085560344827586204
single_biome_sensitivity,Amazon,nat_tmp_intensity_initial_native,2000,2005,0,positive_moderate,593,13920,0.042600574712643675
single_biome_sensitivity,Amazon,nat_tmp_intensity_initial_native,2000,2005,0,zero,11797,13920,0.84748563218390804
single_biome_sensitivity,Amazon,nat_tmp_intensity_initial_native,2005,2010,0,positive_high,95,13920,0.0068247126436781613
single_biome_sensitivity,Amazon,nat_tmp_intensity_initial_native,2005,2010,0,positive_low,1403,13920,0.10079022988505747
single_biome_sensitivity,Amazon,nat_tmp_intensity_initial_native,2005,2010,0,positive_moderate,623,13920,0.044755747126436783
single_biome_sensitivity,Amazon,nat_tmp_intensity_initial_native,2005,2010,0,zero,11799,13920,0.84762931034482758
single_biome_sensitivity,Amazon,nat_tmp_intensity_initial_native,2010,2015,0,positive_high,165,13920,0.011853448275862068
single_biome_sensitivity,Amazon,nat_tmp_intensity_initial_native,2010,2015,0,positive_low,1721,13920,0.12363505747126437
single_biome_sensitivity,Amazon,nat_tmp_intensity_initial_native,2010,2015,0,positive_moderate,980,13920,0.07040229885057471
single_biome_sensitivity,Amazon,nat_tmp_intensity_initial_native,2010,2015,0,undefined,1,13920,7.1839080459770114e-05
single_biome_sensitivity,Amazon,nat_tmp_intensity_initial_native,2010,2015,0,zero,11053,13920,0.79403735632183903
single_biome_sensitivity,Amazon,nat_tmp_intensity_initial_native,2015,2020,0,positive_high,176,13920,0.01264367816091954
single_biome_sensitivity,Amazon,nat_tmp_intensity_initial_native,2015,2020,0,positive_low,1958,13920,0.14066091954022988
single_biome_sensitivity,Amazon,nat_tmp_intensity_initial_native,2015,2020,0,positive_moderate,1021,13920,0.073347701149425293
single_biome_sensitivity,Amazon,nat_tmp_intensity_initial_native,2015,2020,0,undefined,1,13920,7.1839080459770114e-05
single_biome_sensitivity,Amazon,nat_tmp_intensity_initial_native,2015,2020,0,zero,10764,13920,0.77327586206896548
single_biome_sensitivity,Amazon,nat_tmp_intensity_initial_native,2020,2025,1,positive_high,120,13920,0.0086206896551724137
single_biome_sensitivity,Amazon,nat_tmp_intensity_initial_native,2020,2025,1,positive_low,1988,13920,0.14281609195402298
single_biome_sensitivity,Amazon,nat_tmp_intensity_initial_native,2020,2025,1,positive_moderate,1095,13920,0.078663793103448273
single_biome_sensitivity,Amazon,nat_tmp_intensity_initial_native,2020,2025,1,undefined,1,13920,7.1839080459770114e-05
single_biome_sensitivity,Amazon,nat_tmp_intensity_initial_native,2020,2025,1,zero,10716,13920,0.76982758620689651
single_biome_sensitivity,Amazon,nat_tmp_pas_any_ha,1985,1990,0,positive_high,12,13920,0.00086206896551724137
single_biome_sensitivity,Amazon,nat_tmp_pas_any_ha,1985,1990,0,positive_low,222,13920,0.015948275862068966
single_biome_sensitivity,Amazon,nat_tmp_pas_any_ha,1985,1990,0,positive_moderate,123,13920,0.0088362068965517244
single_biome_sensitivity,Amazon,nat_tmp_pas_any_ha,1985,1990,0,zero,13563,13920,0.97435344827586212
single_biome_sensitivity,Amazon,nat_tmp_pas_any_ha,1990,1995,0,positive_high,32,13920,0.0022988505747126436
single_biome_sensitivity,Amazon,nat_tmp_pas_any_ha,1990,1995,0,positive_low,294,13920,0.021120689655172414
single_biome_sensitivity,Amazon,nat_tmp_pas_any_ha,1990,1995,0,positive_moderate,206,13920,0.014798850574712644
single_biome_sensitivity,Amazon,nat_tmp_pas_any_ha,1990,1995,0,zero,13388,13920,0.96178160919540234
single_biome_sensitivity,Amazon,nat_tmp_pas_any_ha,1995,2000,0,positive_high,84,13920,0.0060344827586206896
single_biome_sensitivity,Amazon,nat_tmp_pas_any_ha,1995,2000,0,positive_low,414,13920,0.029741379310344828
single_biome_sensitivity,Amazon,nat_tmp_pas_any_ha,1995,2000,0,positive_moderate,369,13920,0.026508620689655173
single_biome_sensitivity,Amazon,nat_tmp_pas_any_ha,1995,2000,0,zero,13053,13920,0.93771551724137936
single_biome_sensitivity,Amazon,nat_tmp_pas_any_ha,2000,2005,0,positive_high,237,13920,0.017025862068965517
single_biome_sensitivity,Amazon,nat_tmp_pas_any_ha,2000,2005,0,positive_low,547,13920,0.039295977011494253
single_biome_sensitivity,Amazon,nat_tmp_pas_any_ha,2000,2005,0,positive_moderate,595,13920,0.042744252873563218
single_biome_sensitivity,Amazon,nat_tmp_pas_any_ha,2000,2005,0,zero,12541,13920,0.90093390804597706
single_biome_sensitivity,Amazon,nat_tmp_pas_any_ha,2005,2010,0,positive_high,104,13920,0.0074712643678160919
single_biome_sensitivity,Amazon,nat_tmp_pas_any_ha,2005,2010,0,positive_low,709,13920,0.050933908045977014
single_biome_sensitivity,Amazon,nat_tmp_pas_any_ha,2005,2010,0,positive_moderate,491,13920,0.03527298850574713
single_biome_sensitivity,Amazon,nat_tmp_pas_any_ha,2005,2010,0,zero,12616,13920,0.90632183908045982
single_biome_sensitivity,Amazon,nat_tmp_pas_any_ha,2010,2015,0,positive_high,115,13920,0.0082614942528735635
single_biome_sensitivity,Amazon,nat_tmp_pas_any_ha,2010,2015,0,positive_low,1080,13920,0.077586206896551727
single_biome_sensitivity,Amazon,nat_tmp_pas_any_ha,2010,2015,0,positive_moderate,639,13920,0.045905172413793105
single_biome_sensitivity,Amazon,nat_tmp_pas_any_ha,2010,2015,0,zero,12086,13920,0.86824712643678159
single_biome_sensitivity,Amazon,nat_tmp_pas_any_ha,2015,2020,0,positive_high,79,13920,0.0056752873563218394
single_biome_sensitivity,Amazon,nat_tmp_pas_any_ha,2015,2020,0,positive_low,1243,13920,0.089295977011494249
single_biome_sensitivity,Amazon,nat_tmp_pas_any_ha,2015,2020,0,positive_moderate,641,13920,0.046048850574712641
single_biome_sensitivity,Amazon,nat_tmp_pas_any_ha,2015,2020,0,zero,11957,13920,0.85897988505747125
single_biome_sensitivity,Amazon,nat_tmp_pas_any_ha,2020,2025,1,positive_high,59,13920,0.0042385057471264372
single_biome_sensitivity,Amazon,nat_tmp_pas_any_ha,2020,2025,1,positive_low,1258,13920,0.090373563218390809
single_biome_sensitivity,Amazon,nat_tmp_pas_any_ha,2020,2025,1,positive_moderate,420,13920,0.03017241379310345
single_biome_sensitivity,Amazon,nat_tmp_pas_any_ha,2020,2025,1,zero,12183,13920,0.87521551724137936
single_biome_sensitivity,Amazon,nat_tmp_pas_any_share_endpoint,1985,1990,0,low_support,505,13920,0.036278735632183909
single_biome_sensitivity,Amazon,nat_tmp_pas_any_share_endpoint,1985,1990,0,not_applicable,13162,13920,0.94554597701149423
single_biome_sensitivity,Amazon,nat_tmp_pas_any_share_endpoint,1985,1990,0,positive_high,2,13920,0.00014367816091954023
single_biome_sensitivity,Amazon,nat_tmp_pas_any_share_endpoint,1985,1990,0,positive_low,115,13920,0.0082614942528735635
single_biome_sensitivity,Amazon,nat_tmp_pas_any_share_endpoint,1985,1990,0,positive_moderate,39,13920,0.0028017241379310344
single_biome_sensitivity,Amazon,nat_tmp_pas_any_share_endpoint,1985,1990,0,zero,97,13920,0.0069683908045977015
single_biome_sensitivity,Amazon,nat_tmp_pas_any_share_endpoint,1990,1995,0,low_support,597,13920,0.042887931034482761
single_biome_sensitivity,Amazon,nat_tmp_pas_any_share_endpoint,1990,1995,0,not_applicable,12937,13920,0.92938218390804594
single_biome_sensitivity,Amazon,nat_tmp_pas_any_share_endpoint,1990,1995,0,positive_high,18,13920,0.0012931034482758621
single_biome_sensitivity,Amazon,nat_tmp_pas_any_share_endpoint,1990,1995,0,positive_low,158,13920,0.011350574712643679
single_biome_sensitivity,Amazon,nat_tmp_pas_any_share_endpoint,1990,1995,0,positive_moderate,105,13920,0.0075431034482758624
single_biome_sensitivity,Amazon,nat_tmp_pas_any_share_endpoint,1990,1995,0,zero,105,13920,0.0075431034482758624
single_biome_sensitivity,Amazon,nat_tmp_pas_any_share_endpoint,1995,2000,0,low_support,881,13920,0.063290229885057475
single_biome_sensitivity,Amazon,nat_tmp_pas_any_share_endpoint,1995,2000,0,not_applicable,12504,13920,0.89827586206896548
single_biome_sensitivity,Amazon,nat_tmp_pas_any_share_endpoint,1995,2000,0,positive_high,39,13920,0.0028017241379310344
single_biome_sensitivity,Amazon,nat_tmp_pas_any_share_endpoint,1995,2000,0,positive_low,237,13920,0.017025862068965517
single_biome_sensitivity,Amazon,nat_tmp_pas_any_share_endpoint,1995,2000,0,positive_moderate,148,13920,0.010632183908045977
single_biome_sensitivity,Amazon,nat_tmp_pas_any_share_endpoint,1995,2000,0,zero,111,13920,0.0079741379310344831
single_biome_sensitivity,Amazon,nat_tmp_pas_any_share_endpoint,2000,2005,0,low_support,1188,13920,0.085344827586206901
single_biome_sensitivity,Amazon,nat_tmp_pas_any_share_endpoint,2000,2005,0,not_applicable,11797,13920,0.84748563218390804
single_biome_sensitivity,Amazon,nat_tmp_pas_any_share_endpoint,2000,2005,0,positive_high,85,13920,0.0061063218390804601
single_biome_sensitivity,Amazon,nat_tmp_pas_any_share_endpoint,2000,2005,0,positive_low,468,13920,0.033620689655172412
single_biome_sensitivity,Amazon,nat_tmp_pas_any_share_endpoint,2000,2005,0,positive_moderate,230,13920,0.016522988505747127
single_biome_sensitivity,Amazon,nat_tmp_pas_any_share_endpoint,2000,2005,0,zero,152,13920,0.010919540229885057
single_biome_sensitivity,Amazon,nat_tmp_pas_any_share_endpoint,2005,2010,0,low_support,1414,13920,0.10158045977011494
single_biome_sensitivity,Amazon,nat_tmp_pas_any_share_endpoint,2005,2010,0,not_applicable,11799,13920,0.84762931034482758
single_biome_sensitivity,Amazon,nat_tmp_pas_any_share_endpoint,2005,2010,0,positive_high,79,13920,0.0056752873563218394
single_biome_sensitivity,Amazon,nat_tmp_pas_any_share_endpoint,2005,2010,0,positive_low,317,13920,0.022772988505747126
single_biome_sensitivity,Amazon,nat_tmp_pas_any_share_endpoint,2005,2010,0,positive_moderate,210,13920,0.015086206896551725
single_biome_sensitivity,Amazon,nat_tmp_pas_any_share_endpoint,2005,2010,0,zero,101,13920,0.0072557471264367819
single_biome_sensitivity,Amazon,nat_tmp_pas_any_share_endpoint,2010,2015,0,low_support,1792,13920,0.12873563218390804
single_biome_sensitivity,Amazon,nat_tmp_pas_any_share_endpoint,2010,2015,0,not_applicable,11054,13920,0.79410919540229885
single_biome_sensitivity,Amazon,nat_tmp_pas_any_share_endpoint,2010,2015,0,positive_high,44,13920,0.003160919540229885
single_biome_sensitivity,Amazon,nat_tmp_pas_any_share_endpoint,2010,2015,0,positive_low,552,13920,0.039655172413793106
single_biome_sensitivity,Amazon,nat_tmp_pas_any_share_endpoint,2010,2015,0,positive_moderate,304,13920,0.021839080459770115
single_biome_sensitivity,Amazon,nat_tmp_pas_any_share_endpoint,2010,2015,0,zero,174,13920,0.012500000000000001
single_biome_sensitivity,Amazon,nat_tmp_pas_any_share_endpoint,2015,2020,0,low_support,2039,13920,0.14647988505747125
single_biome_sensitivity,Amazon,nat_tmp_pas_any_share_endpoint,2015,2020,0,not_applicable,10765,13920,0.7733477011494253
single_biome_sensitivity,Amazon,nat_tmp_pas_any_share_endpoint,2015,2020,0,positive_high,40,13920,0.0028735632183908046
single_biome_sensitivity,Amazon,nat_tmp_pas_any_share_endpoint,2015,2020,0,positive_low,639,13920,0.045905172413793105
single_biome_sensitivity,Amazon,nat_tmp_pas_any_share_endpoint,2015,2020,0,positive_moderate,281,13920,0.020186781609195403
single_biome_sensitivity,Amazon,nat_tmp_pas_any_share_endpoint,2015,2020,0,zero,156,13920,0.011206896551724138
single_biome_sensitivity,Amazon,nat_tmp_pas_any_share_endpoint,2020,2025,1,low_support,2061,13920,0.1480603448275862
single_biome_sensitivity,Amazon,nat_tmp_pas_any_share_endpoint,2020,2025,1,not_applicable,10717,13920,0.76989942528735633
single_biome_sensitivity,Amazon,nat_tmp_pas_any_share_endpoint,2020,2025,1,positive_high,45,13920,0.0032327586206896551
single_biome_sensitivity,Amazon,nat_tmp_pas_any_share_endpoint,2020,2025,1,positive_low,667,13920,0.04791666666666667
single_biome_sensitivity,Amazon,nat_tmp_pas_any_share_endpoint,2020,2025,1,positive_moderate,177,13920,0.01271551724137931
single_biome_sensitivity,Amazon,nat_tmp_pas_any_share_endpoint,2020,2025,1,zero,253,13920,0.018175287356321838
single_biome_sensitivity,Amazon,nat_tmp_pas_consecutive2_ha,1985,1990,0,positive_high,10,13920,0.00071839080459770114
single_biome_sensitivity,Amazon,nat_tmp_pas_consecutive2_ha,1985,1990,0,positive_low,212,13920,0.015229885057471264
single_biome_sensitivity,Amazon,nat_tmp_pas_consecutive2_ha,1985,1990,0,positive_moderate,105,13920,0.0075431034482758624
single_biome_sensitivity,Amazon,nat_tmp_pas_consecutive2_ha,1985,1990,0,zero,13593,13920,0.97650862068965516
single_biome_sensitivity,Amazon,nat_tmp_pas_consecutive2_ha,1990,1995,0,positive_high,24,13920,0.0017241379310344827
single_biome_sensitivity,Amazon,nat_tmp_pas_consecutive2_ha,1990,1995,0,positive_low,278,13920,0.019971264367816093
single_biome_sensitivity,Amazon,nat_tmp_pas_consecutive2_ha,1990,1995,0,positive_moderate,187,13920,0.013433908045977012
single_biome_sensitivity,Amazon,nat_tmp_pas_consecutive2_ha,1990,1995,0,zero,13431,13920,0.96487068965517242
single_biome_sensitivity,Amazon,nat_tmp_pas_consecutive2_ha,1995,2000,0,positive_high,79,13920,0.0056752873563218394
single_biome_sensitivity,Amazon,nat_tmp_pas_consecutive2_ha,1995,2000,0,positive_low,383,13920,0.027514367816091952
single_biome_sensitivity,Amazon,nat_tmp_pas_consecutive2_ha,1995,2000,0,positive_moderate,358,13920,0.025718390804597702
single_biome_sensitivity,Amazon,nat_tmp_pas_consecutive2_ha,1995,2000,0,zero,13100,13920,0.94109195402298851
single_biome_sensitivity,Amazon,nat_tmp_pas_consecutive2_ha,2000,2005,0,positive_high,226,13920,0.016235632183908045
single_biome_sensitivity,Amazon,nat_tmp_pas_consecutive2_ha,2000,2005,0,positive_low,508,13920,0.03649425287356322
single_biome_sensitivity,Amazon,nat_tmp_pas_consecutive2_ha,2000,2005,0,positive_moderate,572,13920,0.041091954022988507
single_biome_sensitivity,Amazon,nat_tmp_pas_consecutive2_ha,2000,2005,0,zero,12614,13920,0.90617816091954018
single_biome_sensitivity,Amazon,nat_tmp_pas_consecutive2_ha,2005,2010,0,positive_high,98,13920,0.0070402298850574712
single_biome_sensitivity,Amazon,nat_tmp_pas_consecutive2_ha,2005,2010,0,positive_low,664,13920,0.047701149425287359
single_biome_sensitivity,Amazon,nat_tmp_pas_consecutive2_ha,2005,2010,0,positive_moderate,474,13920,0.034051724137931033
single_biome_sensitivity,Amazon,nat_tmp_pas_consecutive2_ha,2005,2010,0,zero,12684,13920,0.91120689655172415
single_biome_sensitivity,Amazon,nat_tmp_pas_consecutive2_ha,2010,2015,0,positive_high,103,13920,0.0073994252873563222
single_biome_sensitivity,Amazon,nat_tmp_pas_consecutive2_ha,2010,2015,0,positive_low,1027,13920,0.073778735632183914
single_biome_sensitivity,Amazon,nat_tmp_pas_consecutive2_ha,2010,2015,0,positive_moderate,583,13920,0.041882183908045975
single_biome_sensitivity,Amazon,nat_tmp_pas_consecutive2_ha,2010,2015,0,zero,12207,13920,0.87693965517241379
single_biome_sensitivity,Amazon,nat_tmp_pas_consecutive2_ha,2015,2020,0,positive_high,72,13920,0.0051724137931034482
single_biome_sensitivity,Amazon,nat_tmp_pas_consecutive2_ha,2015,2020,0,positive_low,1156,13920,0.083045977011494257
single_biome_sensitivity,Amazon,nat_tmp_pas_consecutive2_ha,2015,2020,0,positive_moderate,566,13920,0.040660919540229885
single_biome_sensitivity,Amazon,nat_tmp_pas_consecutive2_ha,2015,2020,0,zero,12126,13920,0.87112068965517242
single_biome_sensitivity,Amazon,nat_tmp_pas_consecutive2_ha,2020,2025,1,positive_high,57,13920,0.0040948275862068969
single_biome_sensitivity,Amazon,nat_tmp_pas_consecutive2_ha,2020,2025,1,positive_low,1151,13920,0.082686781609195403
single_biome_sensitivity,Amazon,nat_tmp_pas_consecutive2_ha,2020,2025,1,positive_moderate,379,13920,0.027227011494252874
single_biome_sensitivity,Amazon,nat_tmp_pas_consecutive2_ha,2020,2025,1,zero,12333,13920,0.88599137931034477
single_biome_sensitivity,Amazon,nat_tmp_pas_consecutive2_share_endpoint,1985,1990,0,low_support,505,13920,0.036278735632183909
single_biome_sensitivity,Amazon,nat_tmp_pas_consecutive2_share_endpoint,1985,1990,0,not_applicable,13162,13920,0.94554597701149423
single_biome_sensitivity,Amazon,nat_tmp_pas_consecutive2_share_endpoint,1985,1990,0,positive_high,2,13920,0.00014367816091954023
single_biome_sensitivity,Amazon,nat_tmp_pas_consecutive2_share_endpoint,1985,1990,0,positive_low,114,13920,0.0081896551724137939
single_biome_sensitivity,Amazon,nat_tmp_pas_consecutive2_share_endpoint,1985,1990,0,positive_moderate,36,13920,0.0025862068965517241
single_biome_sensitivity,Amazon,nat_tmp_pas_consecutive2_share_endpoint,1985,1990,0,zero,101,13920,0.0072557471264367819
single_biome_sensitivity,Amazon,nat_tmp_pas_consecutive2_share_endpoint,1990,1995,0,low_support,597,13920,0.042887931034482761
single_biome_sensitivity,Amazon,nat_tmp_pas_consecutive2_share_endpoint,1990,1995,0,not_applicable,12937,13920,0.92938218390804594
single_biome_sensitivity,Amazon,nat_tmp_pas_consecutive2_share_endpoint,1990,1995,0,positive_high,18,13920,0.0012931034482758621
single_biome_sensitivity,Amazon,nat_tmp_pas_consecutive2_share_endpoint,1990,1995,0,positive_low,162,13920,0.011637931034482759
single_biome_sensitivity,Amazon,nat_tmp_pas_consecutive2_share_endpoint,1990,1995,0,positive_moderate,89,13920,0.0063936781609195406
single_biome_sensitivity,Amazon,nat_tmp_pas_consecutive2_share_endpoint,1990,1995,0,zero,117,13920,0.0084051724137931029
single_biome_sensitivity,Amazon,nat_tmp_pas_consecutive2_share_endpoint,1995,2000,0,low_support,881,13920,0.063290229885057475
single_biome_sensitivity,Amazon,nat_tmp_pas_consecutive2_share_endpoint,1995,2000,0,not_applicable,12504,13920,0.89827586206896548
single_biome_sensitivity,Amazon,nat_tmp_pas_consecutive2_share_endpoint,1995,2000,0,positive_high,38,13920,0.0027298850574712643
single_biome_sensitivity,Amazon,nat_tmp_pas_consecutive2_share_endpoint,1995,2000,0,positive_low,218,13920,0.015660919540229884
single_biome_sensitivity,Amazon,nat_tmp_pas_consecutive2_share_endpoint,1995,2000,0,positive_moderate,149,13920,0.010704022988505747
single_biome_sensitivity,Amazon,nat_tmp_pas_consecutive2_share_endpoint,1995,2000,0,zero,130,13920,0.0093390804597701157
single_biome_sensitivity,Amazon,nat_tmp_pas_consecutive2_share_endpoint,2000,2005,0,low_support,1188,13920,0.085344827586206901
single_biome_sensitivity,Amazon,nat_tmp_pas_consecutive2_share_endpoint,2000,2005,0,not_applicable,11797,13920,0.84748563218390804
single_biome_sensitivity,Amazon,nat_tmp_pas_consecutive2_share_endpoint,2000,2005,0,positive_high,83,13920,0.0059626436781609199
single_biome_sensitivity,Amazon,nat_tmp_pas_consecutive2_share_endpoint,2000,2005,0,positive_low,439,13920,0.031537356321839079
single_biome_sensitivity,Amazon,nat_tmp_pas_consecutive2_share_endpoint,2000,2005,0,positive_moderate,236,13920,0.016954022988505749
single_biome_sensitivity,Amazon,nat_tmp_pas_consecutive2_share_endpoint,2000,2005,0,zero,177,13920,0.01271551724137931
single_biome_sensitivity,Amazon,nat_tmp_pas_consecutive2_share_endpoint,2005,2010,0,low_support,1414,13920,0.10158045977011494
single_biome_sensitivity,Amazon,nat_tmp_pas_consecutive2_share_endpoint,2005,2010,0,not_applicable,11799,13920,0.84762931034482758
single_biome_sensitivity,Amazon,nat_tmp_pas_consecutive2_share_endpoint,2005,2010,0,positive_high,78,13920,0.0056034482758620689
single_biome_sensitivity,Amazon,nat_tmp_pas_consecutive2_share_endpoint,2005,2010,0,positive_low,309,13920,0.022198275862068965
single_biome_sensitivity,Amazon,nat_tmp_pas_consecutive2_share_endpoint,2005,2010,0,positive_moderate,208,13920,0.014942528735632184
single_biome_sensitivity,Amazon,nat_tmp_pas_consecutive2_share_endpoint,2005,2010,0,zero,112,13920,0.0080459770114942528
single_biome_sensitivity,Amazon,nat_tmp_pas_consecutive2_share_endpoint,2010,2015,0,low_support,1792,13920,0.12873563218390804
single_biome_sensitivity,Amazon,nat_tmp_pas_consecutive2_share_endpoint,2010,2015,0,not_applicable,11054,13920,0.79410919540229885
single_biome_sensitivity,Amazon,nat_tmp_pas_consecutive2_share_endpoint,2010,2015,0,positive_high,37,13920,0.0026580459770114942
single_biome_sensitivity,Amazon,nat_tmp_pas_consecutive2_share_endpoint,2010,2015,0,positive_low,539,13920,0.038721264367816095
single_biome_sensitivity,Amazon,nat_tmp_pas_consecutive2_share_endpoint,2010,2015,0,positive_moderate,299,13920,0.021479885057471265
single_biome_sensitivity,Amazon,nat_tmp_pas_consecutive2_share_endpoint,2010,2015,0,zero,199,13920,0.014295977011494253
single_biome_sensitivity,Amazon,nat_tmp_pas_consecutive2_share_endpoint,2015,2020,0,low_support,2039,13920,0.14647988505747125
single_biome_sensitivity,Amazon,nat_tmp_pas_consecutive2_share_endpoint,2015,2020,0,not_applicable,10765,13920,0.7733477011494253
single_biome_sensitivity,Amazon,nat_tmp_pas_consecutive2_share_endpoint,2015,2020,0,positive_high,38,13920,0.0027298850574712643
single_biome_sensitivity,Amazon,nat_tmp_pas_consecutive2_share_endpoint,2015,2020,0,positive_low,617,13920,0.044324712643678162
single_biome_sensitivity,Amazon,nat_tmp_pas_consecutive2_share_endpoint,2015,2020,0,positive_moderate,271,13920,0.0194683908045977
single_biome_sensitivity,Amazon,nat_tmp_pas_consecutive2_share_endpoint,2015,2020,0,zero,190,13920,0.013649425287356323
single_biome_sensitivity,Amazon,nat_tmp_pas_consecutive2_share_endpoint,2020,2025,1,low_support,2061,13920,0.1480603448275862
single_biome_sensitivity,Amazon,nat_tmp_pas_consecutive2_share_endpoint,2020,2025,1,not_applicable,10717,13920,0.76989942528735633
single_biome_sensitivity,Amazon,nat_tmp_pas_consecutive2_share_endpoint,2020,2025,1,positive_high,45,13920,0.0032327586206896551
single_biome_sensitivity,Amazon,nat_tmp_pas_consecutive2_share_endpoint,2020,2025,1,positive_low,626,13920,0.044971264367816094
single_biome_sensitivity,Amazon,nat_tmp_pas_consecutive2_share_endpoint,2020,2025,1,positive_moderate,166,13920,0.01192528735632184
single_biome_sensitivity,Amazon,nat_tmp_pas_consecutive2_share_endpoint,2020,2025,1,zero,305,13920,0.021910919540229886
single_biome_sensitivity,Amazon,net_cr_balance_ha,1985,1990,0,consolidation_low,35,13920,0.002514367816091954
single_biome_sensitivity,Amazon,net_cr_balance_ha,1985,1990,0,consolidation_moderate,4,13920,0.00028735632183908046
single_biome_sensitivity,Amazon,net_cr_balance_ha,1985,1990,0,replenishment_high,766,13920,0.055028735632183905
single_biome_sensitivity,Amazon,net_cr_balance_ha,1985,1990,0,replenishment_low,4486,13920,0.32227011494252872
single_biome_sensitivity,Amazon,net_cr_balance_ha,1985,1990,0,replenishment_moderate,2217,13920,0.15926724137931034
single_biome_sensitivity,Amazon,net_cr_balance_ha,1985,1990,0,zero,6412,13920,0.460632183908046
single_biome_sensitivity,Amazon,net_cr_balance_ha,1990,1995,0,consolidation_high,2,13920,0.00014367816091954023
single_biome_sensitivity,Amazon,net_cr_balance_ha,1990,1995,0,consolidation_low,59,13920,0.0042385057471264372
single_biome_sensitivity,Amazon,net_cr_balance_ha,1990,1995,0,consolidation_moderate,7,13920,0.0005028735632183908
single_biome_sensitivity,Amazon,net_cr_balance_ha,1990,1995,0,replenishment_high,1524,13920,0.10948275862068965
single_biome_sensitivity,Amazon,net_cr_balance_ha,1990,1995,0,replenishment_low,4505,13920,0.32363505747126436
single_biome_sensitivity,Amazon,net_cr_balance_ha,1990,1995,0,replenishment_moderate,2288,13920,0.16436781609195403
single_biome_sensitivity,Amazon,net_cr_balance_ha,1990,1995,0,zero,5535,13920,0.39762931034482757
single_biome_sensitivity,Amazon,net_cr_balance_ha,1995,2000,0,consolidation_low,68,13920,0.0048850574712643677
single_biome_sensitivity,Amazon,net_cr_balance_ha,1995,2000,0,consolidation_moderate,22,13920,0.0015804597701149425
single_biome_sensitivity,Amazon,net_cr_balance_ha,1995,2000,0,replenishment_high,1763,13920,0.12665229885057472
single_biome_sensitivity,Amazon,net_cr_balance_ha,1995,2000,0,replenishment_low,4376,13920,0.31436781609195402
single_biome_sensitivity,Amazon,net_cr_balance_ha,1995,2000,0,replenishment_moderate,2765,13920,0.19863505747126436
single_biome_sensitivity,Amazon,net_cr_balance_ha,1995,2000,0,zero,4926,13920,0.35387931034482761
single_biome_sensitivity,Amazon,net_cr_balance_ha,2000,2005,0,consolidation_high,50,13920,0.0035919540229885057
single_biome_sensitivity,Amazon,net_cr_balance_ha,2000,2005,0,consolidation_low,116,13920,0.0083333333333333332
single_biome_sensitivity,Amazon,net_cr_balance_ha,2000,2005,0,consolidation_moderate,150,13920,0.010775862068965518
single_biome_sensitivity,Amazon,net_cr_balance_ha,2000,2005,0,replenishment_high,1949,13920,0.14001436781609194
single_biome_sensitivity,Amazon,net_cr_balance_ha,2000,2005,0,replenishment_low,4327,13920,0.31084770114942528
single_biome_sensitivity,Amazon,net_cr_balance_ha,2000,2005,0,replenishment_moderate,3217,13920,0.23110632183908045
single_biome_sensitivity,Amazon,net_cr_balance_ha,2000,2005,0,zero,4111,13920,0.29533045977011496
single_biome_sensitivity,Amazon,net_cr_balance_ha,2005,2010,0,consolidation_high,53,13920,0.003807471264367816
single_biome_sensitivity,Amazon,net_cr_balance_ha,2005,2010,0,consolidation_low,365,13920,0.026221264367816091
single_biome_sensitivity,Amazon,net_cr_balance_ha,2005,2010,0,consolidation_moderate,349,13920,0.025071839080459769
single_biome_sensitivity,Amazon,net_cr_balance_ha,2005,2010,0,replenishment_high,749,13920,0.053807471264367815
single_biome_sensitivity,Amazon,net_cr_balance_ha,2005,2010,0,replenishment_low,5310,13920,0.38146551724137934
single_biome_sensitivity,Amazon,net_cr_balance_ha,2005,2010,0,replenishment_moderate,3193,13920,0.22938218390804599
single_biome_sensitivity,Amazon,net_cr_balance_ha,2005,2010,0,zero,3901,13920,0.28024425287356319
single_biome_sensitivity,Amazon,net_cr_balance_ha,2010,2015,0,consolidation_high,235,13920,0.016882183908045977
single_biome_sensitivity,Amazon,net_cr_balance_ha,2010,2015,0,consolidation_low,514,13920,0.036925287356321841
single_biome_sensitivity,Amazon,net_cr_balance_ha,2010,2015,0,consolidation_moderate,633,13920,0.045474137931034483
single_biome_sensitivity,Amazon,net_cr_balance_ha,2010,2015,0,replenishment_high,368,13920,0.026436781609195402
single_biome_sensitivity,Amazon,net_cr_balance_ha,2010,2015,0,replenishment_low,5729,13920,0.41156609195402299
single_biome_sensitivity,Amazon,net_cr_balance_ha,2010,2015,0,replenishment_moderate,2688,13920,0.19310344827586207
single_biome_sensitivity,Amazon,net_cr_balance_ha,2010,2015,0,zero,3753,13920,0.26961206896551726
single_biome_sensitivity,Amazon,net_cr_balance_ha,2015,2020,0,consolidation_high,113,13920,0.0081178160919540224
single_biome_sensitivity,Amazon,net_cr_balance_ha,2015,2020,0,consolidation_low,698,13920,0.050143678160919539
single_biome_sensitivity,Amazon,net_cr_balance_ha,2015,2020,0,consolidation_moderate,649,13920,0.046623563218390805
single_biome_sensitivity,Amazon,net_cr_balance_ha,2015,2020,0,replenishment_high,547,13920,0.039295977011494253
single_biome_sensitivity,Amazon,net_cr_balance_ha,2015,2020,0,replenishment_low,5494,13920,0.39468390804597703
single_biome_sensitivity,Amazon,net_cr_balance_ha,2015,2020,0,replenishment_moderate,2974,13920,0.21364942528735631
single_biome_sensitivity,Amazon,net_cr_balance_ha,2015,2020,0,zero,3445,13920,0.24748563218390804
single_biome_sensitivity,Amazon,net_cr_balance_ha,2020,2025,1,consolidation_high,41,13920,0.0029454022988505747
single_biome_sensitivity,Amazon,net_cr_balance_ha,2020,2025,1,consolidation_low,669,13920,0.048060344827586206
single_biome_sensitivity,Amazon,net_cr_balance_ha,2020,2025,1,consolidation_moderate,469,13920,0.033692528735632186
single_biome_sensitivity,Amazon,net_cr_balance_ha,2020,2025,1,replenishment_high,414,13920,0.029741379310344828
single_biome_sensitivity,Amazon,net_cr_balance_ha,2020,2025,1,replenishment_low,6282,13920,0.45129310344827589
single_biome_sensitivity,Amazon,net_cr_balance_ha,2020,2025,1,replenishment_moderate,3350,13920,0.24066091954022989
single_biome_sensitivity,Amazon,net_cr_balance_ha,2020,2025,1,zero,2695,13920,0.19360632183908047
single_biome_sensitivity,Amazon,cr_balance_index,1985,1990,0,consolidation_dominant,29,13920,0.0020833333333333333
single_biome_sensitivity,Amazon,cr_balance_index,1985,1990,0,inactive,6412,13920,0.460632183908046
single_biome_sensitivity,Amazon,cr_balance_index,1985,1990,0,mixed,26,13920,0.001867816091954023
single_biome_sensitivity,Amazon,cr_balance_index,1985,1990,0,replenishment_dominant,7453,13920,0.53541666666666665
single_biome_sensitivity,Amazon,cr_balance_index,1990,1995,0,consolidation_dominant,44,13920,0.003160919540229885
single_biome_sensitivity,Amazon,cr_balance_index,1990,1995,0,inactive,5535,13920,0.39762931034482757
single_biome_sensitivity,Amazon,cr_balance_index,1990,1995,0,mixed,49,13920,0.0035201149425287356
single_biome_sensitivity,Amazon,cr_balance_index,1990,1995,0,replenishment_dominant,8292,13920,0.59568965517241379
single_biome_sensitivity,Amazon,cr_balance_index,1995,2000,0,consolidation_dominant,53,13920,0.003807471264367816
single_biome_sensitivity,Amazon,cr_balance_index,1995,2000,0,inactive,4926,13920,0.35387931034482761
single_biome_sensitivity,Amazon,cr_balance_index,1995,2000,0,mixed,93,13920,0.006681034482758621
single_biome_sensitivity,Amazon,cr_balance_index,1995,2000,0,replenishment_dominant,8848,13920,0.63563218390804599
single_biome_sensitivity,Amazon,cr_balance_index,2000,2005,0,consolidation_dominant,215,13920,0.015445402298850575
single_biome_sensitivity,Amazon,cr_balance_index,2000,2005,0,inactive,4111,13920,0.29533045977011496
single_biome_sensitivity,Amazon,cr_balance_index,2000,2005,0,mixed,218,13920,0.015660919540229884
single_biome_sensitivity,Amazon,cr_balance_index,2000,2005,0,replenishment_dominant,9376,13920,0.67356321839080457
single_biome_sensitivity,Amazon,cr_balance_index,2005,2010,0,consolidation_dominant,602,13920,0.043247126436781608
single_biome_sensitivity,Amazon,cr_balance_index,2005,2010,0,inactive,3901,13920,0.28024425287356319
single_biome_sensitivity,Amazon,cr_balance_index,2005,2010,0,mixed,332,13920,0.02385057471264368
single_biome_sensitivity,Amazon,cr_balance_index,2005,2010,0,replenishment_dominant,9085,13920,0.65265804597701149
single_biome_sensitivity,Amazon,cr_balance_index,2010,2015,0,consolidation_dominant,1155,13920,0.082974137931034489
single_biome_sensitivity,Amazon,cr_balance_index,2010,2015,0,inactive,3753,13920,0.26961206896551726
single_biome_sensitivity,Amazon,cr_balance_index,2010,2015,0,mixed,444,13920,0.031896551724137932
single_biome_sensitivity,Amazon,cr_balance_index,2010,2015,0,replenishment_dominant,8568,13920,0.6155172413793103
single_biome_sensitivity,Amazon,cr_balance_index,2015,2020,0,consolidation_dominant,1153,13920,0.082830459770114939
single_biome_sensitivity,Amazon,cr_balance_index,2015,2020,0,inactive,3445,13920,0.24748563218390804
single_biome_sensitivity,Amazon,cr_balance_index,2015,2020,0,mixed,632,13920,0.045402298850574715
single_biome_sensitivity,Amazon,cr_balance_index,2015,2020,0,replenishment_dominant,8690,13920,0.62428160919540232
single_biome_sensitivity,Amazon,cr_balance_index,2020,2025,1,consolidation_dominant,870,13920,0.0625
single_biome_sensitivity,Amazon,cr_balance_index,2020,2025,1,inactive,2695,13920,0.19360632183908047
single_biome_sensitivity,Amazon,cr_balance_index,2020,2025,1,mixed,610,13920,0.043821839080459772
single_biome_sensitivity,Amazon,cr_balance_index,2020,2025,1,replenishment_dominant,9745,13920,0.70007183908045978
single_biome_sensitivity,Cerrado,consolidation_ha,1985,1990,0,positive_high,423,10387,0.04072398190045249
single_biome_sensitivity,Cerrado,consolidation_ha,1985,1990,0,positive_low,2088,10387,0.20102050640223357
single_biome_sensitivity,Cerrado,consolidation_ha,1985,1990,0,positive_moderate,1750,10387,0.16847983055742755
single_biome_sensitivity,Cerrado,consolidation_ha,1985,1990,0,zero,6126,10387,0.58977568113988643
single_biome_sensitivity,Cerrado,consolidation_ha,1990,1995,0,positive_high,479,10387,0.046115336478290171
single_biome_sensitivity,Cerrado,consolidation_ha,1990,1995,0,positive_low,2635,10387,0.25368248772504093
single_biome_sensitivity,Cerrado,consolidation_ha,1990,1995,0,positive_moderate,2205,10387,0.21228458650235871
single_biome_sensitivity,Cerrado,consolidation_ha,1990,1995,0,zero,5068,10387,0.48791758929431017
single_biome_sensitivity,Cerrado,consolidation_ha,1995,2000,0,positive_high,538,10387,0.051795513622797724
single_biome_sensitivity,Cerrado,consolidation_ha,1995,2000,0,positive_low,3164,10387,0.304611533647829
single_biome_sensitivity,Cerrado,consolidation_ha,1995,2000,0,positive_moderate,2352,10387,0.22643689226918262
single_biome_sensitivity,Cerrado,consolidation_ha,1995,2000,0,zero,4333,10387,0.4171560604601906
single_biome_sensitivity,Cerrado,consolidation_ha,2000,2005,0,positive_high,1035,10387,0.099643785501107154
single_biome_sensitivity,Cerrado,consolidation_ha,2000,2005,0,positive_low,2926,10387,0.28169827669201886
single_biome_sensitivity,Cerrado,consolidation_ha,2000,2005,0,positive_moderate,2492,10387,0.23991527871377683
single_biome_sensitivity,Cerrado,consolidation_ha,2000,2005,0,zero,3934,10387,0.37874265909309712
single_biome_sensitivity,Cerrado,consolidation_ha,2005,2010,0,positive_high,528,10387,0.050832771733898142
single_biome_sensitivity,Cerrado,consolidation_ha,2005,2010,0,positive_low,3408,10387,0.32810243573697889
single_biome_sensitivity,Cerrado,consolidation_ha,2005,2010,0,positive_moderate,3324,10387,0.32001540387022237
single_biome_sensitivity,Cerrado,consolidation_ha,2005,2010,0,zero,3127,10387,0.30104938865890057
single_biome_sensitivity,Cerrado,consolidation_ha,2010,2015,0,positive_high,993,10387,0.095600269567728893
single_biome_sensitivity,Cerrado,consolidation_ha,2010,2015,0,positive_low,3214,10387,0.30942524309232694
single_biome_sensitivity,Cerrado,consolidation_ha,2010,2015,0,positive_moderate,3612,10387,0.34774237027053045
single_biome_sensitivity,Cerrado,consolidation_ha,2010,2015,0,zero,2568,10387,0.2472321170694137
single_biome_sensitivity,Cerrado,consolidation_ha,2015,2020,0,positive_high,607,10387,0.058438432656204874
single_biome_sensitivity,Cerrado,consolidation_ha,2015,2020,0,positive_low,3613,10387,0.34783864445942042
single_biome_sensitivity,Cerrado,consolidation_ha,2015,2020,0,positive_moderate,4040,10387,0.38894772311543274
single_biome_sensitivity,Cerrado,consolidation_ha,2015,2020,0,zero,2127,10387,0.20477519976894196
single_biome_sensitivity,Cerrado,consolidation_ha,2020,2025,1,positive_high,209,10387,0.020121305478001349
single_biome_sensitivity,Cerrado,consolidation_ha,2020,2025,1,positive_low,5277,10387,0.50803889477231157
single_biome_sensitivity,Cerrado,consolidation_ha,2020,2025,1,positive_moderate,2569,10387,0.24732839125830364
single_biome_sensitivity,Cerrado,consolidation_ha,2020,2025,1,zero,2332,10387,0.22451140849138346
single_biome_sensitivity,Cerrado,consolidation_rate_initial_pasture,1985,1990,0,positive_high,420,10387,0.040435159333782611
single_biome_sensitivity,Cerrado,consolidation_rate_initial_pasture,1985,1990,0,positive_low,2126,10387,0.20467892558005199
single_biome_sensitivity,Cerrado,consolidation_rate_initial_pasture,1985,1990,0,positive_moderate,1715,10387,0.16511023394627899
single_biome_sensitivity,Cerrado,consolidation_rate_initial_pasture,1985,1990,0,undefined,1040,10387,0.10012515644555695
single_biome_sensitivity,Cerrado,consolidation_rate_initial_pasture,1985,1990,0,zero,5086,10387,0.48965052469432946
single_biome_sensitivity,Cerrado,consolidation_rate_initial_pasture,1990,1995,0,positive_high,503,10387,0.048425917011649174
single_biome_sensitivity,Cerrado,consolidation_rate_initial_pasture,1990,1995,0,positive_low,2770,10387,0.26667950322518535
single_biome_sensitivity,Cerrado,consolidation_rate_initial_pasture,1990,1995,0,positive_moderate,2046,10387,0.19697699046885531
single_biome_sensitivity,Cerrado,consolidation_rate_initial_pasture,1990,1995,0,undefined,743,10387,0.071531722345239246
single_biome_sensitivity,Cerrado,consolidation_rate_initial_pasture,1990,1995,0,zero,4325,10387,0.41638586694907093
single_biome_sensitivity,Cerrado,consolidation_rate_initial_pasture,1995,2000,0,positive_high,502,10387,0.048329642822759221
single_biome_sensitivity,Cerrado,consolidation_rate_initial_pasture,1995,2000,0,positive_low,3376,10387,0.32502166169250024
single_biome_sensitivity,Cerrado,consolidation_rate_initial_pasture,1995,2000,0,positive_moderate,2176,10387,0.20949263502454993
single_biome_sensitivity,Cerrado,consolidation_rate_initial_pasture,1995,2000,0,undefined,570,10387,0.054876287667276404
single_biome_sensitivity,Cerrado,consolidation_rate_initial_pasture,1995,2000,0,zero,3763,10387,0.36227977279291423
single_biome_sensitivity,Cerrado,consolidation_rate_initial_pasture,2000,2005,0,positive_high,843,10387,0.081159141234235108
single_biome_sensitivity,Cerrado,consolidation_rate_initial_pasture,2000,2005,0,positive_low,2969,10387,0.28583806681428708
single_biome_sensitivity,Cerrado,consolidation_rate_initial_pasture,2000,2005,0,positive_moderate,2641,10387,0.25426013285838067
single_biome_sensitivity,Cerrado,consolidation_rate_initial_pasture,2000,2005,0,undefined,453,10387,0.04361220756715125
single_biome_sensitivity,Cerrado,consolidation_rate_initial_pasture,2000,2005,0,zero,3481,10387,0.33513045152594589
single_biome_sensitivity,Cerrado,consolidation_rate_initial_pasture,2005,2010,0,positive_high,545,10387,0.052469432945027442
single_biome_sensitivity,Cerrado,consolidation_rate_initial_pasture,2005,2010,0,positive_low,3546,10387,0.34138827380379322
single_biome_sensitivity,Cerrado,consolidation_rate_initial_pasture,2005,2010,0,positive_moderate,3169,10387,0.30509290459227884
single_biome_sensitivity,Cerrado,consolidation_rate_initial_pasture,2005,2010,0,undefined,344,10387,0.033118320978145759
single_biome_sensitivity,Cerrado,consolidation_rate_initial_pasture,2005,2010,0,zero,2783,10387,0.26793106768075481
single_biome_sensitivity,Cerrado,consolidation_rate_initial_pasture,2010,2015,0,positive_high,781,10387,0.075190141523057669
single_biome_sensitivity,Cerrado,consolidation_rate_initial_pasture,2010,2015,0,positive_low,3159,10387,0.30413016270337923
single_biome_sensitivity,Cerrado,consolidation_rate_initial_pasture,2010,2015,0,positive_moderate,3879,10387,0.37344757870414941
single_biome_sensitivity,Cerrado,consolidation_rate_initial_pasture,2010,2015,0,undefined,298,10387,0.028689708289207663
single_biome_sensitivity,Cerrado,consolidation_rate_initial_pasture,2010,2015,0,zero,2270,10387,0.21854240878020603
single_biome_sensitivity,Cerrado,consolidation_rate_initial_pasture,2015,2020,0,positive_high,465,10387,0.044767497833830751
single_biome_sensitivity,Cerrado,consolidation_rate_initial_pasture,2015,2020,0,positive_low,3385,10387,0.32588812939250988
single_biome_sensitivity,Cerrado,consolidation_rate_initial_pasture,2015,2020,0,positive_moderate,4410,10387,0.42456917300471742
single_biome_sensitivity,Cerrado,consolidation_rate_initial_pasture,2015,2020,0,undefined,229,10387,0.02204678925580052
single_biome_sensitivity,Cerrado,consolidation_rate_initial_pasture,2015,2020,0,zero,1898,10387,0.18272841051314143
single_biome_sensitivity,Cerrado,consolidation_rate_initial_pasture,2020,2025,1,positive_high,388,10387,0.037354385289303939
single_biome_sensitivity,Cerrado,consolidation_rate_initial_pasture,2020,2025,1,positive_low,4969,10387,0.47838644459420432
single_biome_sensitivity,Cerrado,consolidation_rate_initial_pasture,2020,2025,1,positive_moderate,2698,10387,0.25974776162510832
single_biome_sensitivity,Cerrado,consolidation_rate_initial_pasture,2020,2025,1,undefined,184,10387,0.017714450755752384
single_biome_sensitivity,Cerrado,consolidation_rate_initial_pasture,2020,2025,1,zero,2148,10387,0.20679695773563109
single_biome_sensitivity,Cerrado,replenishment_ha,1985,1990,0,positive_high,2157,10387,0.2076634254356407
single_biome_sensitivity,Cerrado,replenishment_ha,1985,1990,0,positive_low,2985,10387,0.28737845383652644
single_biome_sensitivity,Cerrado,replenishment_ha,1985,1990,0,positive_moderate,4437,10387,0.42716857610474634
single_biome_sensitivity,Cerrado,replenishment_ha,1985,1990,0,zero,808,10387,0.077789544623086557
single_biome_sensitivity,Cerrado,replenishment_ha,1990,1995,0,positive_high,1377,10387,0.132569558101473
single_biome_sensitivity,Cerrado,replenishment_ha,1990,1995,0,positive_low,3343,10387,0.32184461345913162
single_biome_sensitivity,Cerrado,replenishment_ha,1990,1995,0,positive_moderate,5042,10387,0.48541446038317126
single_biome_sensitivity,Cerrado,replenishment_ha,1990,1995,0,zero,625,10387,0.060171368056224125
single_biome_sensitivity,Cerrado,replenishment_ha,1995,2000,0,positive_high,667,10387,0.064214883989602387
single_biome_sensitivity,Cerrado,replenishment_ha,1995,2000,0,positive_low,3971,10387,0.38230480408202561
single_biome_sensitivity,Cerrado,replenishment_ha,1995,2000,0,positive_moderate,5240,10387,0.50447674978338308
single_biome_sensitivity,Cerrado,replenishment_ha,1995,2000,0,zero,509,10387,0.049003562144988931
single_biome_sensitivity,Cerrado,replenishment_ha,2000,2005,0,positive_high,533,10387,0.051314142678347933
single_biome_sensitivity,Cerrado,replenishment_ha,2000,2005,0,positive_low,4309,10387,0.41484547992683163
single_biome_sensitivity,Cerrado,replenishment_ha,2000,2005,0,positive_moderate,5158,10387,0.49658226629440649
single_biome_sensitivity,Cerrado,replenishment_ha,2000,2005,0,zero,387,10387,0.037258111100413979
single_biome_sensitivity,Cerrado,replenishment_ha,2005,2010,0,positive_high,122,10387,0.01174545104457495
single_biome_sensitivity,Cerrado,replenishment_ha,2005,2010,0,positive_low,5546,10387,0.5339366515837104
single_biome_sensitivity,Cerrado,replenishment_ha,2005,2010,0,positive_moderate,4355,10387,0.4192740926157697
single_biome_sensitivity,Cerrado,replenishment_ha,2005,2010,0,zero,364,10387,0.035043804755944929
single_biome_sensitivity,Cerrado,replenishment_ha,2010,2015,0,positive_high,251,10387,0.02416482141137961
single_biome_sensitivity,Cerrado,replenishment_ha,2010,2015,0,positive_low,5765,10387,0.55502069895061135
single_biome_sensitivity,Cerrado,replenishment_ha,2010,2015,0,positive_moderate,4091,10387,0.39385770674882065
single_biome_sensitivity,Cerrado,replenishment_ha,2010,2015,0,zero,280,10387,0.026956772889188407
single_biome_sensitivity,Cerrado,replenishment_ha,2015,2020,0,positive_high,129,10387,0.01241937036680466
single_biome_sensitivity,Cerrado,replenishment_ha,2015,2020,0,positive_low,6027,10387,0.58024453643978047
single_biome_sensitivity,Cerrado,replenishment_ha,2015,2020,0,positive_moderate,3984,10387,0.38355636853759506
single_biome_sensitivity,Cerrado,replenishment_ha,2015,2020,0,zero,247,10387,0.023779724655819776
single_biome_sensitivity,Cerrado,replenishment_ha,2020,2025,1,positive_high,290,10387,0.027919514778087996
single_biome_sensitivity,Cerrado,replenishment_ha,2020,2025,1,positive_low,5372,10387,0.51718494271685767
single_biome_sensitivity,Cerrado,replenishment_ha,2020,2025,1,positive_moderate,4556,10387,0.43862520458265142
single_biome_sensitivity,Cerrado,replenishment_ha,2020,2025,1,zero,169,10387,0.016270337922403004
single_biome_sensitivity,Cerrado,replenishment_rate_initial_native,1985,1990,0,positive_high,2557,10387,0.24617310099162415
single_biome_sensitivity,Cerrado,replenishment_rate_initial_native,1985,1990,0,positive_low,3306,10387,0.31828246847020314
single_biome_sensitivity,Cerrado,replenishment_rate_initial_native,1985,1990,0,positive_moderate,3716,10387,0.35775488591508614
single_biome_sensitivity,Cerrado,replenishment_rate_initial_native,1985,1990,0,undefined,3,10387,0.00028882256666987578
single_biome_sensitivity,Cerrado,replenishment_rate_initial_native,1985,1990,0,zero,805,10387,0.077500722056416671
single_biome_sensitivity,Cerrado,replenishment_rate_initial_native,1990,1995,0,positive_high,1522,10387,0.14652931549051698
single_biome_sensitivity,Cerrado,replenishment_rate_initial_native,1990,1995,0,positive_low,3270,10387,0.31481659767016462
single_biome_sensitivity,Cerrado,replenishment_rate_initial_native,1990,1995,0,positive_moderate,4970,10387,0.47848271878309423
single_biome_sensitivity,Cerrado,replenishment_rate_initial_native,1990,1995,0,undefined,4,10387,0.0003850967555598344
single_biome_sensitivity,Cerrado,replenishment_rate_initial_native,1990,1995,0,zero,621,10387,0.059786271300664294
single_biome_sensitivity,Cerrado,replenishment_rate_initial_native,1995,2000,0,positive_high,814,10387,0.0783671897564263
single_biome_sensitivity,Cerrado,replenishment_rate_initial_native,1995,2000,0,positive_low,3622,10387,0.34870511215943006
single_biome_sensitivity,Cerrado,replenishment_rate_initial_native,1995,2000,0,positive_moderate,5442,10387,0.52392413593915477
single_biome_sensitivity,Cerrado,replenishment_rate_initial_native,1995,2000,0,undefined,4,10387,0.0003850967555598344
single_biome_sensitivity,Cerrado,replenishment_rate_initial_native,1995,2000,0,zero,505,10387,0.048618465389429093
single_biome_sensitivity,Cerrado,replenishment_rate_initial_native,2000,2005,0,positive_high,681,10387,0.065562722634061807
single_biome_sensitivity,Cerrado,replenishment_rate_initial_native,2000,2005,0,positive_low,3936,10387,0.37893520747087706
single_biome_sensitivity,Cerrado,replenishment_rate_initial_native,2000,2005,0,positive_moderate,5383,10387,0.51824395879464713
single_biome_sensitivity,Cerrado,replenishment_rate_initial_native,2000,2005,0,undefined,3,10387,0.00028882256666987578
single_biome_sensitivity,Cerrado,replenishment_rate_initial_native,2000,2005,0,zero,384,10387,0.0369692885337441
single_biome_sensitivity,Cerrado,replenishment_rate_initial_native,2005,2010,0,positive_high,171,10387,0.01646288630018292
single_biome_sensitivity,Cerrado,replenishment_rate_initial_native,2005,2010,0,positive_low,4961,10387,0.47761625108308464
single_biome_sensitivity,Cerrado,replenishment_rate_initial_native,2005,2010,0,positive_moderate,4891,10387,0.47087705786078754
single_biome_sensitivity,Cerrado,replenishment_rate_initial_native,2005,2010,0,undefined,4,10387,0.0003850967555598344
single_biome_sensitivity,Cerrado,replenishment_rate_initial_native,2005,2010,0,zero,360,10387,0.034658708000385098
single_biome_sensitivity,Cerrado,replenishment_rate_initial_native,2010,2015,0,positive_high,227,10387,0.021854240878020601
single_biome_sensitivity,Cerrado,replenishment_rate_initial_native,2010,2015,0,positive_low,5389,10387,0.51882160392798693
single_biome_sensitivity,Cerrado,replenishment_rate_initial_native,2010,2015,0,positive_moderate,4491,10387,0.43236738230480409
single_biome_sensitivity,Cerrado,replenishment_rate_initial_native,2010,2015,0,undefined,5,10387,0.00048137094444979301
single_biome_sensitivity,Cerrado,replenishment_rate_initial_native,2010,2015,0,zero,275,10387,0.026475401944738616
single_biome_sensitivity,Cerrado,replenishment_rate_initial_native,2015,2020,0,positive_high,113,10387,0.010878983344565323
single_biome_sensitivity,Cerrado,replenishment_rate_initial_native,2015,2020,0,positive_low,5415,10387,0.52132473283912584
single_biome_sensitivity,Cerrado,replenishment_rate_initial_native,2015,2020,0,positive_moderate,4612,10387,0.4440165591604891
single_biome_sensitivity,Cerrado,replenishment_rate_initial_native,2015,2020,0,undefined,4,10387,0.0003850967555598344
single_biome_sensitivity,Cerrado,replenishment_rate_initial_native,2015,2020,0,zero,243,10387,0.023394627900259941
single_biome_sensitivity,Cerrado,replenishment_rate_initial_native,2020,2025,1,positive_high,232,10387,0.022335611822470396
single_biome_sensitivity,Cerrado,replenishment_rate_initial_native,2020,2025,1,positive_low,4656,10387,0.44825262347164724
single_biome_sensitivity,Cerrado,replenishment_rate_initial_native,2020,2025,1,positive_moderate,5330,10387,0.5131414267834794
single_biome_sensitivity,Cerrado,replenishment_rate_initial_native,2020,2025,1,undefined,4,10387,0.0003850967555598344
single_biome_sensitivity,Cerrado,replenishment_rate_initial_native,2020,2025,1,zero,165,10387,0.015885241166843169
single_biome_sensitivity,Cerrado,nat_tmp_endpoint_ha,1985,1990,0,positive_high,784,10387,0.07547896408972754
single_biome_sensitivity,Cerrado,nat_tmp_endpoint_ha,1985,1990,0,positive_low,1511,10387,0.14547029941272746
single_biome_sensitivity,Cerrado,nat_tmp_endpoint_ha,1985,1990,0,positive_moderate,2209,10387,0.21266968325791855
single_biome_sensitivity,Cerrado,nat_tmp_endpoint_ha,1985,1990,0,zero,5883,10387,0.56638105323962651
single_biome_sensitivity,Cerrado,nat_tmp_endpoint_ha,1990,1995,0,positive_high,646,10387,0.062193126022913256
single_biome_sensitivity,Cerrado,nat_tmp_endpoint_ha,1990,1995,0,positive_low,2001,10387,0.19264465196880717
single_biome_sensitivity,Cerrado,nat_tmp_endpoint_ha,1990,1995,0,positive_moderate,2287,10387,0.22017906999133532
single_biome_sensitivity,Cerrado,nat_tmp_endpoint_ha,1990,1995,0,zero,5453,10387,0.52498315201694423
single_biome_sensitivity,Cerrado,nat_tmp_endpoint_ha,1995,2000,0,positive_high,555,10387,0.053432174833927024
single_biome_sensitivity,Cerrado,nat_tmp_endpoint_ha,1995,2000,0,positive_low,2845,10387,0.27390006739193223
single_biome_sensitivity,Cerrado,nat_tmp_endpoint_ha,1995,2000,0,positive_moderate,1907,10387,0.18359487821315104
single_biome_sensitivity,Cerrado,nat_tmp_endpoint_ha,1995,2000,0,zero,5080,10387,0.48907287956098972
single_biome_sensitivity,Cerrado,nat_tmp_endpoint_ha,2000,2005,0,positive_high,840,10387,0.080870318667565222
single_biome_sensitivity,Cerrado,nat_tmp_endpoint_ha,2000,2005,0,positive_low,2571,10387,0.24752093963608357
single_biome_sensitivity,Cerrado,nat_tmp_endpoint_ha,2000,2005,0,positive_moderate,2400,10387,0.23105805333590065
single_biome_sensitivity,Cerrado,nat_tmp_endpoint_ha,2000,2005,0,zero,4576,10387,0.44055068836045058
single_biome_sensitivity,Cerrado,nat_tmp_endpoint_ha,2005,2010,0,positive_high,444,10387,0.04274573986714162
single_biome_sensitivity,Cerrado,nat_tmp_endpoint_ha,2005,2010,0,positive_low,3451,10387,0.33224222585924712
single_biome_sensitivity,Cerrado,nat_tmp_endpoint_ha,2005,2010,0,positive_moderate,2431,10387,0.23404255319148937
single_biome_sensitivity,Cerrado,nat_tmp_endpoint_ha,2005,2010,0,zero,4061,10387,0.39096948108212187
single_biome_sensitivity,Cerrado,nat_tmp_endpoint_ha,2010,2015,0,positive_high,642,10387,0.061808029267353425
single_biome_sensitivity,Cerrado,nat_tmp_endpoint_ha,2010,2015,0,positive_low,3532,10387,0.3400404351593338
single_biome_sensitivity,Cerrado,nat_tmp_endpoint_ha,2010,2015,0,positive_moderate,2813,10387,0.27081929334745353
single_biome_sensitivity,Cerrado,nat_tmp_endpoint_ha,2010,2015,0,zero,3400,10387,0.32733224222585927
single_biome_sensitivity,Cerrado,nat_tmp_endpoint_ha,2015,2020,0,positive_high,310,10387,0.029844998555887167
single_biome_sensitivity,Cerrado,nat_tmp_endpoint_ha,2015,2020,0,positive_low,3957,10387,0.38095696543756619
single_biome_sensitivity,Cerrado,nat_tmp_endpoint_ha,2015,2020,0,positive_moderate,2848,10387,0.27418888995860208
single_biome_sensitivity,Cerrado,nat_tmp_endpoint_ha,2015,2020,0,zero,3272,10387,0.31500914604794455
single_biome_sensitivity,Cerrado,nat_tmp_endpoint_ha,2020,2025,1,positive_high,279,10387,0.026860498700298451
single_biome_sensitivity,Cerrado,nat_tmp_endpoint_ha,2020,2025,1,positive_low,4653,10387,0.44796380090497739
single_biome_sensitivity,Cerrado,nat_tmp_endpoint_ha,2020,2025,1,positive_moderate,2091,10387,0.20130932896890344
single_biome_sensitivity,Cerrado,nat_tmp_endpoint_ha,2020,2025,1,zero,3364,10387,0.32386637142582075
single_biome_sensitivity,Cerrado,nat_tmp_intensity_initial_native,1985,1990,0,positive_high,910,10387,0.087609511889862324
single_biome_sensitivity,Cerrado,nat_tmp_intensity_initial_native,1985,1990,0,positive_low,1593,10387,0.15336478290170405
single_biome_sensitivity,Cerrado,nat_tmp_intensity_initial_native,1985,1990,0,positive_moderate,2001,10387,0.19264465196880717
single_biome_sensitivity,Cerrado,nat_tmp_intensity_initial_native,1985,1990,0,undefined,3,10387,0.00028882256666987578
single_biome_sensitivity,Cerrado,nat_tmp_intensity_initial_native,1985,1990,0,zero,5880,10387,0.56609223067295655
single_biome_sensitivity,Cerrado,nat_tmp_intensity_initial_native,1990,1995,0,positive_high,697,10387,0.067103109656301146
single_biome_sensitivity,Cerrado,nat_tmp_intensity_initial_native,1990,1995,0,positive_low,2013,10387,0.19379994223548666
single_biome_sensitivity,Cerrado,nat_tmp_intensity_initial_native,1990,1995,0,positive_moderate,2224,10387,0.21411379609126793
single_biome_sensitivity,Cerrado,nat_tmp_intensity_initial_native,1990,1995,0,undefined,4,10387,0.0003850967555598344
single_biome_sensitivity,Cerrado,nat_tmp_intensity_initial_native,1990,1995,0,zero,5449,10387,0.52459805526138448
single_biome_sensitivity,Cerrado,nat_tmp_intensity_initial_native,1995,2000,0,positive_high,589,10387,0.056705497256185615
single_biome_sensitivity,Cerrado,nat_tmp_intensity_initial_native,1995,2000,0,positive_low,2749,10387,0.26465774525849622
single_biome_sensitivity,Cerrado,nat_tmp_intensity_initial_native,1995,2000,0,positive_moderate,1969,10387,0.18956387792432849
single_biome_sensitivity,Cerrado,nat_tmp_intensity_initial_native,1995,2000,0,undefined,4,10387,0.0003850967555598344
single_biome_sensitivity,Cerrado,nat_tmp_intensity_initial_native,1995,2000,0,zero,5076,10387,0.48868778280542985
single_biome_sensitivity,Cerrado,nat_tmp_intensity_initial_native,2000,2005,0,positive_high,870,10387,0.083758544334263982
single_biome_sensitivity,Cerrado,nat_tmp_intensity_initial_native,2000,2005,0,positive_low,2498,10387,0.2404929238471166
single_biome_sensitivity,Cerrado,nat_tmp_intensity_initial_native,2000,2005,0,positive_moderate,2443,10387,0.23519784345816885
single_biome_sensitivity,Cerrado,nat_tmp_intensity_initial_native,2000,2005,0,undefined,3,10387,0.00028882256666987578
single_biome_sensitivity,Cerrado,nat_tmp_intensity_initial_native,2000,2005,0,zero,4573,10387,0.44026186579378068
single_biome_sensitivity,Cerrado,nat_tmp_intensity_initial_native,2005,2010,0,positive_high,398,10387,0.038317127178203521
single_biome_sensitivity,Cerrado,nat_tmp_intensity_initial_native,2005,2010,0,positive_low,3222,10387,0.31019543660344662
single_biome_sensitivity,Cerrado,nat_tmp_intensity_initial_native,2005,2010,0,positive_moderate,2706,10387,0.260517955136228
single_biome_sensitivity,Cerrado,nat_tmp_intensity_initial_native,2005,2010,0,undefined,4,10387,0.0003850967555598344
single_biome_sensitivity,Cerrado,nat_tmp_intensity_initial_native,2005,2010,0,zero,4057,10387,0.39058438432656206
single_biome_sensitivity,Cerrado,nat_tmp_intensity_initial_native,2010,2015,0,positive_high,587,10387,0.056512948878405703
single_biome_sensitivity,Cerrado,nat_tmp_intensity_initial_native,2010,2015,0,positive_low,3270,10387,0.31481659767016462
single_biome_sensitivity,Cerrado,nat_tmp_intensity_initial_native,2010,2015,0,positive_moderate,3130,10387,0.30133821122557042
single_biome_sensitivity,Cerrado,nat_tmp_intensity_initial_native,2010,2015,0,undefined,5,10387,0.00048137094444979301
single_biome_sensitivity,Cerrado,nat_tmp_intensity_initial_native,2010,2015,0,zero,3395,10387,0.32685087128140944
single_biome_sensitivity,Cerrado,nat_tmp_intensity_initial_native,2015,2020,0,positive_high,272,10387,0.026186579378068741
single_biome_sensitivity,Cerrado,nat_tmp_intensity_initial_native,2015,2020,0,positive_low,3607,10387,0.34726099932608068
single_biome_sensitivity,Cerrado,nat_tmp_intensity_initial_native,2015,2020,0,positive_moderate,3236,10387,0.31154327524790604
single_biome_sensitivity,Cerrado,nat_tmp_intensity_initial_native,2015,2020,0,undefined,4,10387,0.0003850967555598344
single_biome_sensitivity,Cerrado,nat_tmp_intensity_initial_native,2015,2020,0,zero,3268,10387,0.31462404929238469
single_biome_sensitivity,Cerrado,nat_tmp_intensity_initial_native,2020,2025,1,positive_high,262,10387,0.025223837489169152
single_biome_sensitivity,Cerrado,nat_tmp_intensity_initial_native,2020,2025,1,positive_low,4185,10387,0.40290748050447672
single_biome_sensitivity,Cerrado,nat_tmp_intensity_initial_native,2020,2025,1,positive_moderate,2576,10387,0.24800231058053335
single_biome_sensitivity,Cerrado,nat_tmp_intensity_initial_native,2020,2025,1,undefined,4,10387,0.0003850967555598344
single_biome_sensitivity,Cerrado,nat_tmp_intensity_initial_native,2020,2025,1,zero,3360,10387,0.32348127467026089
single_biome_sensitivity,Cerrado,nat_tmp_pas_any_ha,1985,1990,0,positive_high,779,10387,0.074997593145277749
single_biome_sensitivity,Cerrado,nat_tmp_pas_any_ha,1985,1990,0,positive_low,1069,10387,0.10291710792336574
single_biome_sensitivity,Cerrado,nat_tmp_pas_any_ha,1985,1990,0,positive_moderate,1911,10387,0.18397997496871088
single_biome_sensitivity,Cerrado,nat_tmp_pas_any_ha,1985,1990,0,zero,6628,10387,0.63810532396264563
single_biome_sensitivity,Cerrado,nat_tmp_pas_any_ha,1990,1995,0,positive_high,464,10387,0.044671223644940791
single_biome_sensitivity,Cerrado,nat_tmp_pas_any_ha,1990,1995,0,positive_low,1667,10387,0.16048907287956099
single_biome_sensitivity,Cerrado,nat_tmp_pas_any_ha,1990,1995,0,positive_moderate,1926,10387,0.18542408780206027
single_biome_sensitivity,Cerrado,nat_tmp_pas_any_ha,1990,1995,0,zero,6330,10387,0.60941561567343794
single_biome_sensitivity,Cerrado,nat_tmp_pas_any_ha,1995,2000,0,positive_high,322,10387,0.031000288822566668
single_biome_sensitivity,Cerrado,nat_tmp_pas_any_ha,1995,2000,0,positive_low,2013,10387,0.19379994223548666
single_biome_sensitivity,Cerrado,nat_tmp_pas_any_ha,1995,2000,0,positive_moderate,1631,10387,0.15702320207952247
single_biome_sensitivity,Cerrado,nat_tmp_pas_any_ha,1995,2000,0,zero,6421,10387,0.61817656686242417
single_biome_sensitivity,Cerrado,nat_tmp_pas_any_ha,2000,2005,0,positive_high,551,10387,0.053047078078367192
single_biome_sensitivity,Cerrado,nat_tmp_pas_any_ha,2000,2005,0,positive_low,2044,10387,0.19678444209107537
single_biome_sensitivity,Cerrado,nat_tmp_pas_any_ha,2000,2005,0,positive_moderate,1697,10387,0.16337729854625974
single_biome_sensitivity,Cerrado,nat_tmp_pas_any_ha,2000,2005,0,zero,6095,10387,0.58679118128429764
single_biome_sensitivity,Cerrado,nat_tmp_pas_any_ha,2005,2010,0,positive_high,289,10387,0.027823240589198037
single_biome_sensitivity,Cerrado,nat_tmp_pas_any_ha,2005,2010,0,positive_low,2667,10387,0.25676326176951958
single_biome_sensitivity,Cerrado,nat_tmp_pas_any_ha,2005,2010,0,positive_moderate,1704,10387,0.16405121786848945
single_biome_sensitivity,Cerrado,nat_tmp_pas_any_ha,2005,2010,0,zero,5727,10387,0.55136227977279295
single_biome_sensitivity,Cerrado,nat_tmp_pas_any_ha,2010,2015,0,positive_high,550,10387,0.052950803889477233
single_biome_sensitivity,Cerrado,nat_tmp_pas_any_ha,2010,2015,0,positive_low,2821,10387,0.2715894868585732
single_biome_sensitivity,Cerrado,nat_tmp_pas_any_ha,2010,2015,0,positive_moderate,2059,10387,0.19822855492442476
single_biome_sensitivity,Cerrado,nat_tmp_pas_any_ha,2010,2015,0,zero,4957,10387,0.47723115432752478
single_biome_sensitivity,Cerrado,nat_tmp_pas_any_ha,2015,2020,0,positive_high,327,10387,0.031481659767016466
single_biome_sensitivity,Cerrado,nat_tmp_pas_any_ha,2015,2020,0,positive_low,3063,10387,0.29488784056994322
single_biome_sensitivity,Cerrado,nat_tmp_pas_any_ha,2015,2020,0,positive_moderate,1677,10387,0.16145181476846057
single_biome_sensitivity,Cerrado,nat_tmp_pas_any_ha,2015,2020,0,zero,5320,10387,0.51217868489457974
single_biome_sensitivity,Cerrado,nat_tmp_pas_any_ha,2020,2025,1,positive_high,159,10387,0.015307596033503418
single_biome_sensitivity,Cerrado,nat_tmp_pas_any_ha,2020,2025,1,positive_low,2920,10387,0.28112063155867911
single_biome_sensitivity,Cerrado,nat_tmp_pas_any_ha,2020,2025,1,positive_moderate,775,10387,0.074612496389717911
single_biome_sensitivity,Cerrado,nat_tmp_pas_any_ha,2020,2025,1,zero,6533,10387,0.62895927601809953
single_biome_sensitivity,Cerrado,nat_tmp_pas_any_share_endpoint,1985,1990,0,low_support,1743,10387,0.16780591123519784
single_biome_sensitivity,Cerrado,nat_tmp_pas_any_share_endpoint,1985,1990,0,not_applicable,5883,10387,0.56638105323962651
single_biome_sensitivity,Cerrado,nat_tmp_pas_any_share_endpoint,1985,1990,0,positive_high,453,10387,0.04361220756715125
single_biome_sensitivity,Cerrado,nat_tmp_pas_any_share_endpoint,1985,1990,0,positive_low,985,10387,0.094830076056609217
single_biome_sensitivity,Cerrado,nat_tmp_pas_any_share_endpoint,1985,1990,0,positive_moderate,1058,10387,0.1018580918455762
single_biome_sensitivity,Cerrado,nat_tmp_pas_any_share_endpoint,1985,1990,0,zero,265,10387,0.025512660055839031
single_biome_sensitivity,Cerrado,nat_tmp_pas_any_share_endpoint,1990,1995,0,low_support,2339,10387,0.22518532781361317
single_biome_sensitivity,Cerrado,nat_tmp_pas_any_share_endpoint,1990,1995,0,not_applicable,5453,10387,0.52498315201694423
single_biome_sensitivity,Cerrado,nat_tmp_pas_any_share_endpoint,1990,1995,0,positive_high,289,10387,0.027823240589198037
single_biome_sensitivity,Cerrado,nat_tmp_pas_any_share_endpoint,1990,1995,0,positive_low,1113,10387,0.10715317223452392
single_biome_sensitivity,Cerrado,nat_tmp_pas_any_share_endpoint,1990,1995,0,positive_moderate,955,10387,0.091941850389910471
single_biome_sensitivity,Cerrado,nat_tmp_pas_any_share_endpoint,1990,1995,0,zero,238,10387,0.022913256955810146
single_biome_sensitivity,Cerrado,nat_tmp_pas_any_share_endpoint,1995,2000,0,low_support,3228,10387,0.31077308173678636
single_biome_sensitivity,Cerrado,nat_tmp_pas_any_share_endpoint,1995,2000,0,not_applicable,5080,10387,0.48907287956098972
single_biome_sensitivity,Cerrado,nat_tmp_pas_any_share_endpoint,1995,2000,0,positive_high,175,10387,0.016847983055742755
single_biome_sensitivity,Cerrado,nat_tmp_pas_any_share_endpoint,1995,2000,0,positive_low,934,10387,0.08992009242322134
single_biome_sensitivity,Cerrado,nat_tmp_pas_any_share_endpoint,1995,2000,0,positive_moderate,728,10387,0.070087609511889859
single_biome_sensitivity,Cerrado,nat_tmp_pas_any_share_endpoint,1995,2000,0,zero,242,10387,0.023298353711369981
single_biome_sensitivity,Cerrado,nat_tmp_pas_any_share_endpoint,2000,2005,0,low_support,2984,10387,0.28728217964763647
single_biome_sensitivity,Cerrado,nat_tmp_pas_any_share_endpoint,2000,2005,0,not_applicable,4576,10387,0.44055068836045058
single_biome_sensitivity,Cerrado,nat_tmp_pas_any_share_endpoint,2000,2005,0,positive_high,169,10387,0.016270337922403004
single_biome_sensitivity,Cerrado,nat_tmp_pas_any_share_endpoint,2000,2005,0,positive_low,1197,10387,0.11524020410128044
single_biome_sensitivity,Cerrado,nat_tmp_pas_any_share_endpoint,2000,2005,0,positive_moderate,1052,10387,0.10128044671223645
single_biome_sensitivity,Cerrado,nat_tmp_pas_any_share_endpoint,2000,2005,0,zero,409,10387,0.039376143255993069
single_biome_sensitivity,Cerrado,nat_tmp_pas_any_share_endpoint,2005,2010,0,low_support,3994,10387,0.38451911042649467
single_biome_sensitivity,Cerrado,nat_tmp_pas_any_share_endpoint,2005,2010,0,not_applicable,4061,10387,0.39096948108212187
single_biome_sensitivity,Cerrado,nat_tmp_pas_any_share_endpoint,2005,2010,0,positive_high,215,10387,0.0206989506113411
single_biome_sensitivity,Cerrado,nat_tmp_pas_any_share_endpoint,2005,2010,0,positive_low,986,10387,0.094926350245499183
single_biome_sensitivity,Cerrado,nat_tmp_pas_any_share_endpoint,2005,2010,0,positive_moderate,808,10387,0.077789544623086557
single_biome_sensitivity,Cerrado,nat_tmp_pas_any_share_endpoint,2005,2010,0,zero,323,10387,0.031096563011456628
single_biome_sensitivity,Cerrado,nat_tmp_pas_any_share_endpoint,2010,2015,0,low_support,4104,10387,0.3951092712043901
single_biome_sensitivity,Cerrado,nat_tmp_pas_any_share_endpoint,2010,2015,0,not_applicable,3400,10387,0.32733224222585927
single_biome_sensitivity,Cerrado,nat_tmp_pas_any_share_endpoint,2010,2015,0,positive_high,289,10387,0.027823240589198037
single_biome_sensitivity,Cerrado,nat_tmp_pas_any_share_endpoint,2010,2015,0,positive_low,980,10387,0.094348705112159426
single_biome_sensitivity,Cerrado,nat_tmp_pas_any_share_endpoint,2010,2015,0,positive_moderate,1230,10387,0.11841725233464909
single_biome_sensitivity,Cerrado,nat_tmp_pas_any_share_endpoint,2010,2015,0,zero,384,10387,0.0369692885337441
single_biome_sensitivity,Cerrado,nat_tmp_pas_any_share_endpoint,2015,2020,0,low_support,4566,10387,0.43958794647155097
single_biome_sensitivity,Cerrado,nat_tmp_pas_any_share_endpoint,2015,2020,0,not_applicable,3272,10387,0.31500914604794455
single_biome_sensitivity,Cerrado,nat_tmp_pas_any_share_endpoint,2015,2020,0,positive_high,160,10387,0.015403870222393376
single_biome_sensitivity,Cerrado,nat_tmp_pas_any_share_endpoint,2015,2020,0,positive_low,1134,10387,0.10917493020121305
single_biome_sensitivity,Cerrado,nat_tmp_pas_any_share_endpoint,2015,2020,0,positive_moderate,1032,10387,0.099354962934437283
single_biome_sensitivity,Cerrado,nat_tmp_pas_any_share_endpoint,2015,2020,0,zero,223,10387,0.02146914412246077
single_biome_sensitivity,Cerrado,nat_tmp_pas_any_share_endpoint,2020,2025,1,low_support,5262,10387,0.50659478193896212
single_biome_sensitivity,Cerrado,nat_tmp_pas_any_share_endpoint,2020,2025,1,not_applicable,3364,10387,0.32386637142582075
single_biome_sensitivity,Cerrado,nat_tmp_pas_any_share_endpoint,2020,2025,1,positive_high,87,10387,0.0083758544334263992
single_biome_sensitivity,Cerrado,nat_tmp_pas_any_share_endpoint,2020,2025,1,positive_low,929,10387,0.089438721478771535
single_biome_sensitivity,Cerrado,nat_tmp_pas_any_share_endpoint,2020,2025,1,positive_moderate,435,10387,0.041879272167131991
single_biome_sensitivity,Cerrado,nat_tmp_pas_any_share_endpoint,2020,2025,1,zero,310,10387,0.029844998555887167
single_biome_sensitivity,Cerrado,nat_tmp_pas_consecutive2_ha,1985,1990,0,positive_high,741,10387,0.071339173967459327
single_biome_sensitivity,Cerrado,nat_tmp_pas_consecutive2_ha,1985,1990,0,positive_low,1090,10387,0.10493886589005488
single_biome_sensitivity,Cerrado,nat_tmp_pas_consecutive2_ha,1985,1990,0,positive_moderate,1873,10387,0.18032155579089246
single_biome_sensitivity,Cerrado,nat_tmp_pas_consecutive2_ha,1985,1990,0,zero,6683,10387,0.64340040435159329
single_biome_sensitivity,Cerrado,nat_tmp_pas_consecutive2_ha,1990,1995,0,positive_high,435,10387,0.041879272167131991
single_biome_sensitivity,Cerrado,nat_tmp_pas_consecutive2_ha,1990,1995,0,positive_low,1636,10387,0.15750457302397228
single_biome_sensitivity,Cerrado,nat_tmp_pas_consecutive2_ha,1990,1995,0,positive_moderate,1851,10387,0.17820352363531336
single_biome_sensitivity,Cerrado,nat_tmp_pas_consecutive2_ha,1990,1995,0,zero,6465,10387,0.62241263117358236
single_biome_sensitivity,Cerrado,nat_tmp_pas_consecutive2_ha,1995,2000,0,positive_high,300,10387,0.028882256666987582
single_biome_sensitivity,Cerrado,nat_tmp_pas_consecutive2_ha,1995,2000,0,positive_low,1951,10387,0.18783094252430924
single_biome_sensitivity,Cerrado,nat_tmp_pas_consecutive2_ha,1995,2000,0,positive_moderate,1542,10387,0.14845479926831617
single_biome_sensitivity,Cerrado,nat_tmp_pas_consecutive2_ha,1995,2000,0,zero,6594,10387,0.63483200154038699
single_biome_sensitivity,Cerrado,nat_tmp_pas_consecutive2_ha,2000,2005,0,positive_high,524,10387,0.050447674978338304
single_biome_sensitivity,Cerrado,nat_tmp_pas_consecutive2_ha,2000,2005,0,positive_low,1906,10387,0.1834986040242611
single_biome_sensitivity,Cerrado,nat_tmp_pas_consecutive2_ha,2000,2005,0,positive_moderate,1626,10387,0.1565418311350727
single_biome_sensitivity,Cerrado,nat_tmp_pas_consecutive2_ha,2000,2005,0,zero,6331,10387,0.60951188986232796
single_biome_sensitivity,Cerrado,nat_tmp_pas_consecutive2_ha,2005,2010,0,positive_high,273,10387,0.026282853566958697
single_biome_sensitivity,Cerrado,nat_tmp_pas_consecutive2_ha,2005,2010,0,positive_low,2509,10387,0.24155193992490614
single_biome_sensitivity,Cerrado,nat_tmp_pas_consecutive2_ha,2005,2010,0,positive_moderate,1591,10387,0.15317223452392414
single_biome_sensitivity,Cerrado,nat_tmp_pas_consecutive2_ha,2005,2010,0,zero,6014,10387,0.57899297198421107
single_biome_sensitivity,Cerrado,nat_tmp_pas_consecutive2_ha,2010,2015,0,positive_high,525,10387,0.050543949167228264
single_biome_sensitivity,Cerrado,nat_tmp_pas_consecutive2_ha,2010,2015,0,positive_low,2602,10387,0.25050543949167231
single_biome_sensitivity,Cerrado,nat_tmp_pas_consecutive2_ha,2010,2015,0,positive_moderate,1952,10387,0.1879272167131992
single_biome_sensitivity,Cerrado,nat_tmp_pas_consecutive2_ha,2010,2015,0,zero,5308,10387,0.51102339462790025
single_biome_sensitivity,Cerrado,nat_tmp_pas_consecutive2_ha,2015,2020,0,positive_high,310,10387,0.029844998555887167
single_biome_sensitivity,Cerrado,nat_tmp_pas_consecutive2_ha,2015,2020,0,positive_low,2792,10387,0.2687975353807644
single_biome_sensitivity,Cerrado,nat_tmp_pas_consecutive2_ha,2015,2020,0,positive_moderate,1534,10387,0.1476846057571965
single_biome_sensitivity,Cerrado,nat_tmp_pas_consecutive2_ha,2015,2020,0,zero,5751,10387,0.55367286030615193
single_biome_sensitivity,Cerrado,nat_tmp_pas_consecutive2_ha,2020,2025,1,positive_high,148,10387,0.014248579955713873
single_biome_sensitivity,Cerrado,nat_tmp_pas_consecutive2_ha,2020,2025,1,positive_low,2567,10387,0.24713584288052373
single_biome_sensitivity,Cerrado,nat_tmp_pas_consecutive2_ha,2020,2025,1,positive_moderate,735,10387,0.070761528834119569
single_biome_sensitivity,Cerrado,nat_tmp_pas_consecutive2_ha,2020,2025,1,zero,6937,10387,0.66785404832964279
single_biome_sensitivity,Cerrado,nat_tmp_pas_consecutive2_share_endpoint,1985,1990,0,low_support,1743,10387,0.16780591123519784
single_biome_sensitivity,Cerrado,nat_tmp_pas_consecutive2_share_endpoint,1985,1990,0,not_applicable,5883,10387,0.56638105323962651
single_biome_sensitivity,Cerrado,nat_tmp_pas_consecutive2_share_endpoint,1985,1990,0,positive_high,446,10387,0.042938288244921539
single_biome_sensitivity,Cerrado,nat_tmp_pas_consecutive2_share_endpoint,1985,1990,0,positive_low,978,10387,0.094156156734379506
single_biome_sensitivity,Cerrado,nat_tmp_pas_consecutive2_share_endpoint,1985,1990,0,positive_moderate,1059,10387,0.10195436603446616
single_biome_sensitivity,Cerrado,nat_tmp_pas_consecutive2_share_endpoint,1985,1990,0,zero,278,10387,0.026764224511408492
single_biome_sensitivity,Cerrado,nat_tmp_pas_consecutive2_share_endpoint,1990,1995,0,low_support,2339,10387,0.22518532781361317
single_biome_sensitivity,Cerrado,nat_tmp_pas_consecutive2_share_endpoint,1990,1995,0,not_applicable,5453,10387,0.52498315201694423
single_biome_sensitivity,Cerrado,nat_tmp_pas_consecutive2_share_endpoint,1990,1995,0,positive_high,287,10387,0.027630692211418117
single_biome_sensitivity,Cerrado,nat_tmp_pas_consecutive2_share_endpoint,1990,1995,0,positive_low,1086,10387,0.10455376913449504
single_biome_sensitivity,Cerrado,nat_tmp_pas_consecutive2_share_endpoint,1990,1995,0,positive_moderate,937,10387,0.090208914989891212
single_biome_sensitivity,Cerrado,nat_tmp_pas_consecutive2_share_endpoint,1990,1995,0,zero,285,10387,0.027438143833638202
single_biome_sensitivity,Cerrado,nat_tmp_pas_consecutive2_share_endpoint,1995,2000,0,low_support,3228,10387,0.31077308173678636
single_biome_sensitivity,Cerrado,nat_tmp_pas_consecutive2_share_endpoint,1995,2000,0,not_applicable,5080,10387,0.48907287956098972
single_biome_sensitivity,Cerrado,nat_tmp_pas_consecutive2_share_endpoint,1995,2000,0,positive_high,174,10387,0.016751708866852798
single_biome_sensitivity,Cerrado,nat_tmp_pas_consecutive2_share_endpoint,1995,2000,0,positive_low,919,10387,0.088475979589871953
single_biome_sensitivity,Cerrado,nat_tmp_pas_consecutive2_share_endpoint,1995,2000,0,positive_moderate,708,10387,0.068162125734090695
single_biome_sensitivity,Cerrado,nat_tmp_pas_consecutive2_share_endpoint,1995,2000,0,zero,278,10387,0.026764224511408492
single_biome_sensitivity,Cerrado,nat_tmp_pas_consecutive2_share_endpoint,2000,2005,0,low_support,2984,10387,0.28728217964763647
single_biome_sensitivity,Cerrado,nat_tmp_pas_consecutive2_share_endpoint,2000,2005,0,not_applicable,4576,10387,0.44055068836045058
single_biome_sensitivity,Cerrado,nat_tmp_pas_consecutive2_share_endpoint,2000,2005,0,positive_high,165,10387,0.015885241166843169
single_biome_sensitivity,Cerrado,nat_tmp_pas_consecutive2_share_endpoint,2000,2005,0,positive_low,1156,10387,0.11129296235679215
single_biome_sensitivity,Cerrado,nat_tmp_pas_consecutive2_share_endpoint,2000,2005,0,positive_moderate,1042,10387,0.10031770482333686
single_biome_sensitivity,Cerrado,nat_tmp_pas_consecutive2_share_endpoint,2000,2005,0,zero,464,10387,0.044671223644940791
single_biome_sensitivity,Cerrado,nat_tmp_pas_consecutive2_share_endpoint,2005,2010,0,low_support,3994,10387,0.38451911042649467
single_biome_sensitivity,Cerrado,nat_tmp_pas_consecutive2_share_endpoint,2005,2010,0,not_applicable,4061,10387,0.39096948108212187
single_biome_sensitivity,Cerrado,nat_tmp_pas_consecutive2_share_endpoint,2005,2010,0,positive_high,209,10387,0.020121305478001349
single_biome_sensitivity,Cerrado,nat_tmp_pas_consecutive2_share_endpoint,2005,2010,0,positive_low,953,10387,0.091749302012130551
single_biome_sensitivity,Cerrado,nat_tmp_pas_consecutive2_share_endpoint,2005,2010,0,positive_moderate,796,10387,0.076634254356407042
single_biome_sensitivity,Cerrado,nat_tmp_pas_consecutive2_share_endpoint,2005,2010,0,zero,374,10387,0.036006546644844518
single_biome_sensitivity,Cerrado,nat_tmp_pas_consecutive2_share_endpoint,2010,2015,0,low_support,4104,10387,0.3951092712043901
single_biome_sensitivity,Cerrado,nat_tmp_pas_consecutive2_share_endpoint,2010,2015,0,not_applicable,3400,10387,0.32733224222585927
single_biome_sensitivity,Cerrado,nat_tmp_pas_consecutive2_share_endpoint,2010,2015,0,positive_high,275,10387,0.026475401944738616
single_biome_sensitivity,Cerrado,nat_tmp_pas_consecutive2_share_endpoint,2010,2015,0,positive_low,947,10387,0.091171656878790794
single_biome_sensitivity,Cerrado,nat_tmp_pas_consecutive2_share_endpoint,2010,2015,0,positive_moderate,1211,10387,0.11658804274573986
single_biome_sensitivity,Cerrado,nat_tmp_pas_consecutive2_share_endpoint,2010,2015,0,zero,450,10387,0.043323385000481371
single_biome_sensitivity,Cerrado,nat_tmp_pas_consecutive2_share_endpoint,2015,2020,0,low_support,4566,10387,0.43958794647155097
single_biome_sensitivity,Cerrado,nat_tmp_pas_consecutive2_share_endpoint,2015,2020,0,not_applicable,3272,10387,0.31500914604794455
single_biome_sensitivity,Cerrado,nat_tmp_pas_consecutive2_share_endpoint,2015,2020,0,positive_high,156,10387,0.015018773466833541
single_biome_sensitivity,Cerrado,nat_tmp_pas_consecutive2_share_endpoint,2015,2020,0,positive_low,1139,10387,0.10965630114566285
single_biome_sensitivity,Cerrado,nat_tmp_pas_consecutive2_share_endpoint,2015,2020,0,positive_moderate,964,10387,0.092808318089920086
single_biome_sensitivity,Cerrado,nat_tmp_pas_consecutive2_share_endpoint,2015,2020,0,zero,290,10387,0.027919514778087996
single_biome_sensitivity,Cerrado,nat_tmp_pas_consecutive2_share_endpoint,2020,2025,1,low_support,5262,10387,0.50659478193896212
single_biome_sensitivity,Cerrado,nat_tmp_pas_consecutive2_share_endpoint,2020,2025,1,not_applicable,3364,10387,0.32386637142582075
single_biome_sensitivity,Cerrado,nat_tmp_pas_consecutive2_share_endpoint,2020,2025,1,positive_high,79,10387,0.0076056609223067295
single_biome_sensitivity,Cerrado,nat_tmp_pas_consecutive2_share_endpoint,2020,2025,1,positive_low,882,10387,0.084913834600943483
single_biome_sensitivity,Cerrado,nat_tmp_pas_consecutive2_share_endpoint,2020,2025,1,positive_moderate,429,10387,0.04130162703379224
single_biome_sensitivity,Cerrado,nat_tmp_pas_consecutive2_share_endpoint,2020,2025,1,zero,371,10387,0.03571772407817464
single_biome_sensitivity,Cerrado,net_cr_balance_ha,1985,1990,0,consolidation_high,92,10387,0.008857225377876192
single_biome_sensitivity,Cerrado,net_cr_balance_ha,1985,1990,0,consolidation_low,241,10387,0.023202079522480022
single_biome_sensitivity,Cerrado,net_cr_balance_ha,1985,1990,0,consolidation_moderate,336,10387,0.032348127467026089
single_biome_sensitivity,Cerrado,net_cr_balance_ha,1985,1990,0,replenishment_high,1924,10387,0.18523153942428036
single_biome_sensitivity,Cerrado,net_cr_balance_ha,1985,1990,0,replenishment_low,2946,10387,0.28362376046981802
single_biome_sensitivity,Cerrado,net_cr_balance_ha,1985,1990,0,replenishment_moderate,4050,10387,0.38991046500433235
single_biome_sensitivity,Cerrado,net_cr_balance_ha,1985,1990,0,zero,798,10387,0.076826802734186961
single_biome_sensitivity,Cerrado,net_cr_balance_ha,1990,1995,0,consolidation_high,80,10387,0.0077019351111966882
single_biome_sensitivity,Cerrado,net_cr_balance_ha,1990,1995,0,consolidation_low,519,10387,0.049966304033888513
single_biome_sensitivity,Cerrado,net_cr_balance_ha,1990,1995,0,consolidation_moderate,592,10387,0.056994319822855494
single_biome_sensitivity,Cerrado,net_cr_balance_ha,1990,1995,0,replenishment_high,1204,10387,0.11591412342351015
single_biome_sensitivity,Cerrado,net_cr_balance_ha,1990,1995,0,replenishment_low,3023,10387,0.29103687301434483
single_biome_sensitivity,Cerrado,net_cr_balance_ha,1990,1995,0,replenishment_moderate,4365,10387,0.42023683450466931
single_biome_sensitivity,Cerrado,net_cr_balance_ha,1990,1995,0,zero,604,10387,0.058149610089534995
single_biome_sensitivity,Cerrado,net_cr_balance_ha,1995,2000,0,consolidation_high,69,10387,0.006642919033407144
single_biome_sensitivity,Cerrado,net_cr_balance_ha,1995,2000,0,consolidation_low,829,10387,0.079811302589775687
single_biome_sensitivity,Cerrado,net_cr_balance_ha,1995,2000,0,consolidation_moderate,756,10387,0.0727832868008087
single_biome_sensitivity,Cerrado,net_cr_balance_ha,1995,2000,0,replenishment_high,551,10387,0.053047078078367192
single_biome_sensitivity,Cerrado,net_cr_balance_ha,1995,2000,0,replenishment_low,3306,10387,0.31828246847020314
single_biome_sensitivity,Cerrado,net_cr_balance_ha,1995,2000,0,replenishment_moderate,4397,10387,0.42331760854914796
single_biome_sensitivity,Cerrado,net_cr_balance_ha,1995,2000,0,zero,479,10387,0.046115336478290171
single_biome_sensitivity,Cerrado,net_cr_balance_ha,2000,2005,0,consolidation_high,261,10387,0.025127563300279196
single_biome_sensitivity,Cerrado,net_cr_balance_ha,2000,2005,0,consolidation_low,934,10387,0.08992009242322134
single_biome_sensitivity,Cerrado,net_cr_balance_ha,2000,2005,0,consolidation_moderate,1118,10387,0.10763454317897372
single_biome_sensitivity,Cerrado,net_cr_balance_ha,2000,2005,0,replenishment_high,439,10387,0.042264368922691829
single_biome_sensitivity,Cerrado,net_cr_balance_ha,2000,2005,0,replenishment_low,3183,10387,0.30644074323673826
single_biome_sensitivity,Cerrado,net_cr_balance_ha,2000,2005,0,replenishment_moderate,4095,10387,0.39424280350438046
single_biome_sensitivity,Cerrado,net_cr_balance_ha,2000,2005,0,zero,357,10387,0.034369885433715219
single_biome_sensitivity,Cerrado,net_cr_balance_ha,2005,2010,0,consolidation_high,75,10387,0.0072205641667468954
single_biome_sensitivity,Cerrado,net_cr_balance_ha,2005,2010,0,consolidation_low,1465,10387,0.14104168672378936
single_biome_sensitivity,Cerrado,net_cr_balance_ha,2005,2010,0,consolidation_moderate,1123,10387,0.10811591412342351
single_biome_sensitivity,Cerrado,net_cr_balance_ha,2005,2010,0,replenishment_high,101,10387,0.0097236930778858196
single_biome_sensitivity,Cerrado,net_cr_balance_ha,2005,2010,0,replenishment_low,3963,10387,0.38153461057090593
single_biome_sensitivity,Cerrado,net_cr_balance_ha,2005,2010,0,replenishment_moderate,3338,10387,0.32136324251468179
single_biome_sensitivity,Cerrado,net_cr_balance_ha,2005,2010,0,zero,322,10387,0.031000288822566668
single_biome_sensitivity,Cerrado,net_cr_balance_ha,2010,2015,0,consolidation_high,199,10387,0.01915856358910176
single_biome_sensitivity,Cerrado,net_cr_balance_ha,2010,2015,0,consolidation_low,1588,10387,0.15288341195725427
single_biome_sensitivity,Cerrado,net_cr_balance_ha,2010,2015,0,consolidation_moderate,1516,10387,0.14595167035717724
single_biome_sensitivity,Cerrado,net_cr_balance_ha,2010,2015,0,replenishment_high,175,10387,0.016847983055742755
single_biome_sensitivity,Cerrado,net_cr_balance_ha,2010,2015,0,replenishment_low,3688,10387,0.3550592086261673
single_biome_sensitivity,Cerrado,net_cr_balance_ha,2010,2015,0,replenishment_moderate,2971,10387,0.28603061519206702
single_biome_sensitivity,Cerrado,net_cr_balance_ha,2010,2015,0,zero,250,10387,0.024068547222489651
single_biome_sensitivity,Cerrado,net_cr_balance_ha,2015,2020,0,consolidation_high,83,10387,0.0079907576778665643
single_biome_sensitivity,Cerrado,net_cr_balance_ha,2015,2020,0,consolidation_low,2014,10387,0.19389621642437663
single_biome_sensitivity,Cerrado,net_cr_balance_ha,2015,2020,0,consolidation_moderate,1235,10387,0.11889862327909888
single_biome_sensitivity,Cerrado,net_cr_balance_ha,2015,2020,0,replenishment_high,84,10387,0.0080870318667565222
single_biome_sensitivity,Cerrado,net_cr_balance_ha,2015,2020,0,replenishment_low,4024,10387,0.38740733609319339
single_biome_sensitivity,Cerrado,net_cr_balance_ha,2015,2020,0,replenishment_moderate,2737,10387,0.26350245499181668
single_biome_sensitivity,Cerrado,net_cr_balance_ha,2015,2020,0,zero,210,10387,0.020217579666891305
single_biome_sensitivity,Cerrado,net_cr_balance_ha,2020,2025,1,consolidation_high,16,10387,0.0015403870222393376
single_biome_sensitivity,Cerrado,net_cr_balance_ha,2020,2025,1,consolidation_low,1551,10387,0.14932126696832579
single_biome_sensitivity,Cerrado,net_cr_balance_ha,2020,2025,1,consolidation_moderate,469,10387,0.045152594589390582
single_biome_sensitivity,Cerrado,net_cr_balance_ha,2020,2025,1,replenishment_high,223,10387,0.02146914412246077
single_biome_sensitivity,Cerrado,net_cr_balance_ha,2020,2025,1,replenishment_low,4135,10387,0.39809377105997884
single_biome_sensitivity,Cerrado,net_cr_balance_ha,2020,2025,1,replenishment_moderate,3870,10387,0.37258111100413976
single_biome_sensitivity,Cerrado,net_cr_balance_ha,2020,2025,1,zero,123,10387,0.011841725233464908
single_biome_sensitivity,Cerrado,cr_balance_index,1985,1990,0,consolidation_dominant,472,10387,0.045441417156060461
single_biome_sensitivity,Cerrado,cr_balance_index,1985,1990,0,inactive,798,10387,0.076826802734186961
single_biome_sensitivity,Cerrado,cr_balance_index,1985,1990,0,mixed,514,10387,0.049484933089438722
single_biome_sensitivity,Cerrado,cr_balance_index,1985,1990,0,replenishment_dominant,8603,10387,0.82824684702031381
single_biome_sensitivity,Cerrado,cr_balance_index,1990,1995,0,consolidation_dominant,866,10387,0.083373447578704143
single_biome_sensitivity,Cerrado,cr_balance_index,1990,1995,0,inactive,604,10387,0.058149610089534995
single_biome_sensitivity,Cerrado,cr_balance_index,1990,1995,0,mixed,777,10387,0.07480504476749783
single_biome_sensitivity,Cerrado,cr_balance_index,1990,1995,0,replenishment_dominant,8140,10387,0.78367189756426303
single_biome_sensitivity,Cerrado,cr_balance_index,1995,2000,0,consolidation_dominant,1189,10387,0.11447001059016078
single_biome_sensitivity,Cerrado,cr_balance_index,1995,2000,0,inactive,479,10387,0.046115336478290171
single_biome_sensitivity,Cerrado,cr_balance_index,1995,2000,0,mixed,944,10387,0.090882834312120922
single_biome_sensitivity,Cerrado,cr_balance_index,1995,2000,0,replenishment_dominant,7775,10387,0.74853181861942808
single_biome_sensitivity,Cerrado,cr_balance_index,2000,2005,0,consolidation_dominant,1807,10387,0.17396745932415519
single_biome_sensitivity,Cerrado,cr_balance_index,2000,2005,0,inactive,357,10387,0.034369885433715219
single_biome_sensitivity,Cerrado,cr_balance_index,2000,2005,0,mixed,1016,10387,0.097814575912197943
single_biome_sensitivity,Cerrado,cr_balance_index,2000,2005,0,replenishment_dominant,7207,10387,0.69384807932993164
single_biome_sensitivity,Cerrado,cr_balance_index,2005,2010,0,consolidation_dominant,2068,10387,0.19909502262443438
single_biome_sensitivity,Cerrado,cr_balance_index,2005,2010,0,inactive,322,10387,0.031000288822566668
single_biome_sensitivity,Cerrado,cr_balance_index,2005,2010,0,mixed,1226,10387,0.11803215557908925
single_biome_sensitivity,Cerrado,cr_balance_index,2005,2010,0,replenishment_dominant,6771,10387,0.65187253297390968
single_biome_sensitivity,Cerrado,cr_balance_index,2010,2015,0,consolidation_dominant,2634,10387,0.25358621353615096
single_biome_sensitivity,Cerrado,cr_balance_index,2010,2015,0,inactive,250,10387,0.024068547222489651
single_biome_sensitivity,Cerrado,cr_balance_index,2010,2015,0,mixed,1348,10387,0.12977760662366419
single_biome_sensitivity,Cerrado,cr_balance_index,2010,2015,0,replenishment_dominant,6155,10387,0.59256763261769518
single_biome_sensitivity,Cerrado,cr_balance_index,2015,2020,0,consolidation_dominant,2436,10387,0.23452392413593914
single_biome_sensitivity,Cerrado,cr_balance_index,2015,2020,0,inactive,210,10387,0.020217579666891305
single_biome_sensitivity,Cerrado,cr_balance_index,2015,2020,0,mixed,1719,10387,0.16549533070183883
single_biome_sensitivity,Cerrado,cr_balance_index,2015,2020,0,replenishment_dominant,6022,10387,0.57976316549533069
single_biome_sensitivity,Cerrado,cr_balance_index,2020,2025,1,consolidation_dominant,1458,10387,0.14036776740155965
single_biome_sensitivity,Cerrado,cr_balance_index,2020,2025,1,inactive,123,10387,0.011841725233464908
single_biome_sensitivity,Cerrado,cr_balance_index,2020,2025,1,mixed,1299,10387,0.12506017136805622
single_biome_sensitivity,Cerrado,cr_balance_index,2020,2025,1,replenishment_dominant,7507,10387,0.72273033599691927
