boundary_scope,primary_biome,metric,analysis_window,from_t0,from_t1,to_t0,to_t1,contains_diagnostic_interval,from_stage,to_stage,cells,source_cells,source_transition_fraction
primary_assignment,Amazon,nat_tmp_endpoint_ha,primary,1985,1990,1990,1995,0,positive_high,positive_high,31,52,0.59615384615384615
primary_assignment,Amazon,nat_tmp_endpoint_ha,primary,1985,1990,1990,1995,0,positive_high,positive_low,5,52,0.096153846153846159
primary_assignment,Amazon,nat_tmp_endpoint_ha,primary,1985,1990,1990,1995,0,positive_high,positive_moderate,15,52,0.28846153846153844
primary_assignment,Amazon,nat_tmp_endpoint_ha,primary,1985,1990,1990,1995,0,positive_high,zero,1,52,0.019230769230769232
primary_assignment,Amazon,nat_tmp_endpoint_ha,primary,1985,1990,1990,1995,0,positive_low,positive_high,13,505,0.025742574257425741
primary_assignment,Amazon,nat_tmp_endpoint_ha,primary,1985,1990,1990,1995,0,positive_low,positive_low,180,505,0.35643564356435642
primary_assignment,Amazon,nat_tmp_endpoint_ha,primary,1985,1990,1990,1995,0,positive_low,positive_moderate,121,505,0.23960396039603959
primary_assignment,Amazon,nat_tmp_endpoint_ha,primary,1985,1990,1990,1995,0,positive_low,zero,191,505,0.37821782178217822
primary_assignment,Amazon,nat_tmp_endpoint_ha,primary,1985,1990,1990,1995,0,positive_moderate,positive_high,30,330,0.090909090909090912
primary_assignment,Amazon,nat_tmp_endpoint_ha,primary,1985,1990,1990,1995,0,positive_moderate,positive_low,95,330,0.2878787878787879
primary_assignment,Amazon,nat_tmp_endpoint_ha,primary,1985,1990,1990,1995,0,positive_moderate,positive_moderate,153,330,0.46363636363636362
primary_assignment,Amazon,nat_tmp_endpoint_ha,primary,1985,1990,1990,1995,0,positive_moderate,zero,52,330,0.15757575757575756
primary_assignment,Amazon,nat_tmp_endpoint_ha,primary,1985,1990,1990,1995,0,zero,positive_high,10,13326,0.00075041272699984997
primary_assignment,Amazon,nat_tmp_endpoint_ha,primary,1985,1990,1990,1995,0,zero,positive_low,291,13326,0.021837010355695633
primary_assignment,Amazon,nat_tmp_endpoint_ha,primary,1985,1990,1990,1995,0,zero,positive_moderate,167,13326,0.012531892540897493
primary_assignment,Amazon,nat_tmp_endpoint_ha,primary,1985,1990,1990,1995,0,zero,zero,12858,13326,0.96488068437640706
primary_assignment,Amazon,nat_tmp_endpoint_ha,primary,1990,1995,1995,2000,0,positive_high,positive_high,60,84,0.7142857142857143
primary_assignment,Amazon,nat_tmp_endpoint_ha,primary,1990,1995,1995,2000,0,positive_high,positive_low,4,84,0.047619047619047616
primary_assignment,Amazon,nat_tmp_endpoint_ha,primary,1990,1995,1995,2000,0,positive_high,positive_moderate,20,84,0.23809523809523808
primary_assignment,Amazon,nat_tmp_endpoint_ha,primary,1990,1995,1995,2000,0,positive_low,positive_high,26,571,0.04553415061295972
primary_assignment,Amazon,nat_tmp_endpoint_ha,primary,1990,1995,1995,2000,0,positive_low,positive_low,202,571,0.35376532399299476
primary_assignment,Amazon,nat_tmp_endpoint_ha,primary,1990,1995,1995,2000,0,positive_low,positive_moderate,128,571,0.22416812609457093
primary_assignment,Amazon,nat_tmp_endpoint_ha,primary,1990,1995,1995,2000,0,positive_low,zero,215,571,0.37653239929947463
primary_assignment,Amazon,nat_tmp_endpoint_ha,primary,1990,1995,1995,2000,0,positive_moderate,positive_high,72,456,0.15789473684210525
primary_assignment,Amazon,nat_tmp_endpoint_ha,primary,1990,1995,1995,2000,0,positive_moderate,positive_low,120,456,0.26315789473684209
primary_assignment,Amazon,nat_tmp_endpoint_ha,primary,1990,1995,1995,2000,0,positive_moderate,positive_moderate,175,456,0.38377192982456143
primary_assignment,Amazon,nat_tmp_endpoint_ha,primary,1990,1995,1995,2000,0,positive_moderate,zero,89,456,0.19517543859649122
primary_assignment,Amazon,nat_tmp_endpoint_ha,primary,1990,1995,1995,2000,0,zero,positive_high,13,13102,0.00099221492901847039
primary_assignment,Amazon,nat_tmp_endpoint_ha,primary,1990,1995,1995,2000,0,zero,positive_low,512,13102,0.039078003358265917
primary_assignment,Amazon,nat_tmp_endpoint_ha,primary,1990,1995,1995,2000,0,zero,positive_moderate,216,13102,0.016486032666768433
primary_assignment,Amazon,nat_tmp_endpoint_ha,primary,1990,1995,1995,2000,0,zero,zero,12361,13102,0.94344374904594719
primary_assignment,Amazon,nat_tmp_endpoint_ha,primary,1995,2000,2000,2005,0,positive_high,positive_high,148,171,0.86549707602339176
primary_assignment,Amazon,nat_tmp_endpoint_ha,primary,1995,2000,2000,2005,0,positive_high,positive_low,2,171,0.011695906432748537
primary_assignment,Amazon,nat_tmp_endpoint_ha,primary,1995,2000,2000,2005,0,positive_high,positive_moderate,21,171,0.12280701754385964
primary_assignment,Amazon,nat_tmp_endpoint_ha,primary,1995,2000,2000,2005,0,positive_low,positive_high,79,838,0.094272076372315036
primary_assignment,Amazon,nat_tmp_endpoint_ha,primary,1995,2000,2000,2005,0,positive_low,positive_low,287,838,0.34248210023866349
primary_assignment,Amazon,nat_tmp_endpoint_ha,primary,1995,2000,2000,2005,0,positive_low,positive_moderate,210,838,0.25059665871121717
primary_assignment,Amazon,nat_tmp_endpoint_ha,primary,1995,2000,2000,2005,0,positive_low,zero,262,838,0.31264916467780429
primary_assignment,Amazon,nat_tmp_endpoint_ha,primary,1995,2000,2000,2005,0,positive_moderate,positive_high,158,539,0.29313543599257885
primary_assignment,Amazon,nat_tmp_endpoint_ha,primary,1995,2000,2000,2005,0,positive_moderate,positive_low,114,539,0.21150278293135436
primary_assignment,Amazon,nat_tmp_endpoint_ha,primary,1995,2000,2000,2005,0,positive_moderate,positive_moderate,209,539,0.38775510204081631
primary_assignment,Amazon,nat_tmp_endpoint_ha,primary,1995,2000,2000,2005,0,positive_moderate,zero,58,539,0.10760667903525047
primary_assignment,Amazon,nat_tmp_endpoint_ha,primary,1995,2000,2000,2005,0,zero,positive_high,65,12665,0.0051322542439794713
primary_assignment,Amazon,nat_tmp_endpoint_ha,primary,1995,2000,2000,2005,0,zero,positive_low,722,12665,0.057007500986971972
primary_assignment,Amazon,nat_tmp_endpoint_ha,primary,1995,2000,2000,2005,0,zero,positive_moderate,280,12665,0.022108172127911566
primary_assignment,Amazon,nat_tmp_endpoint_ha,primary,1995,2000,2000,2005,0,zero,zero,11598,12665,0.915752072641137
primary_assignment,Amazon,nat_tmp_endpoint_ha,primary,2000,2005,2005,2010,0,positive_high,positive_high,87,450,0.19333333333333333
primary_assignment,Amazon,nat_tmp_endpoint_ha,primary,2000,2005,2005,2010,0,positive_high,positive_low,57,450,0.12666666666666668
primary_assignment,Amazon,nat_tmp_endpoint_ha,primary,2000,2005,2005,2010,0,positive_high,positive_moderate,303,450,0.67333333333333334
primary_assignment,Amazon,nat_tmp_endpoint_ha,primary,2000,2005,2005,2010,0,positive_high,zero,3,450,0.0066666666666666671
primary_assignment,Amazon,nat_tmp_endpoint_ha,primary,2000,2005,2005,2010,0,positive_low,positive_high,4,1125,0.0035555555555555557
primary_assignment,Amazon,nat_tmp_endpoint_ha,primary,2000,2005,2005,2010,0,positive_low,positive_low,449,1125,0.39911111111111114
primary_assignment,Amazon,nat_tmp_endpoint_ha,primary,2000,2005,2005,2010,0,positive_low,positive_moderate,122,1125,0.10844444444444444
primary_assignment,Amazon,nat_tmp_endpoint_ha,primary,2000,2005,2005,2010,0,positive_low,zero,550,1125,0.48888888888888887
primary_assignment,Amazon,nat_tmp_endpoint_ha,primary,2000,2005,2005,2010,0,positive_moderate,positive_high,17,720,0.02361111111111111
primary_assignment,Amazon,nat_tmp_endpoint_ha,primary,2000,2005,2005,2010,0,positive_moderate,positive_low,299,720,0.4152777777777778
primary_assignment,Amazon,nat_tmp_endpoint_ha,primary,2000,2005,2005,2010,0,positive_moderate,positive_moderate,273,720,0.37916666666666665
primary_assignment,Amazon,nat_tmp_endpoint_ha,primary,2000,2005,2005,2010,0,positive_moderate,zero,131,720,0.18194444444444444
primary_assignment,Amazon,nat_tmp_endpoint_ha,primary,2000,2005,2005,2010,0,zero,positive_high,1,11918,8.39066957543212e-05
primary_assignment,Amazon,nat_tmp_endpoint_ha,primary,2000,2005,2005,2010,0,zero,positive_low,586,11918,0.049169323712032219
primary_assignment,Amazon,nat_tmp_endpoint_ha,primary,2000,2005,2005,2010,0,zero,positive_moderate,105,11918,0.0088102030542037257
primary_assignment,Amazon,nat_tmp_endpoint_ha,primary,2000,2005,2005,2010,0,zero,zero,11226,11918,0.94193656653800972
primary_assignment,Amazon,nat_tmp_endpoint_ha,primary,2005,2010,2010,2015,0,positive_high,positive_high,35,109,0.32110091743119268
primary_assignment,Amazon,nat_tmp_endpoint_ha,primary,2005,2010,2010,2015,0,positive_high,positive_low,7,109,0.064220183486238536
primary_assignment,Amazon,nat_tmp_endpoint_ha,primary,2005,2010,2010,2015,0,positive_high,positive_moderate,67,109,0.61467889908256879
primary_assignment,Amazon,nat_tmp_endpoint_ha,primary,2005,2010,2010,2015,0,positive_low,positive_high,34,1391,0.024442846872753415
primary_assignment,Amazon,nat_tmp_endpoint_ha,primary,2005,2010,2010,2015,0,positive_low,positive_low,618,1391,0.44428468727534148
primary_assignment,Amazon,nat_tmp_endpoint_ha,primary,2005,2010,2010,2015,0,positive_low,positive_moderate,388,1391,0.27893601725377426
primary_assignment,Amazon,nat_tmp_endpoint_ha,primary,2005,2010,2010,2015,0,positive_low,zero,351,1391,0.25233644859813081
primary_assignment,Amazon,nat_tmp_endpoint_ha,primary,2005,2010,2010,2015,0,positive_moderate,positive_high,97,803,0.12079701120797011
primary_assignment,Amazon,nat_tmp_endpoint_ha,primary,2005,2010,2010,2015,0,positive_moderate,positive_low,162,803,0.20174346201743462
primary_assignment,Amazon,nat_tmp_endpoint_ha,primary,2005,2010,2010,2015,0,positive_moderate,positive_moderate,502,803,0.62515566625155661
primary_assignment,Amazon,nat_tmp_endpoint_ha,primary,2005,2010,2010,2015,0,positive_moderate,zero,42,803,0.052303860523038606
primary_assignment,Amazon,nat_tmp_endpoint_ha,primary,2005,2010,2010,2015,0,zero,positive_high,9,11910,0.0007556675062972292
primary_assignment,Amazon,nat_tmp_endpoint_ha,primary,2005,2010,2010,2015,0,zero,positive_low,906,11910,0.076070528967254414
primary_assignment,Amazon,nat_tmp_endpoint_ha,primary,2005,2010,2010,2015,0,zero,positive_moderate,239,11910,0.020067170445004199
primary_assignment,Amazon,nat_tmp_endpoint_ha,primary,2005,2010,2010,2015,0,zero,zero,10756,11910,0.90310663308144412
primary_assignment,Amazon,nat_tmp_endpoint_ha,primary,2010,2015,2015,2020,0,positive_high,positive_high,49,175,0.28000000000000003
primary_assignment,Amazon,nat_tmp_endpoint_ha,primary,2010,2015,2015,2020,0,positive_high,positive_low,11,175,0.062857142857142861
primary_assignment,Amazon,nat_tmp_endpoint_ha,primary,2010,2015,2015,2020,0,positive_high,positive_moderate,115,175,0.65714285714285714
primary_assignment,Amazon,nat_tmp_endpoint_ha,primary,2010,2015,2015,2020,0,positive_low,positive_high,18,1693,0.010632014176018901
primary_assignment,Amazon,nat_tmp_endpoint_ha,primary,2010,2015,2015,2020,0,positive_low,positive_low,814,1693,0.48080330773774366
primary_assignment,Amazon,nat_tmp_endpoint_ha,primary,2010,2015,2015,2020,0,positive_low,positive_moderate,303,1693,0.1789722386296515
primary_assignment,Amazon,nat_tmp_endpoint_ha,primary,2010,2015,2015,2020,0,positive_low,zero,558,1693,0.32959243945658595
primary_assignment,Amazon,nat_tmp_endpoint_ha,primary,2010,2015,2015,2020,0,positive_moderate,positive_high,98,1196,0.08193979933110368
primary_assignment,Amazon,nat_tmp_endpoint_ha,primary,2010,2015,2015,2020,0,positive_moderate,positive_low,344,1196,0.28762541806020064
primary_assignment,Amazon,nat_tmp_endpoint_ha,primary,2010,2015,2015,2020,0,positive_moderate,positive_moderate,699,1196,0.58444816053511706
primary_assignment,Amazon,nat_tmp_endpoint_ha,primary,2010,2015,2015,2020,0,positive_moderate,zero,55,1196,0.045986622073578592
primary_assignment,Amazon,nat_tmp_endpoint_ha,primary,2010,2015,2015,2020,0,zero,positive_high,4,11149,0.00035877657188985562
primary_assignment,Amazon,nat_tmp_endpoint_ha,primary,2010,2015,2015,2020,0,zero,positive_low,789,11149,0.070768678805274016
primary_assignment,Amazon,nat_tmp_endpoint_ha,primary,2010,2015,2015,2020,0,zero,positive_moderate,123,11149,0.01103237958561306
primary_assignment,Amazon,nat_tmp_endpoint_ha,primary,2010,2015,2015,2020,0,zero,zero,10233,11149,0.9178401650372231
primary_assignment,Amazon,nat_tmp_endpoint_ha,full_observed,1985,1990,1990,1995,0,positive_high,positive_high,31,52,0.59615384615384615
primary_assignment,Amazon,nat_tmp_endpoint_ha,full_observed,1985,1990,1990,1995,0,positive_high,positive_low,5,52,0.096153846153846159
primary_assignment,Amazon,nat_tmp_endpoint_ha,full_observed,1985,1990,1990,1995,0,positive_high,positive_moderate,15,52,0.28846153846153844
primary_assignment,Amazon,nat_tmp_endpoint_ha,full_observed,1985,1990,1990,1995,0,positive_high,zero,1,52,0.019230769230769232
primary_assignment,Amazon,nat_tmp_endpoint_ha,full_observed,1985,1990,1990,1995,0,positive_low,positive_high,13,505,0.025742574257425741
primary_assignment,Amazon,nat_tmp_endpoint_ha,full_observed,1985,1990,1990,1995,0,positive_low,positive_low,180,505,0.35643564356435642
primary_assignment,Amazon,nat_tmp_endpoint_ha,full_observed,1985,1990,1990,1995,0,positive_low,positive_moderate,121,505,0.23960396039603959
primary_assignment,Amazon,nat_tmp_endpoint_ha,full_observed,1985,1990,1990,1995,0,positive_low,zero,191,505,0.37821782178217822
primary_assignment,Amazon,nat_tmp_endpoint_ha,full_observed,1985,1990,1990,1995,0,positive_moderate,positive_high,30,330,0.090909090909090912
primary_assignment,Amazon,nat_tmp_endpoint_ha,full_observed,1985,1990,1990,1995,0,positive_moderate,positive_low,95,330,0.2878787878787879
primary_assignment,Amazon,nat_tmp_endpoint_ha,full_observed,1985,1990,1990,1995,0,positive_moderate,positive_moderate,153,330,0.46363636363636362
primary_assignment,Amazon,nat_tmp_endpoint_ha,full_observed,1985,1990,1990,1995,0,positive_moderate,zero,52,330,0.15757575757575756
primary_assignment,Amazon,nat_tmp_endpoint_ha,full_observed,1985,1990,1990,1995,0,zero,positive_high,10,13326,0.00075041272699984997
primary_assignment,Amazon,nat_tmp_endpoint_ha,full_observed,1985,1990,1990,1995,0,zero,positive_low,291,13326,0.021837010355695633
primary_assignment,Amazon,nat_tmp_endpoint_ha,full_observed,1985,1990,1990,1995,0,zero,positive_moderate,167,13326,0.012531892540897493
primary_assignment,Amazon,nat_tmp_endpoint_ha,full_observed,1985,1990,1990,1995,0,zero,zero,12858,13326,0.96488068437640706
primary_assignment,Amazon,nat_tmp_endpoint_ha,full_observed,1990,1995,1995,2000,0,positive_high,positive_high,60,84,0.7142857142857143
primary_assignment,Amazon,nat_tmp_endpoint_ha,full_observed,1990,1995,1995,2000,0,positive_high,positive_low,4,84,0.047619047619047616
primary_assignment,Amazon,nat_tmp_endpoint_ha,full_observed,1990,1995,1995,2000,0,positive_high,positive_moderate,20,84,0.23809523809523808
primary_assignment,Amazon,nat_tmp_endpoint_ha,full_observed,1990,1995,1995,2000,0,positive_low,positive_high,26,571,0.04553415061295972
primary_assignment,Amazon,nat_tmp_endpoint_ha,full_observed,1990,1995,1995,2000,0,positive_low,positive_low,202,571,0.35376532399299476
primary_assignment,Amazon,nat_tmp_endpoint_ha,full_observed,1990,1995,1995,2000,0,positive_low,positive_moderate,128,571,0.22416812609457093
primary_assignment,Amazon,nat_tmp_endpoint_ha,full_observed,1990,1995,1995,2000,0,positive_low,zero,215,571,0.37653239929947463
primary_assignment,Amazon,nat_tmp_endpoint_ha,full_observed,1990,1995,1995,2000,0,positive_moderate,positive_high,72,456,0.15789473684210525
primary_assignment,Amazon,nat_tmp_endpoint_ha,full_observed,1990,1995,1995,2000,0,positive_moderate,positive_low,120,456,0.26315789473684209
primary_assignment,Amazon,nat_tmp_endpoint_ha,full_observed,1990,1995,1995,2000,0,positive_moderate,positive_moderate,175,456,0.38377192982456143
primary_assignment,Amazon,nat_tmp_endpoint_ha,full_observed,1990,1995,1995,2000,0,positive_moderate,zero,89,456,0.19517543859649122
primary_assignment,Amazon,nat_tmp_endpoint_ha,full_observed,1990,1995,1995,2000,0,zero,positive_high,13,13102,0.00099221492901847039
primary_assignment,Amazon,nat_tmp_endpoint_ha,full_observed,1990,1995,1995,2000,0,zero,positive_low,512,13102,0.039078003358265917
primary_assignment,Amazon,nat_tmp_endpoint_ha,full_observed,1990,1995,1995,2000,0,zero,positive_moderate,216,13102,0.016486032666768433
primary_assignment,Amazon,nat_tmp_endpoint_ha,full_observed,1990,1995,1995,2000,0,zero,zero,12361,13102,0.94344374904594719
primary_assignment,Amazon,nat_tmp_endpoint_ha,full_observed,1995,2000,2000,2005,0,positive_high,positive_high,148,171,0.86549707602339176
primary_assignment,Amazon,nat_tmp_endpoint_ha,full_observed,1995,2000,2000,2005,0,positive_high,positive_low,2,171,0.011695906432748537
primary_assignment,Amazon,nat_tmp_endpoint_ha,full_observed,1995,2000,2000,2005,0,positive_high,positive_moderate,21,171,0.12280701754385964
primary_assignment,Amazon,nat_tmp_endpoint_ha,full_observed,1995,2000,2000,2005,0,positive_low,positive_high,79,838,0.094272076372315036
primary_assignment,Amazon,nat_tmp_endpoint_ha,full_observed,1995,2000,2000,2005,0,positive_low,positive_low,287,838,0.34248210023866349
primary_assignment,Amazon,nat_tmp_endpoint_ha,full_observed,1995,2000,2000,2005,0,positive_low,positive_moderate,210,838,0.25059665871121717
primary_assignment,Amazon,nat_tmp_endpoint_ha,full_observed,1995,2000,2000,2005,0,positive_low,zero,262,838,0.31264916467780429
primary_assignment,Amazon,nat_tmp_endpoint_ha,full_observed,1995,2000,2000,2005,0,positive_moderate,positive_high,158,539,0.29313543599257885
primary_assignment,Amazon,nat_tmp_endpoint_ha,full_observed,1995,2000,2000,2005,0,positive_moderate,positive_low,114,539,0.21150278293135436
primary_assignment,Amazon,nat_tmp_endpoint_ha,full_observed,1995,2000,2000,2005,0,positive_moderate,positive_moderate,209,539,0.38775510204081631
primary_assignment,Amazon,nat_tmp_endpoint_ha,full_observed,1995,2000,2000,2005,0,positive_moderate,zero,58,539,0.10760667903525047
primary_assignment,Amazon,nat_tmp_endpoint_ha,full_observed,1995,2000,2000,2005,0,zero,positive_high,65,12665,0.0051322542439794713
primary_assignment,Amazon,nat_tmp_endpoint_ha,full_observed,1995,2000,2000,2005,0,zero,positive_low,722,12665,0.057007500986971972
primary_assignment,Amazon,nat_tmp_endpoint_ha,full_observed,1995,2000,2000,2005,0,zero,positive_moderate,280,12665,0.022108172127911566
primary_assignment,Amazon,nat_tmp_endpoint_ha,full_observed,1995,2000,2000,2005,0,zero,zero,11598,12665,0.915752072641137
primary_assignment,Amazon,nat_tmp_endpoint_ha,full_observed,2000,2005,2005,2010,0,positive_high,positive_high,87,450,0.19333333333333333
primary_assignment,Amazon,nat_tmp_endpoint_ha,full_observed,2000,2005,2005,2010,0,positive_high,positive_low,57,450,0.12666666666666668
primary_assignment,Amazon,nat_tmp_endpoint_ha,full_observed,2000,2005,2005,2010,0,positive_high,positive_moderate,303,450,0.67333333333333334
primary_assignment,Amazon,nat_tmp_endpoint_ha,full_observed,2000,2005,2005,2010,0,positive_high,zero,3,450,0.0066666666666666671
primary_assignment,Amazon,nat_tmp_endpoint_ha,full_observed,2000,2005,2005,2010,0,positive_low,positive_high,4,1125,0.0035555555555555557
primary_assignment,Amazon,nat_tmp_endpoint_ha,full_observed,2000,2005,2005,2010,0,positive_low,positive_low,449,1125,0.39911111111111114
primary_assignment,Amazon,nat_tmp_endpoint_ha,full_observed,2000,2005,2005,2010,0,positive_low,positive_moderate,122,1125,0.10844444444444444
primary_assignment,Amazon,nat_tmp_endpoint_ha,full_observed,2000,2005,2005,2010,0,positive_low,zero,550,1125,0.48888888888888887
primary_assignment,Amazon,nat_tmp_endpoint_ha,full_observed,2000,2005,2005,2010,0,positive_moderate,positive_high,17,720,0.02361111111111111
primary_assignment,Amazon,nat_tmp_endpoint_ha,full_observed,2000,2005,2005,2010,0,positive_moderate,positive_low,299,720,0.4152777777777778
primary_assignment,Amazon,nat_tmp_endpoint_ha,full_observed,2000,2005,2005,2010,0,positive_moderate,positive_moderate,273,720,0.37916666666666665
primary_assignment,Amazon,nat_tmp_endpoint_ha,full_observed,2000,2005,2005,2010,0,positive_moderate,zero,131,720,0.18194444444444444
primary_assignment,Amazon,nat_tmp_endpoint_ha,full_observed,2000,2005,2005,2010,0,zero,positive_high,1,11918,8.39066957543212e-05
primary_assignment,Amazon,nat_tmp_endpoint_ha,full_observed,2000,2005,2005,2010,0,zero,positive_low,586,11918,0.049169323712032219
primary_assignment,Amazon,nat_tmp_endpoint_ha,full_observed,2000,2005,2005,2010,0,zero,positive_moderate,105,11918,0.0088102030542037257
primary_assignment,Amazon,nat_tmp_endpoint_ha,full_observed,2000,2005,2005,2010,0,zero,zero,11226,11918,0.94193656653800972
primary_assignment,Amazon,nat_tmp_endpoint_ha,full_observed,2005,2010,2010,2015,0,positive_high,positive_high,35,109,0.32110091743119268
primary_assignment,Amazon,nat_tmp_endpoint_ha,full_observed,2005,2010,2010,2015,0,positive_high,positive_low,7,109,0.064220183486238536
primary_assignment,Amazon,nat_tmp_endpoint_ha,full_observed,2005,2010,2010,2015,0,positive_high,positive_moderate,67,109,0.61467889908256879
primary_assignment,Amazon,nat_tmp_endpoint_ha,full_observed,2005,2010,2010,2015,0,positive_low,positive_high,34,1391,0.024442846872753415
primary_assignment,Amazon,nat_tmp_endpoint_ha,full_observed,2005,2010,2010,2015,0,positive_low,positive_low,618,1391,0.44428468727534148
primary_assignment,Amazon,nat_tmp_endpoint_ha,full_observed,2005,2010,2010,2015,0,positive_low,positive_moderate,388,1391,0.27893601725377426
primary_assignment,Amazon,nat_tmp_endpoint_ha,full_observed,2005,2010,2010,2015,0,positive_low,zero,351,1391,0.25233644859813081
primary_assignment,Amazon,nat_tmp_endpoint_ha,full_observed,2005,2010,2010,2015,0,positive_moderate,positive_high,97,803,0.12079701120797011
primary_assignment,Amazon,nat_tmp_endpoint_ha,full_observed,2005,2010,2010,2015,0,positive_moderate,positive_low,162,803,0.20174346201743462
primary_assignment,Amazon,nat_tmp_endpoint_ha,full_observed,2005,2010,2010,2015,0,positive_moderate,positive_moderate,502,803,0.62515566625155661
primary_assignment,Amazon,nat_tmp_endpoint_ha,full_observed,2005,2010,2010,2015,0,positive_moderate,zero,42,803,0.052303860523038606
primary_assignment,Amazon,nat_tmp_endpoint_ha,full_observed,2005,2010,2010,2015,0,zero,positive_high,9,11910,0.0007556675062972292
primary_assignment,Amazon,nat_tmp_endpoint_ha,full_observed,2005,2010,2010,2015,0,zero,positive_low,906,11910,0.076070528967254414
primary_assignment,Amazon,nat_tmp_endpoint_ha,full_observed,2005,2010,2010,2015,0,zero,positive_moderate,239,11910,0.020067170445004199
primary_assignment,Amazon,nat_tmp_endpoint_ha,full_observed,2005,2010,2010,2015,0,zero,zero,10756,11910,0.90310663308144412
primary_assignment,Amazon,nat_tmp_endpoint_ha,full_observed,2010,2015,2015,2020,0,positive_high,positive_high,49,175,0.28000000000000003
primary_assignment,Amazon,nat_tmp_endpoint_ha,full_observed,2010,2015,2015,2020,0,positive_high,positive_low,11,175,0.062857142857142861
primary_assignment,Amazon,nat_tmp_endpoint_ha,full_observed,2010,2015,2015,2020,0,positive_high,positive_moderate,115,175,0.65714285714285714
primary_assignment,Amazon,nat_tmp_endpoint_ha,full_observed,2010,2015,2015,2020,0,positive_low,positive_high,18,1693,0.010632014176018901
primary_assignment,Amazon,nat_tmp_endpoint_ha,full_observed,2010,2015,2015,2020,0,positive_low,positive_low,814,1693,0.48080330773774366
primary_assignment,Amazon,nat_tmp_endpoint_ha,full_observed,2010,2015,2015,2020,0,positive_low,positive_moderate,303,1693,0.1789722386296515
primary_assignment,Amazon,nat_tmp_endpoint_ha,full_observed,2010,2015,2015,2020,0,positive_low,zero,558,1693,0.32959243945658595
primary_assignment,Amazon,nat_tmp_endpoint_ha,full_observed,2010,2015,2015,2020,0,positive_moderate,positive_high,98,1196,0.08193979933110368
primary_assignment,Amazon,nat_tmp_endpoint_ha,full_observed,2010,2015,2015,2020,0,positive_moderate,positive_low,344,1196,0.28762541806020064
primary_assignment,Amazon,nat_tmp_endpoint_ha,full_observed,2010,2015,2015,2020,0,positive_moderate,positive_moderate,699,1196,0.58444816053511706
primary_assignment,Amazon,nat_tmp_endpoint_ha,full_observed,2010,2015,2015,2020,0,positive_moderate,zero,55,1196,0.045986622073578592
primary_assignment,Amazon,nat_tmp_endpoint_ha,full_observed,2010,2015,2015,2020,0,zero,positive_high,4,11149,0.00035877657188985562
primary_assignment,Amazon,nat_tmp_endpoint_ha,full_observed,2010,2015,2015,2020,0,zero,positive_low,789,11149,0.070768678805274016
primary_assignment,Amazon,nat_tmp_endpoint_ha,full_observed,2010,2015,2015,2020,0,zero,positive_moderate,123,11149,0.01103237958561306
primary_assignment,Amazon,nat_tmp_endpoint_ha,full_observed,2010,2015,2015,2020,0,zero,zero,10233,11149,0.9178401650372231
primary_assignment,Amazon,nat_tmp_endpoint_ha,full_observed,2015,2020,2020,2025,1,positive_high,positive_high,50,169,0.29585798816568049
primary_assignment,Amazon,nat_tmp_endpoint_ha,full_observed,2015,2020,2020,2025,1,positive_high,positive_low,10,169,0.059171597633136092
primary_assignment,Amazon,nat_tmp_endpoint_ha,full_observed,2015,2020,2020,2025,1,positive_high,positive_moderate,109,169,0.6449704142011834
primary_assignment,Amazon,nat_tmp_endpoint_ha,full_observed,2015,2020,2020,2025,1,positive_low,positive_high,13,1958,0.0066394279877425941
primary_assignment,Amazon,nat_tmp_endpoint_ha,full_observed,2015,2020,2020,2025,1,positive_low,positive_low,939,1958,0.47957099080694587
primary_assignment,Amazon,nat_tmp_endpoint_ha,full_observed,2015,2020,2020,2025,1,positive_low,positive_moderate,314,1958,0.16036772216547499
primary_assignment,Amazon,nat_tmp_endpoint_ha,full_observed,2015,2020,2020,2025,1,positive_low,zero,692,1958,0.35342185903983658
primary_assignment,Amazon,nat_tmp_endpoint_ha,full_observed,2015,2020,2020,2025,1,positive_moderate,positive_high,49,1240,0.039516129032258061
primary_assignment,Amazon,nat_tmp_endpoint_ha,full_observed,2015,2020,2020,2025,1,positive_moderate,positive_low,326,1240,0.26290322580645159
primary_assignment,Amazon,nat_tmp_endpoint_ha,full_observed,2015,2020,2020,2025,1,positive_moderate,positive_moderate,800,1240,0.64516129032258063
primary_assignment,Amazon,nat_tmp_endpoint_ha,full_observed,2015,2020,2020,2025,1,positive_moderate,zero,65,1240,0.052419354838709679
primary_assignment,Amazon,nat_tmp_endpoint_ha,full_observed,2015,2020,2020,2025,1,zero,positive_high,2,10846,0.00018439977872026554
primary_assignment,Amazon,nat_tmp_endpoint_ha,full_observed,2015,2020,2020,2025,1,zero,positive_low,670,10846,0.061773925871288951
primary_assignment,Amazon,nat_tmp_endpoint_ha,full_observed,2015,2020,2020,2025,1,zero,positive_moderate,130,10846,0.01198598561681726
primary_assignment,Amazon,nat_tmp_endpoint_ha,full_observed,2015,2020,2020,2025,1,zero,zero,10044,10846,0.92605568873317357
primary_assignment,Amazon,cr_balance_index,primary,1985,1990,1990,1995,0,consolidation_dominant,consolidation_dominant,14,36,0.3888888888888889
primary_assignment,Amazon,cr_balance_index,primary,1985,1990,1990,1995,0,consolidation_dominant,mixed,7,36,0.19444444444444445
primary_assignment,Amazon,cr_balance_index,primary,1985,1990,1990,1995,0,consolidation_dominant,replenishment_dominant,15,36,0.41666666666666669
primary_assignment,Amazon,cr_balance_index,primary,1985,1990,1990,1995,0,inactive,consolidation_dominant,1,6439,0.00015530361857431278
primary_assignment,Amazon,cr_balance_index,primary,1985,1990,1990,1995,0,inactive,inactive,5233,6439,0.81270383599937879
primary_assignment,Amazon,cr_balance_index,primary,1985,1990,1990,1995,0,inactive,replenishment_dominant,1205,6439,0.18714086038204691
primary_assignment,Amazon,cr_balance_index,primary,1985,1990,1990,1995,0,mixed,consolidation_dominant,7,34,0.20588235294117646
primary_assignment,Amazon,cr_balance_index,primary,1985,1990,1990,1995,0,mixed,mixed,4,34,0.11764705882352941
primary_assignment,Amazon,cr_balance_index,primary,1985,1990,1990,1995,0,mixed,replenishment_dominant,23,34,0.67647058823529416
primary_assignment,Amazon,cr_balance_index,primary,1985,1990,1990,1995,0,replenishment_dominant,consolidation_dominant,32,7704,0.0041536863966770508
primary_assignment,Amazon,cr_balance_index,primary,1985,1990,1990,1995,0,replenishment_dominant,inactive,322,7704,0.041796469366562825
primary_assignment,Amazon,cr_balance_index,primary,1985,1990,1990,1995,0,replenishment_dominant,mixed,53,7704,0.0068795430944963657
primary_assignment,Amazon,cr_balance_index,primary,1985,1990,1990,1995,0,replenishment_dominant,replenishment_dominant,7297,7704,0.94717030114226375
primary_assignment,Amazon,cr_balance_index,primary,1990,1995,1995,2000,0,consolidation_dominant,consolidation_dominant,23,54,0.42592592592592593
primary_assignment,Amazon,cr_balance_index,primary,1990,1995,1995,2000,0,consolidation_dominant,inactive,2,54,0.037037037037037035
primary_assignment,Amazon,cr_balance_index,primary,1990,1995,1995,2000,0,consolidation_dominant,mixed,12,54,0.22222222222222221
primary_assignment,Amazon,cr_balance_index,primary,1990,1995,1995,2000,0,consolidation_dominant,replenishment_dominant,17,54,0.31481481481481483
primary_assignment,Amazon,cr_balance_index,primary,1990,1995,1995,2000,0,inactive,inactive,4518,5555,0.81332133213321334
primary_assignment,Amazon,cr_balance_index,primary,1990,1995,1995,2000,0,inactive,replenishment_dominant,1037,5555,0.18667866786678669
primary_assignment,Amazon,cr_balance_index,primary,1990,1995,1995,2000,0,mixed,consolidation_dominant,9,64,0.140625
primary_assignment,Amazon,cr_balance_index,primary,1990,1995,1995,2000,0,mixed,mixed,18,64,0.28125
primary_assignment,Amazon,cr_balance_index,primary,1990,1995,1995,2000,0,mixed,replenishment_dominant,37,64,0.578125
primary_assignment,Amazon,cr_balance_index,primary,1990,1995,1995,2000,0,replenishment_dominant,consolidation_dominant,29,8540,0.0033957845433255271
primary_assignment,Amazon,cr_balance_index,primary,1990,1995,1995,2000,0,replenishment_dominant,inactive,421,8540,0.049297423887587823
primary_assignment,Amazon,cr_balance_index,primary,1990,1995,1995,2000,0,replenishment_dominant,mixed,84,8540,0.0098360655737704927
primary_assignment,Amazon,cr_balance_index,primary,1990,1995,1995,2000,0,replenishment_dominant,replenishment_dominant,8006,8540,0.93747072599531611
primary_assignment,Amazon,cr_balance_index,primary,1995,2000,2000,2005,0,consolidation_dominant,consolidation_dominant,33,61,0.54098360655737709
primary_assignment,Amazon,cr_balance_index,primary,1995,2000,2000,2005,0,consolidation_dominant,mixed,14,61,0.22950819672131148
primary_assignment,Amazon,cr_balance_index,primary,1995,2000,2000,2005,0,consolidation_dominant,replenishment_dominant,14,61,0.22950819672131148
primary_assignment,Amazon,cr_balance_index,primary,1995,2000,2000,2005,0,inactive,consolidation_dominant,1,4941,0.00020238818053025704
primary_assignment,Amazon,cr_balance_index,primary,1995,2000,2000,2005,0,inactive,inactive,3744,4941,0.75774134790528236
primary_assignment,Amazon,cr_balance_index,primary,1995,2000,2000,2005,0,inactive,replenishment_dominant,1196,4941,0.24205626391418741
primary_assignment,Amazon,cr_balance_index,primary,1995,2000,2000,2005,0,mixed,consolidation_dominant,60,114,0.52631578947368418
primary_assignment,Amazon,cr_balance_index,primary,1995,2000,2000,2005,0,mixed,mixed,31,114,0.27192982456140352
primary_assignment,Amazon,cr_balance_index,primary,1995,2000,2000,2005,0,mixed,replenishment_dominant,23,114,0.20175438596491227
primary_assignment,Amazon,cr_balance_index,primary,1995,2000,2000,2005,0,replenishment_dominant,consolidation_dominant,145,9097,0.015939320655161043
primary_assignment,Amazon,cr_balance_index,primary,1995,2000,2000,2005,0,replenishment_dominant,inactive,381,9097,0.041881939100802464
primary_assignment,Amazon,cr_balance_index,primary,1995,2000,2000,2005,0,replenishment_dominant,mixed,207,9097,0.022754754314609212
primary_assignment,Amazon,cr_balance_index,primary,1995,2000,2000,2005,0,replenishment_dominant,replenishment_dominant,8364,9097,0.91942398592942731
primary_assignment,Amazon,cr_balance_index,primary,2000,2005,2005,2010,0,consolidation_dominant,consolidation_dominant,204,239,0.85355648535564854
primary_assignment,Amazon,cr_balance_index,primary,2000,2005,2005,2010,0,consolidation_dominant,mixed,21,239,0.087866108786610872
primary_assignment,Amazon,cr_balance_index,primary,2000,2005,2005,2010,0,consolidation_dominant,replenishment_dominant,14,239,0.058577405857740586
primary_assignment,Amazon,cr_balance_index,primary,2000,2005,2005,2010,0,inactive,inactive,3493,4125,0.84678787878787876
primary_assignment,Amazon,cr_balance_index,primary,2000,2005,2005,2010,0,inactive,replenishment_dominant,632,4125,0.15321212121212122
primary_assignment,Amazon,cr_balance_index,primary,2000,2005,2005,2010,0,mixed,consolidation_dominant,181,252,0.71825396825396826
primary_assignment,Amazon,cr_balance_index,primary,2000,2005,2005,2010,0,mixed,mixed,48,252,0.19047619047619047
primary_assignment,Amazon,cr_balance_index,primary,2000,2005,2005,2010,0,mixed,replenishment_dominant,23,252,0.091269841269841265
primary_assignment,Amazon,cr_balance_index,primary,2000,2005,2005,2010,0,replenishment_dominant,consolidation_dominant,274,9597,0.028550588725643429
primary_assignment,Amazon,cr_balance_index,primary,2000,2005,2005,2010,0,replenishment_dominant,inactive,421,9597,0.043867875377722208
primary_assignment,Amazon,cr_balance_index,primary,2000,2005,2005,2010,0,replenishment_dominant,mixed,301,9597,0.031363967906637494
primary_assignment,Amazon,cr_balance_index,primary,2000,2005,2005,2010,0,replenishment_dominant,replenishment_dominant,8601,9597,0.89621756798999686
primary_assignment,Amazon,cr_balance_index,primary,2005,2010,2010,2015,0,consolidation_dominant,consolidation_dominant,589,659,0.8937784522003035
primary_assignment,Amazon,cr_balance_index,primary,2005,2010,2010,2015,0,consolidation_dominant,mixed,46,659,0.069802731411229141
primary_assignment,Amazon,cr_balance_index,primary,2005,2010,2010,2015,0,consolidation_dominant,replenishment_dominant,24,659,0.036418816388467376
primary_assignment,Amazon,cr_balance_index,primary,2005,2010,2010,2015,0,inactive,consolidation_dominant,2,3914,0.00051098620337250899
primary_assignment,Amazon,cr_balance_index,primary,2005,2010,2010,2015,0,inactive,inactive,3273,3914,0.8362289218191109
primary_assignment,Amazon,cr_balance_index,primary,2005,2010,2010,2015,0,inactive,replenishment_dominant,639,3914,0.16326009197751662
primary_assignment,Amazon,cr_balance_index,primary,2005,2010,2010,2015,0,mixed,consolidation_dominant,235,370,0.63513513513513509
primary_assignment,Amazon,cr_balance_index,primary,2005,2010,2010,2015,0,mixed,mixed,76,370,0.20540540540540542
primary_assignment,Amazon,cr_balance_index,primary,2005,2010,2010,2015,0,mixed,replenishment_dominant,59,370,0.15945945945945947
primary_assignment,Amazon,cr_balance_index,primary,2005,2010,2010,2015,0,replenishment_dominant,consolidation_dominant,418,9270,0.045091693635382957
primary_assignment,Amazon,cr_balance_index,primary,2005,2010,2010,2015,0,replenishment_dominant,inactive,492,9270,0.05307443365695793
primary_assignment,Amazon,cr_balance_index,primary,2005,2010,2010,2015,0,replenishment_dominant,mixed,359,9270,0.038727076591154264
primary_assignment,Amazon,cr_balance_index,primary,2005,2010,2010,2015,0,replenishment_dominant,replenishment_dominant,8001,9270,0.86310679611650487
primary_assignment,Amazon,cr_balance_index,primary,2010,2015,2015,2020,0,consolidation_dominant,consolidation_dominant,929,1244,0.74678456591639875
primary_assignment,Amazon,cr_balance_index,primary,2010,2015,2015,2020,0,consolidation_dominant,inactive,1,1244,0.00080385852090032153
primary_assignment,Amazon,cr_balance_index,primary,2010,2015,2015,2020,0,consolidation_dominant,mixed,205,1244,0.16479099678456591
primary_assignment,Amazon,cr_balance_index,primary,2010,2015,2015,2020,0,consolidation_dominant,replenishment_dominant,109,1244,0.087620578778135047
primary_assignment,Amazon,cr_balance_index,primary,2010,2015,2015,2020,0,inactive,consolidation_dominant,2,3765,0.00053120849933598936
primary_assignment,Amazon,cr_balance_index,primary,2010,2015,2015,2020,0,inactive,inactive,3027,3765,0.80398406374501996
primary_assignment,Amazon,cr_balance_index,primary,2010,2015,2015,2020,0,inactive,replenishment_dominant,736,3765,0.1954847277556441
primary_assignment,Amazon,cr_balance_index,primary,2010,2015,2015,2020,0,mixed,consolidation_dominant,152,481,0.31600831600831603
primary_assignment,Amazon,cr_balance_index,primary,2010,2015,2015,2020,0,mixed,inactive,1,481,0.0020790020790020791
primary_assignment,Amazon,cr_balance_index,primary,2010,2015,2015,2020,0,mixed,mixed,159,481,0.33056133056133058
primary_assignment,Amazon,cr_balance_index,primary,2010,2015,2015,2020,0,mixed,replenishment_dominant,169,481,0.35135135135135137
primary_assignment,Amazon,cr_balance_index,primary,2010,2015,2015,2020,0,replenishment_dominant,consolidation_dominant,158,8723,0.018113034506477131
primary_assignment,Amazon,cr_balance_index,primary,2010,2015,2015,2020,0,replenishment_dominant,inactive,430,8723,0.049294967327754215
primary_assignment,Amazon,cr_balance_index,primary,2010,2015,2015,2020,0,replenishment_dominant,mixed,328,8723,0.037601742519775307
primary_assignment,Amazon,cr_balance_index,primary,2010,2015,2015,2020,0,replenishment_dominant,replenishment_dominant,7807,8723,0.89499025564599333
primary_assignment,Amazon,cr_balance_index,full_observed,1985,1990,1990,1995,0,consolidation_dominant,consolidation_dominant,14,36,0.3888888888888889
primary_assignment,Amazon,cr_balance_index,full_observed,1985,1990,1990,1995,0,consolidation_dominant,mixed,7,36,0.19444444444444445
primary_assignment,Amazon,cr_balance_index,full_observed,1985,1990,1990,1995,0,consolidation_dominant,replenishment_dominant,15,36,0.41666666666666669
primary_assignment,Amazon,cr_balance_index,full_observed,1985,1990,1990,1995,0,inactive,consolidation_dominant,1,6439,0.00015530361857431278
primary_assignment,Amazon,cr_balance_index,full_observed,1985,1990,1990,1995,0,inactive,inactive,5233,6439,0.81270383599937879
primary_assignment,Amazon,cr_balance_index,full_observed,1985,1990,1990,1995,0,inactive,replenishment_dominant,1205,6439,0.18714086038204691
primary_assignment,Amazon,cr_balance_index,full_observed,1985,1990,1990,1995,0,mixed,consolidation_dominant,7,34,0.20588235294117646
primary_assignment,Amazon,cr_balance_index,full_observed,1985,1990,1990,1995,0,mixed,mixed,4,34,0.11764705882352941
primary_assignment,Amazon,cr_balance_index,full_observed,1985,1990,1990,1995,0,mixed,replenishment_dominant,23,34,0.67647058823529416
primary_assignment,Amazon,cr_balance_index,full_observed,1985,1990,1990,1995,0,replenishment_dominant,consolidation_dominant,32,7704,0.0041536863966770508
primary_assignment,Amazon,cr_balance_index,full_observed,1985,1990,1990,1995,0,replenishment_dominant,inactive,322,7704,0.041796469366562825
primary_assignment,Amazon,cr_balance_index,full_observed,1985,1990,1990,1995,0,replenishment_dominant,mixed,53,7704,0.0068795430944963657
primary_assignment,Amazon,cr_balance_index,full_observed,1985,1990,1990,1995,0,replenishment_dominant,replenishment_dominant,7297,7704,0.94717030114226375
primary_assignment,Amazon,cr_balance_index,full_observed,1990,1995,1995,2000,0,consolidation_dominant,consolidation_dominant,23,54,0.42592592592592593
primary_assignment,Amazon,cr_balance_index,full_observed,1990,1995,1995,2000,0,consolidation_dominant,inactive,2,54,0.037037037037037035
primary_assignment,Amazon,cr_balance_index,full_observed,1990,1995,1995,2000,0,consolidation_dominant,mixed,12,54,0.22222222222222221
primary_assignment,Amazon,cr_balance_index,full_observed,1990,1995,1995,2000,0,consolidation_dominant,replenishment_dominant,17,54,0.31481481481481483
primary_assignment,Amazon,cr_balance_index,full_observed,1990,1995,1995,2000,0,inactive,inactive,4518,5555,0.81332133213321334
primary_assignment,Amazon,cr_balance_index,full_observed,1990,1995,1995,2000,0,inactive,replenishment_dominant,1037,5555,0.18667866786678669
primary_assignment,Amazon,cr_balance_index,full_observed,1990,1995,1995,2000,0,mixed,consolidation_dominant,9,64,0.140625
primary_assignment,Amazon,cr_balance_index,full_observed,1990,1995,1995,2000,0,mixed,mixed,18,64,0.28125
primary_assignment,Amazon,cr_balance_index,full_observed,1990,1995,1995,2000,0,mixed,replenishment_dominant,37,64,0.578125
primary_assignment,Amazon,cr_balance_index,full_observed,1990,1995,1995,2000,0,replenishment_dominant,consolidation_dominant,29,8540,0.0033957845433255271
primary_assignment,Amazon,cr_balance_index,full_observed,1990,1995,1995,2000,0,replenishment_dominant,inactive,421,8540,0.049297423887587823
primary_assignment,Amazon,cr_balance_index,full_observed,1990,1995,1995,2000,0,replenishment_dominant,mixed,84,8540,0.0098360655737704927
primary_assignment,Amazon,cr_balance_index,full_observed,1990,1995,1995,2000,0,replenishment_dominant,replenishment_dominant,8006,8540,0.93747072599531611
primary_assignment,Amazon,cr_balance_index,full_observed,1995,2000,2000,2005,0,consolidation_dominant,consolidation_dominant,33,61,0.54098360655737709
primary_assignment,Amazon,cr_balance_index,full_observed,1995,2000,2000,2005,0,consolidation_dominant,mixed,14,61,0.22950819672131148
primary_assignment,Amazon,cr_balance_index,full_observed,1995,2000,2000,2005,0,consolidation_dominant,replenishment_dominant,14,61,0.22950819672131148
primary_assignment,Amazon,cr_balance_index,full_observed,1995,2000,2000,2005,0,inactive,consolidation_dominant,1,4941,0.00020238818053025704
primary_assignment,Amazon,cr_balance_index,full_observed,1995,2000,2000,2005,0,inactive,inactive,3744,4941,0.75774134790528236
primary_assignment,Amazon,cr_balance_index,full_observed,1995,2000,2000,2005,0,inactive,replenishment_dominant,1196,4941,0.24205626391418741
primary_assignment,Amazon,cr_balance_index,full_observed,1995,2000,2000,2005,0,mixed,consolidation_dominant,60,114,0.52631578947368418
primary_assignment,Amazon,cr_balance_index,full_observed,1995,2000,2000,2005,0,mixed,mixed,31,114,0.27192982456140352
primary_assignment,Amazon,cr_balance_index,full_observed,1995,2000,2000,2005,0,mixed,replenishment_dominant,23,114,0.20175438596491227
primary_assignment,Amazon,cr_balance_index,full_observed,1995,2000,2000,2005,0,replenishment_dominant,consolidation_dominant,145,9097,0.015939320655161043
primary_assignment,Amazon,cr_balance_index,full_observed,1995,2000,2000,2005,0,replenishment_dominant,inactive,381,9097,0.041881939100802464
primary_assignment,Amazon,cr_balance_index,full_observed,1995,2000,2000,2005,0,replenishment_dominant,mixed,207,9097,0.022754754314609212
primary_assignment,Amazon,cr_balance_index,full_observed,1995,2000,2000,2005,0,replenishment_dominant,replenishment_dominant,8364,9097,0.91942398592942731
primary_assignment,Amazon,cr_balance_index,full_observed,2000,2005,2005,2010,0,consolidation_dominant,consolidation_dominant,204,239,0.85355648535564854
primary_assignment,Amazon,cr_balance_index,full_observed,2000,2005,2005,2010,0,consolidation_dominant,mixed,21,239,0.087866108786610872
primary_assignment,Amazon,cr_balance_index,full_observed,2000,2005,2005,2010,0,consolidation_dominant,replenishment_dominant,14,239,0.058577405857740586
primary_assignment,Amazon,cr_balance_index,full_observed,2000,2005,2005,2010,0,inactive,inactive,3493,4125,0.84678787878787876
primary_assignment,Amazon,cr_balance_index,full_observed,2000,2005,2005,2010,0,inactive,replenishment_dominant,632,4125,0.15321212121212122
primary_assignment,Amazon,cr_balance_index,full_observed,2000,2005,2005,2010,0,mixed,consolidation_dominant,181,252,0.71825396825396826
primary_assignment,Amazon,cr_balance_index,full_observed,2000,2005,2005,2010,0,mixed,mixed,48,252,0.19047619047619047
primary_assignment,Amazon,cr_balance_index,full_observed,2000,2005,2005,2010,0,mixed,replenishment_dominant,23,252,0.091269841269841265
primary_assignment,Amazon,cr_balance_index,full_observed,2000,2005,2005,2010,0,replenishment_dominant,consolidation_dominant,274,9597,0.028550588725643429
primary_assignment,Amazon,cr_balance_index,full_observed,2000,2005,2005,2010,0,replenishment_dominant,inactive,421,9597,0.043867875377722208
primary_assignment,Amazon,cr_balance_index,full_observed,2000,2005,2005,2010,0,replenishment_dominant,mixed,301,9597,0.031363967906637494
primary_assignment,Amazon,cr_balance_index,full_observed,2000,2005,2005,2010,0,replenishment_dominant,replenishment_dominant,8601,9597,0.89621756798999686
primary_assignment,Amazon,cr_balance_index,full_observed,2005,2010,2010,2015,0,consolidation_dominant,consolidation_dominant,589,659,0.8937784522003035
primary_assignment,Amazon,cr_balance_index,full_observed,2005,2010,2010,2015,0,consolidation_dominant,mixed,46,659,0.069802731411229141
primary_assignment,Amazon,cr_balance_index,full_observed,2005,2010,2010,2015,0,consolidation_dominant,replenishment_dominant,24,659,0.036418816388467376
primary_assignment,Amazon,cr_balance_index,full_observed,2005,2010,2010,2015,0,inactive,consolidation_dominant,2,3914,0.00051098620337250899
primary_assignment,Amazon,cr_balance_index,full_observed,2005,2010,2010,2015,0,inactive,inactive,3273,3914,0.8362289218191109
primary_assignment,Amazon,cr_balance_index,full_observed,2005,2010,2010,2015,0,inactive,replenishment_dominant,639,3914,0.16326009197751662
primary_assignment,Amazon,cr_balance_index,full_observed,2005,2010,2010,2015,0,mixed,consolidation_dominant,235,370,0.63513513513513509
primary_assignment,Amazon,cr_balance_index,full_observed,2005,2010,2010,2015,0,mixed,mixed,76,370,0.20540540540540542
primary_assignment,Amazon,cr_balance_index,full_observed,2005,2010,2010,2015,0,mixed,replenishment_dominant,59,370,0.15945945945945947
primary_assignment,Amazon,cr_balance_index,full_observed,2005,2010,2010,2015,0,replenishment_dominant,consolidation_dominant,418,9270,0.045091693635382957
primary_assignment,Amazon,cr_balance_index,full_observed,2005,2010,2010,2015,0,replenishment_dominant,inactive,492,9270,0.05307443365695793
primary_assignment,Amazon,cr_balance_index,full_observed,2005,2010,2010,2015,0,replenishment_dominant,mixed,359,9270,0.038727076591154264
primary_assignment,Amazon,cr_balance_index,full_observed,2005,2010,2010,2015,0,replenishment_dominant,replenishment_dominant,8001,9270,0.86310679611650487
primary_assignment,Amazon,cr_balance_index,full_observed,2010,2015,2015,2020,0,consolidation_dominant,consolidation_dominant,929,1244,0.74678456591639875
primary_assignment,Amazon,cr_balance_index,full_observed,2010,2015,2015,2020,0,consolidation_dominant,inactive,1,1244,0.00080385852090032153
primary_assignment,Amazon,cr_balance_index,full_observed,2010,2015,2015,2020,0,consolidation_dominant,mixed,205,1244,0.16479099678456591
primary_assignment,Amazon,cr_balance_index,full_observed,2010,2015,2015,2020,0,consolidation_dominant,replenishment_dominant,109,1244,0.087620578778135047
primary_assignment,Amazon,cr_balance_index,full_observed,2010,2015,2015,2020,0,inactive,consolidation_dominant,2,3765,0.00053120849933598936
primary_assignment,Amazon,cr_balance_index,full_observed,2010,2015,2015,2020,0,inactive,inactive,3027,3765,0.80398406374501996
primary_assignment,Amazon,cr_balance_index,full_observed,2010,2015,2015,2020,0,inactive,replenishment_dominant,736,3765,0.1954847277556441
primary_assignment,Amazon,cr_balance_index,full_observed,2010,2015,2015,2020,0,mixed,consolidation_dominant,152,481,0.31600831600831603
primary_assignment,Amazon,cr_balance_index,full_observed,2010,2015,2015,2020,0,mixed,inactive,1,481,0.0020790020790020791
primary_assignment,Amazon,cr_balance_index,full_observed,2010,2015,2015,2020,0,mixed,mixed,159,481,0.33056133056133058
primary_assignment,Amazon,cr_balance_index,full_observed,2010,2015,2015,2020,0,mixed,replenishment_dominant,169,481,0.35135135135135137
primary_assignment,Amazon,cr_balance_index,full_observed,2010,2015,2015,2020,0,replenishment_dominant,consolidation_dominant,158,8723,0.018113034506477131
primary_assignment,Amazon,cr_balance_index,full_observed,2010,2015,2015,2020,0,replenishment_dominant,inactive,430,8723,0.049294967327754215
primary_assignment,Amazon,cr_balance_index,full_observed,2010,2015,2015,2020,0,replenishment_dominant,mixed,328,8723,0.037601742519775307
primary_assignment,Amazon,cr_balance_index,full_observed,2010,2015,2015,2020,0,replenishment_dominant,replenishment_dominant,7807,8723,0.89499025564599333
primary_assignment,Amazon,cr_balance_index,full_observed,2015,2020,2020,2025,1,consolidation_dominant,consolidation_dominant,690,1241,0.55600322320709106
primary_assignment,Amazon,cr_balance_index,full_observed,2015,2020,2020,2025,1,consolidation_dominant,inactive,1,1241,0.00080580177276390005
primary_assignment,Amazon,cr_balance_index,full_observed,2015,2020,2020,2025,1,consolidation_dominant,mixed,266,1241,0.21434327155519742
primary_assignment,Amazon,cr_balance_index,full_observed,2015,2020,2020,2025,1,consolidation_dominant,replenishment_dominant,284,1241,0.22884770346494762
primary_assignment,Amazon,cr_balance_index,full_observed,2015,2020,2020,2025,1,inactive,consolidation_dominant,1,3459,0.00028910089621277829
primary_assignment,Amazon,cr_balance_index,full_observed,2015,2020,2020,2025,1,inactive,inactive,2385,3459,0.68950563746747617
primary_assignment,Amazon,cr_balance_index,full_observed,2015,2020,2020,2025,1,inactive,mixed,1,3459,0.00028910089621277829
primary_assignment,Amazon,cr_balance_index,full_observed,2015,2020,2020,2025,1,inactive,replenishment_dominant,1072,3459,0.30991616074009831
primary_assignment,Amazon,cr_balance_index,full_observed,2015,2020,2020,2025,1,mixed,consolidation_dominant,141,692,0.20375722543352601
primary_assignment,Amazon,cr_balance_index,full_observed,2015,2020,2020,2025,1,mixed,mixed,166,692,0.23988439306358381
primary_assignment,Amazon,cr_balance_index,full_observed,2015,2020,2020,2025,1,mixed,replenishment_dominant,385,692,0.55635838150289019
primary_assignment,Amazon,cr_balance_index,full_observed,2015,2020,2020,2025,1,replenishment_dominant,consolidation_dominant,119,8821,0.013490533953066547
primary_assignment,Amazon,cr_balance_index,full_observed,2015,2020,2020,2025,1,replenishment_dominant,inactive,321,8821,0.036390431923818162
primary_assignment,Amazon,cr_balance_index,full_observed,2015,2020,2020,2025,1,replenishment_dominant,mixed,211,8821,0.023920190454596986
primary_assignment,Amazon,cr_balance_index,full_observed,2015,2020,2020,2025,1,replenishment_dominant,replenishment_dominant,8170,8821,0.92619884366851835
primary_assignment,Cerrado,nat_tmp_endpoint_ha,primary,1985,1990,1990,1995,0,positive_high,positive_high,431,829,0.51990349819059112
primary_assignment,Cerrado,nat_tmp_endpoint_ha,primary,1985,1990,1990,1995,0,positive_high,positive_low,41,829,0.049457177322074788
primary_assignment,Cerrado,nat_tmp_endpoint_ha,primary,1985,1990,1990,1995,0,positive_high,positive_moderate,354,829,0.42702050663449942
primary_assignment,Cerrado,nat_tmp_endpoint_ha,primary,1985,1990,1990,1995,0,positive_high,zero,3,829,0.0036188178528347406
primary_assignment,Cerrado,nat_tmp_endpoint_ha,primary,1985,1990,1990,1995,0,positive_low,positive_high,31,1539,0.02014294996751137
primary_assignment,Cerrado,nat_tmp_endpoint_ha,primary,1985,1990,1990,1995,0,positive_low,positive_low,684,1539,0.44444444444444442
primary_assignment,Cerrado,nat_tmp_endpoint_ha,primary,1985,1990,1990,1995,0,positive_low,positive_moderate,383,1539,0.24886289798570499
primary_assignment,Cerrado,nat_tmp_endpoint_ha,primary,1985,1990,1990,1995,0,positive_low,zero,441,1539,0.28654970760233917
primary_assignment,Cerrado,nat_tmp_endpoint_ha,primary,1985,1990,1990,1995,0,positive_moderate,positive_high,178,2251,0.079075966237227902
primary_assignment,Cerrado,nat_tmp_endpoint_ha,primary,1985,1990,1990,1995,0,positive_moderate,positive_low,643,2251,0.28565082185695245
primary_assignment,Cerrado,nat_tmp_endpoint_ha,primary,1985,1990,1990,1995,0,positive_moderate,positive_moderate,1252,2251,0.55619724566859174
primary_assignment,Cerrado,nat_tmp_endpoint_ha,primary,1985,1990,1990,1995,0,positive_moderate,zero,178,2251,0.079075966237227902
primary_assignment,Cerrado,nat_tmp_endpoint_ha,primary,1985,1990,1990,1995,0,zero,positive_high,54,6057,0.0089153046062407128
primary_assignment,Cerrado,nat_tmp_endpoint_ha,primary,1985,1990,1990,1995,0,zero,positive_low,660,6057,0.10896483407627539
primary_assignment,Cerrado,nat_tmp_endpoint_ha,primary,1985,1990,1990,1995,0,zero,positive_moderate,348,6057,0.057454185240217927
primary_assignment,Cerrado,nat_tmp_endpoint_ha,primary,1985,1990,1990,1995,0,zero,zero,4995,6057,0.82466567607726593
primary_assignment,Cerrado,nat_tmp_endpoint_ha,primary,1990,1995,1995,2000,0,positive_high,positive_high,387,694,0.55763688760806918
primary_assignment,Cerrado,nat_tmp_endpoint_ha,primary,1990,1995,1995,2000,0,positive_high,positive_low,34,694,0.048991354466858789
primary_assignment,Cerrado,nat_tmp_endpoint_ha,primary,1990,1995,1995,2000,0,positive_high,positive_moderate,267,694,0.38472622478386165
primary_assignment,Cerrado,nat_tmp_endpoint_ha,primary,1990,1995,1995,2000,0,positive_high,zero,6,694,0.0086455331412103754
primary_assignment,Cerrado,nat_tmp_endpoint_ha,primary,1990,1995,1995,2000,0,positive_low,positive_high,19,2028,0.0093688362919132143
primary_assignment,Cerrado,nat_tmp_endpoint_ha,primary,1990,1995,1995,2000,0,positive_low,positive_low,1085,2028,0.53500986193293887
primary_assignment,Cerrado,nat_tmp_endpoint_ha,primary,1990,1995,1995,2000,0,positive_low,positive_moderate,333,2028,0.16420118343195267
primary_assignment,Cerrado,nat_tmp_endpoint_ha,primary,1990,1995,1995,2000,0,positive_low,zero,591,2028,0.29142011834319526
primary_assignment,Cerrado,nat_tmp_endpoint_ha,primary,1990,1995,1995,2000,0,positive_moderate,positive_high,140,2337,0.059905862216516899
primary_assignment,Cerrado,nat_tmp_endpoint_ha,primary,1990,1995,1995,2000,0,positive_moderate,positive_low,826,2337,0.35344458707744975
primary_assignment,Cerrado,nat_tmp_endpoint_ha,primary,1990,1995,1995,2000,0,positive_moderate,positive_moderate,1134,2337,0.48523748395378691
primary_assignment,Cerrado,nat_tmp_endpoint_ha,primary,1990,1995,1995,2000,0,positive_moderate,zero,237,2337,0.10141206675224647
primary_assignment,Cerrado,nat_tmp_endpoint_ha,primary,1990,1995,1995,2000,0,zero,positive_high,53,5617,0.0094356418016734913
primary_assignment,Cerrado,nat_tmp_endpoint_ha,primary,1990,1995,1995,2000,0,zero,positive_low,945,5617,0.16823927363361224
primary_assignment,Cerrado,nat_tmp_endpoint_ha,primary,1990,1995,1995,2000,0,zero,positive_moderate,217,5617,0.038632722093644295
primary_assignment,Cerrado,nat_tmp_endpoint_ha,primary,1990,1995,1995,2000,0,zero,zero,4402,5617,0.78369236247106999
primary_assignment,Cerrado,nat_tmp_endpoint_ha,primary,1995,2000,2000,2005,0,positive_high,positive_high,435,599,0.72621035058430716
primary_assignment,Cerrado,nat_tmp_endpoint_ha,primary,1995,2000,2000,2005,0,positive_high,positive_low,25,599,0.041736227045075125
primary_assignment,Cerrado,nat_tmp_endpoint_ha,primary,1995,2000,2000,2005,0,positive_high,positive_moderate,139,599,0.23205342237061768
primary_assignment,Cerrado,nat_tmp_endpoint_ha,primary,1995,2000,2000,2005,0,positive_low,positive_high,86,2890,0.029757785467128029
primary_assignment,Cerrado,nat_tmp_endpoint_ha,primary,1995,2000,2000,2005,0,positive_low,positive_low,1288,2890,0.44567474048442907
primary_assignment,Cerrado,nat_tmp_endpoint_ha,primary,1995,2000,2000,2005,0,positive_low,positive_moderate,773,2890,0.26747404844290656
primary_assignment,Cerrado,nat_tmp_endpoint_ha,primary,1995,2000,2000,2005,0,positive_low,zero,743,2890,0.25709342560553633
primary_assignment,Cerrado,nat_tmp_endpoint_ha,primary,1995,2000,2000,2005,0,positive_moderate,positive_high,298,1951,0.15274218349564325
primary_assignment,Cerrado,nat_tmp_endpoint_ha,primary,1995,2000,2000,2005,0,positive_moderate,positive_low,416,1951,0.21322398769861609
primary_assignment,Cerrado,nat_tmp_endpoint_ha,primary,1995,2000,2000,2005,0,positive_moderate,positive_moderate,1099,1951,0.56330087134802664
primary_assignment,Cerrado,nat_tmp_endpoint_ha,primary,1995,2000,2000,2005,0,positive_moderate,zero,138,1951,0.070732957457713991
primary_assignment,Cerrado,nat_tmp_endpoint_ha,primary,1995,2000,2000,2005,0,zero,positive_high,80,5236,0.015278838808250574
primary_assignment,Cerrado,nat_tmp_endpoint_ha,primary,1995,2000,2000,2005,0,zero,positive_low,887,5236,0.16940412528647822
primary_assignment,Cerrado,nat_tmp_endpoint_ha,primary,1995,2000,2000,2005,0,zero,positive_moderate,447,5236,0.085370511841100075
primary_assignment,Cerrado,nat_tmp_endpoint_ha,primary,1995,2000,2000,2005,0,zero,zero,3822,5236,0.72994652406417115
primary_assignment,Cerrado,nat_tmp_endpoint_ha,primary,2000,2005,2005,2010,0,positive_high,positive_high,321,899,0.35706340378197998
primary_assignment,Cerrado,nat_tmp_endpoint_ha,primary,2000,2005,2005,2010,0,positive_high,positive_low,66,899,0.073414905450500556
primary_assignment,Cerrado,nat_tmp_endpoint_ha,primary,2000,2005,2005,2010,0,positive_high,positive_moderate,510,899,0.56729699666295885
primary_assignment,Cerrado,nat_tmp_endpoint_ha,primary,2000,2005,2005,2010,0,positive_high,zero,2,899,0.0022246941045606229
primary_assignment,Cerrado,nat_tmp_endpoint_ha,primary,2000,2005,2005,2010,0,positive_low,positive_high,20,2616,0.0076452599388379203
primary_assignment,Cerrado,nat_tmp_endpoint_ha,primary,2000,2005,2005,2010,0,positive_low,positive_low,1618,2616,0.61850152905198774
primary_assignment,Cerrado,nat_tmp_endpoint_ha,primary,2000,2005,2005,2010,0,positive_low,positive_moderate,440,2616,0.16819571865443425
primary_assignment,Cerrado,nat_tmp_endpoint_ha,primary,2000,2005,2005,2010,0,positive_low,zero,538,2616,0.20565749235474007
primary_assignment,Cerrado,nat_tmp_endpoint_ha,primary,2000,2005,2005,2010,0,positive_moderate,positive_high,96,2458,0.039056143205858422
primary_assignment,Cerrado,nat_tmp_endpoint_ha,primary,2000,2005,2005,2010,0,positive_moderate,positive_low,850,2458,0.34580960130187144
primary_assignment,Cerrado,nat_tmp_endpoint_ha,primary,2000,2005,2005,2010,0,positive_moderate,positive_moderate,1343,2458,0.54637917005695691
primary_assignment,Cerrado,nat_tmp_endpoint_ha,primary,2000,2005,2005,2010,0,positive_moderate,zero,169,2458,0.068755085435313265
primary_assignment,Cerrado,nat_tmp_endpoint_ha,primary,2000,2005,2005,2010,0,zero,positive_high,22,4703,0.004677865192430364
primary_assignment,Cerrado,nat_tmp_endpoint_ha,primary,2000,2005,2005,2010,0,zero,positive_low,982,4703,0.20880289177120986
primary_assignment,Cerrado,nat_tmp_endpoint_ha,primary,2000,2005,2005,2010,0,zero,positive_moderate,228,4703,0.048479693812460131
primary_assignment,Cerrado,nat_tmp_endpoint_ha,primary,2000,2005,2005,2010,0,zero,zero,3471,4703,0.73803954922389969
primary_assignment,Cerrado,nat_tmp_endpoint_ha,primary,2005,2010,2010,2015,0,positive_high,positive_high,289,459,0.62962962962962965
primary_assignment,Cerrado,nat_tmp_endpoint_ha,primary,2005,2010,2010,2015,0,positive_high,positive_low,22,459,0.04793028322440087
primary_assignment,Cerrado,nat_tmp_endpoint_ha,primary,2005,2010,2010,2015,0,positive_high,positive_moderate,147,459,0.3202614379084967
primary_assignment,Cerrado,nat_tmp_endpoint_ha,primary,2005,2010,2010,2015,0,positive_high,zero,1,459,0.0021786492374727671
primary_assignment,Cerrado,nat_tmp_endpoint_ha,primary,2005,2010,2010,2015,0,positive_low,positive_high,79,3516,0.022468714448236633
primary_assignment,Cerrado,nat_tmp_endpoint_ha,primary,2005,2010,2010,2015,0,positive_low,positive_low,1980,3516,0.56313993174061439
primary_assignment,Cerrado,nat_tmp_endpoint_ha,primary,2005,2010,2010,2015,0,positive_low,positive_moderate,906,3516,0.25767918088737202
primary_assignment,Cerrado,nat_tmp_endpoint_ha,primary,2005,2010,2010,2015,0,positive_low,zero,551,3516,0.15671217292377701
primary_assignment,Cerrado,nat_tmp_endpoint_ha,primary,2005,2010,2010,2015,0,positive_moderate,positive_high,256,2521,0.10154700515668386
primary_assignment,Cerrado,nat_tmp_endpoint_ha,primary,2005,2010,2010,2015,0,positive_moderate,positive_low,606,2521,0.24038080126933756
primary_assignment,Cerrado,nat_tmp_endpoint_ha,primary,2005,2010,2010,2015,0,positive_moderate,positive_moderate,1547,2521,0.61364537881792935
primary_assignment,Cerrado,nat_tmp_endpoint_ha,primary,2005,2010,2010,2015,0,positive_moderate,zero,112,2521,0.044426814756049184
primary_assignment,Cerrado,nat_tmp_endpoint_ha,primary,2005,2010,2010,2015,0,zero,positive_high,37,4180,0.0088516746411483258
primary_assignment,Cerrado,nat_tmp_endpoint_ha,primary,2005,2010,2010,2015,0,zero,positive_low,1007,4180,0.24090909090909091
primary_assignment,Cerrado,nat_tmp_endpoint_ha,primary,2005,2010,2010,2015,0,zero,positive_moderate,312,4180,0.074641148325358855
primary_assignment,Cerrado,nat_tmp_endpoint_ha,primary,2005,2010,2010,2015,0,zero,zero,2824,4180,0.67559808612440186
primary_assignment,Cerrado,nat_tmp_endpoint_ha,primary,2010,2015,2015,2020,0,positive_high,positive_high,186,661,0.28139183055975792
primary_assignment,Cerrado,nat_tmp_endpoint_ha,primary,2010,2015,2015,2020,0,positive_high,positive_low,80,661,0.12102874432677761
primary_assignment,Cerrado,nat_tmp_endpoint_ha,primary,2010,2015,2015,2020,0,positive_high,positive_moderate,394,661,0.59606656580937978
primary_assignment,Cerrado,nat_tmp_endpoint_ha,primary,2010,2015,2015,2020,0,positive_high,zero,1,661,0.0015128593040847202
primary_assignment,Cerrado,nat_tmp_endpoint_ha,primary,2010,2015,2015,2020,0,positive_low,positive_high,18,3615,0.0049792531120331947
primary_assignment,Cerrado,nat_tmp_endpoint_ha,primary,2010,2015,2015,2020,0,positive_low,positive_low,2340,3615,0.64730290456431538
primary_assignment,Cerrado,nat_tmp_endpoint_ha,primary,2010,2015,2015,2020,0,positive_low,positive_moderate,617,3615,0.1706777316735823
primary_assignment,Cerrado,nat_tmp_endpoint_ha,primary,2010,2015,2015,2020,0,positive_low,zero,640,3615,0.17704011065006917
primary_assignment,Cerrado,nat_tmp_endpoint_ha,primary,2010,2015,2015,2020,0,positive_moderate,positive_high,97,2912,0.03331043956043956
primary_assignment,Cerrado,nat_tmp_endpoint_ha,primary,2010,2015,2015,2020,0,positive_moderate,positive_low,903,2912,0.31009615384615385
primary_assignment,Cerrado,nat_tmp_endpoint_ha,primary,2010,2015,2015,2020,0,positive_moderate,positive_moderate,1810,2912,0.62156593406593408
primary_assignment,Cerrado,nat_tmp_endpoint_ha,primary,2010,2015,2015,2020,0,positive_moderate,zero,102,2912,0.035027472527472528
primary_assignment,Cerrado,nat_tmp_endpoint_ha,primary,2010,2015,2015,2020,0,zero,positive_high,16,3488,0.0045871559633027525
primary_assignment,Cerrado,nat_tmp_endpoint_ha,primary,2010,2015,2015,2020,0,zero,positive_low,729,3488,0.20900229357798164
primary_assignment,Cerrado,nat_tmp_endpoint_ha,primary,2010,2015,2015,2020,0,zero,positive_moderate,134,3488,0.038417431192660549
primary_assignment,Cerrado,nat_tmp_endpoint_ha,primary,2010,2015,2015,2020,0,zero,zero,2609,3488,0.74799311926605505
primary_assignment,Cerrado,nat_tmp_endpoint_ha,full_observed,1985,1990,1990,1995,0,positive_high,positive_high,431,829,0.51990349819059112
primary_assignment,Cerrado,nat_tmp_endpoint_ha,full_observed,1985,1990,1990,1995,0,positive_high,positive_low,41,829,0.049457177322074788
primary_assignment,Cerrado,nat_tmp_endpoint_ha,full_observed,1985,1990,1990,1995,0,positive_high,positive_moderate,354,829,0.42702050663449942
primary_assignment,Cerrado,nat_tmp_endpoint_ha,full_observed,1985,1990,1990,1995,0,positive_high,zero,3,829,0.0036188178528347406
primary_assignment,Cerrado,nat_tmp_endpoint_ha,full_observed,1985,1990,1990,1995,0,positive_low,positive_high,31,1539,0.02014294996751137
primary_assignment,Cerrado,nat_tmp_endpoint_ha,full_observed,1985,1990,1990,1995,0,positive_low,positive_low,684,1539,0.44444444444444442
primary_assignment,Cerrado,nat_tmp_endpoint_ha,full_observed,1985,1990,1990,1995,0,positive_low,positive_moderate,383,1539,0.24886289798570499
primary_assignment,Cerrado,nat_tmp_endpoint_ha,full_observed,1985,1990,1990,1995,0,positive_low,zero,441,1539,0.28654970760233917
primary_assignment,Cerrado,nat_tmp_endpoint_ha,full_observed,1985,1990,1990,1995,0,positive_moderate,positive_high,178,2251,0.079075966237227902
primary_assignment,Cerrado,nat_tmp_endpoint_ha,full_observed,1985,1990,1990,1995,0,positive_moderate,positive_low,643,2251,0.28565082185695245
primary_assignment,Cerrado,nat_tmp_endpoint_ha,full_observed,1985,1990,1990,1995,0,positive_moderate,positive_moderate,1252,2251,0.55619724566859174
primary_assignment,Cerrado,nat_tmp_endpoint_ha,full_observed,1985,1990,1990,1995,0,positive_moderate,zero,178,2251,0.079075966237227902
primary_assignment,Cerrado,nat_tmp_endpoint_ha,full_observed,1985,1990,1990,1995,0,zero,positive_high,54,6057,0.0089153046062407128
primary_assignment,Cerrado,nat_tmp_endpoint_ha,full_observed,1985,1990,1990,1995,0,zero,positive_low,660,6057,0.10896483407627539
primary_assignment,Cerrado,nat_tmp_endpoint_ha,full_observed,1985,1990,1990,1995,0,zero,positive_moderate,348,6057,0.057454185240217927
primary_assignment,Cerrado,nat_tmp_endpoint_ha,full_observed,1985,1990,1990,1995,0,zero,zero,4995,6057,0.82466567607726593
primary_assignment,Cerrado,nat_tmp_endpoint_ha,full_observed,1990,1995,1995,2000,0,positive_high,positive_high,387,694,0.55763688760806918
primary_assignment,Cerrado,nat_tmp_endpoint_ha,full_observed,1990,1995,1995,2000,0,positive_high,positive_low,34,694,0.048991354466858789
primary_assignment,Cerrado,nat_tmp_endpoint_ha,full_observed,1990,1995,1995,2000,0,positive_high,positive_moderate,267,694,0.38472622478386165
primary_assignment,Cerrado,nat_tmp_endpoint_ha,full_observed,1990,1995,1995,2000,0,positive_high,zero,6,694,0.0086455331412103754
primary_assignment,Cerrado,nat_tmp_endpoint_ha,full_observed,1990,1995,1995,2000,0,positive_low,positive_high,19,2028,0.0093688362919132143
primary_assignment,Cerrado,nat_tmp_endpoint_ha,full_observed,1990,1995,1995,2000,0,positive_low,positive_low,1085,2028,0.53500986193293887
primary_assignment,Cerrado,nat_tmp_endpoint_ha,full_observed,1990,1995,1995,2000,0,positive_low,positive_moderate,333,2028,0.16420118343195267
primary_assignment,Cerrado,nat_tmp_endpoint_ha,full_observed,1990,1995,1995,2000,0,positive_low,zero,591,2028,0.29142011834319526
primary_assignment,Cerrado,nat_tmp_endpoint_ha,full_observed,1990,1995,1995,2000,0,positive_moderate,positive_high,140,2337,0.059905862216516899
primary_assignment,Cerrado,nat_tmp_endpoint_ha,full_observed,1990,1995,1995,2000,0,positive_moderate,positive_low,826,2337,0.35344458707744975
primary_assignment,Cerrado,nat_tmp_endpoint_ha,full_observed,1990,1995,1995,2000,0,positive_moderate,positive_moderate,1134,2337,0.48523748395378691
primary_assignment,Cerrado,nat_tmp_endpoint_ha,full_observed,1990,1995,1995,2000,0,positive_moderate,zero,237,2337,0.10141206675224647
primary_assignment,Cerrado,nat_tmp_endpoint_ha,full_observed,1990,1995,1995,2000,0,zero,positive_high,53,5617,0.0094356418016734913
primary_assignment,Cerrado,nat_tmp_endpoint_ha,full_observed,1990,1995,1995,2000,0,zero,positive_low,945,5617,0.16823927363361224
primary_assignment,Cerrado,nat_tmp_endpoint_ha,full_observed,1990,1995,1995,2000,0,zero,positive_moderate,217,5617,0.038632722093644295
primary_assignment,Cerrado,nat_tmp_endpoint_ha,full_observed,1990,1995,1995,2000,0,zero,zero,4402,5617,0.78369236247106999
primary_assignment,Cerrado,nat_tmp_endpoint_ha,full_observed,1995,2000,2000,2005,0,positive_high,positive_high,435,599,0.72621035058430716
primary_assignment,Cerrado,nat_tmp_endpoint_ha,full_observed,1995,2000,2000,2005,0,positive_high,positive_low,25,599,0.041736227045075125
primary_assignment,Cerrado,nat_tmp_endpoint_ha,full_observed,1995,2000,2000,2005,0,positive_high,positive_moderate,139,599,0.23205342237061768
primary_assignment,Cerrado,nat_tmp_endpoint_ha,full_observed,1995,2000,2000,2005,0,positive_low,positive_high,86,2890,0.029757785467128029
primary_assignment,Cerrado,nat_tmp_endpoint_ha,full_observed,1995,2000,2000,2005,0,positive_low,positive_low,1288,2890,0.44567474048442907
primary_assignment,Cerrado,nat_tmp_endpoint_ha,full_observed,1995,2000,2000,2005,0,positive_low,positive_moderate,773,2890,0.26747404844290656
primary_assignment,Cerrado,nat_tmp_endpoint_ha,full_observed,1995,2000,2000,2005,0,positive_low,zero,743,2890,0.25709342560553633
primary_assignment,Cerrado,nat_tmp_endpoint_ha,full_observed,1995,2000,2000,2005,0,positive_moderate,positive_high,298,1951,0.15274218349564325
primary_assignment,Cerrado,nat_tmp_endpoint_ha,full_observed,1995,2000,2000,2005,0,positive_moderate,positive_low,416,1951,0.21322398769861609
primary_assignment,Cerrado,nat_tmp_endpoint_ha,full_observed,1995,2000,2000,2005,0,positive_moderate,positive_moderate,1099,1951,0.56330087134802664
primary_assignment,Cerrado,nat_tmp_endpoint_ha,full_observed,1995,2000,2000,2005,0,positive_moderate,zero,138,1951,0.070732957457713991
primary_assignment,Cerrado,nat_tmp_endpoint_ha,full_observed,1995,2000,2000,2005,0,zero,positive_high,80,5236,0.015278838808250574
primary_assignment,Cerrado,nat_tmp_endpoint_ha,full_observed,1995,2000,2000,2005,0,zero,positive_low,887,5236,0.16940412528647822
primary_assignment,Cerrado,nat_tmp_endpoint_ha,full_observed,1995,2000,2000,2005,0,zero,positive_moderate,447,5236,0.085370511841100075
primary_assignment,Cerrado,nat_tmp_endpoint_ha,full_observed,1995,2000,2000,2005,0,zero,zero,3822,5236,0.72994652406417115
primary_assignment,Cerrado,nat_tmp_endpoint_ha,full_observed,2000,2005,2005,2010,0,positive_high,positive_high,321,899,0.35706340378197998
primary_assignment,Cerrado,nat_tmp_endpoint_ha,full_observed,2000,2005,2005,2010,0,positive_high,positive_low,66,899,0.073414905450500556
primary_assignment,Cerrado,nat_tmp_endpoint_ha,full_observed,2000,2005,2005,2010,0,positive_high,positive_moderate,510,899,0.56729699666295885
primary_assignment,Cerrado,nat_tmp_endpoint_ha,full_observed,2000,2005,2005,2010,0,positive_high,zero,2,899,0.0022246941045606229
primary_assignment,Cerrado,nat_tmp_endpoint_ha,full_observed,2000,2005,2005,2010,0,positive_low,positive_high,20,2616,0.0076452599388379203
primary_assignment,Cerrado,nat_tmp_endpoint_ha,full_observed,2000,2005,2005,2010,0,positive_low,positive_low,1618,2616,0.61850152905198774
primary_assignment,Cerrado,nat_tmp_endpoint_ha,full_observed,2000,2005,2005,2010,0,positive_low,positive_moderate,440,2616,0.16819571865443425
primary_assignment,Cerrado,nat_tmp_endpoint_ha,full_observed,2000,2005,2005,2010,0,positive_low,zero,538,2616,0.20565749235474007
primary_assignment,Cerrado,nat_tmp_endpoint_ha,full_observed,2000,2005,2005,2010,0,positive_moderate,positive_high,96,2458,0.039056143205858422
primary_assignment,Cerrado,nat_tmp_endpoint_ha,full_observed,2000,2005,2005,2010,0,positive_moderate,positive_low,850,2458,0.34580960130187144
primary_assignment,Cerrado,nat_tmp_endpoint_ha,full_observed,2000,2005,2005,2010,0,positive_moderate,positive_moderate,1343,2458,0.54637917005695691
primary_assignment,Cerrado,nat_tmp_endpoint_ha,full_observed,2000,2005,2005,2010,0,positive_moderate,zero,169,2458,0.068755085435313265
primary_assignment,Cerrado,nat_tmp_endpoint_ha,full_observed,2000,2005,2005,2010,0,zero,positive_high,22,4703,0.004677865192430364
primary_assignment,Cerrado,nat_tmp_endpoint_ha,full_observed,2000,2005,2005,2010,0,zero,positive_low,982,4703,0.20880289177120986
primary_assignment,Cerrado,nat_tmp_endpoint_ha,full_observed,2000,2005,2005,2010,0,zero,positive_moderate,228,4703,0.048479693812460131
primary_assignment,Cerrado,nat_tmp_endpoint_ha,full_observed,2000,2005,2005,2010,0,zero,zero,3471,4703,0.73803954922389969
primary_assignment,Cerrado,nat_tmp_endpoint_ha,full_observed,2005,2010,2010,2015,0,positive_high,positive_high,289,459,0.62962962962962965
primary_assignment,Cerrado,nat_tmp_endpoint_ha,full_observed,2005,2010,2010,2015,0,positive_high,positive_low,22,459,0.04793028322440087
primary_assignment,Cerrado,nat_tmp_endpoint_ha,full_observed,2005,2010,2010,2015,0,positive_high,positive_moderate,147,459,0.3202614379084967
primary_assignment,Cerrado,nat_tmp_endpoint_ha,full_observed,2005,2010,2010,2015,0,positive_high,zero,1,459,0.0021786492374727671
primary_assignment,Cerrado,nat_tmp_endpoint_ha,full_observed,2005,2010,2010,2015,0,positive_low,positive_high,79,3516,0.022468714448236633
primary_assignment,Cerrado,nat_tmp_endpoint_ha,full_observed,2005,2010,2010,2015,0,positive_low,positive_low,1980,3516,0.56313993174061439
primary_assignment,Cerrado,nat_tmp_endpoint_ha,full_observed,2005,2010,2010,2015,0,positive_low,positive_moderate,906,3516,0.25767918088737202
primary_assignment,Cerrado,nat_tmp_endpoint_ha,full_observed,2005,2010,2010,2015,0,positive_low,zero,551,3516,0.15671217292377701
primary_assignment,Cerrado,nat_tmp_endpoint_ha,full_observed,2005,2010,2010,2015,0,positive_moderate,positive_high,256,2521,0.10154700515668386
primary_assignment,Cerrado,nat_tmp_endpoint_ha,full_observed,2005,2010,2010,2015,0,positive_moderate,positive_low,606,2521,0.24038080126933756
primary_assignment,Cerrado,nat_tmp_endpoint_ha,full_observed,2005,2010,2010,2015,0,positive_moderate,positive_moderate,1547,2521,0.61364537881792935
primary_assignment,Cerrado,nat_tmp_endpoint_ha,full_observed,2005,2010,2010,2015,0,positive_moderate,zero,112,2521,0.044426814756049184
primary_assignment,Cerrado,nat_tmp_endpoint_ha,full_observed,2005,2010,2010,2015,0,zero,positive_high,37,4180,0.0088516746411483258
primary_assignment,Cerrado,nat_tmp_endpoint_ha,full_observed,2005,2010,2010,2015,0,zero,positive_low,1007,4180,0.24090909090909091
primary_assignment,Cerrado,nat_tmp_endpoint_ha,full_observed,2005,2010,2010,2015,0,zero,positive_moderate,312,4180,0.074641148325358855
primary_assignment,Cerrado,nat_tmp_endpoint_ha,full_observed,2005,2010,2010,2015,0,zero,zero,2824,4180,0.67559808612440186
primary_assignment,Cerrado,nat_tmp_endpoint_ha,full_observed,2010,2015,2015,2020,0,positive_high,positive_high,186,661,0.28139183055975792
primary_assignment,Cerrado,nat_tmp_endpoint_ha,full_observed,2010,2015,2015,2020,0,positive_high,positive_low,80,661,0.12102874432677761
primary_assignment,Cerrado,nat_tmp_endpoint_ha,full_observed,2010,2015,2015,2020,0,positive_high,positive_moderate,394,661,0.59606656580937978
primary_assignment,Cerrado,nat_tmp_endpoint_ha,full_observed,2010,2015,2015,2020,0,positive_high,zero,1,661,0.0015128593040847202
primary_assignment,Cerrado,nat_tmp_endpoint_ha,full_observed,2010,2015,2015,2020,0,positive_low,positive_high,18,3615,0.0049792531120331947
primary_assignment,Cerrado,nat_tmp_endpoint_ha,full_observed,2010,2015,2015,2020,0,positive_low,positive_low,2340,3615,0.64730290456431538
primary_assignment,Cerrado,nat_tmp_endpoint_ha,full_observed,2010,2015,2015,2020,0,positive_low,positive_moderate,617,3615,0.1706777316735823
primary_assignment,Cerrado,nat_tmp_endpoint_ha,full_observed,2010,2015,2015,2020,0,positive_low,zero,640,3615,0.17704011065006917
primary_assignment,Cerrado,nat_tmp_endpoint_ha,full_observed,2010,2015,2015,2020,0,positive_moderate,positive_high,97,2912,0.03331043956043956
primary_assignment,Cerrado,nat_tmp_endpoint_ha,full_observed,2010,2015,2015,2020,0,positive_moderate,positive_low,903,2912,0.31009615384615385
primary_assignment,Cerrado,nat_tmp_endpoint_ha,full_observed,2010,2015,2015,2020,0,positive_moderate,positive_moderate,1810,2912,0.62156593406593408
primary_assignment,Cerrado,nat_tmp_endpoint_ha,full_observed,2010,2015,2015,2020,0,positive_moderate,zero,102,2912,0.035027472527472528
primary_assignment,Cerrado,nat_tmp_endpoint_ha,full_observed,2010,2015,2015,2020,0,zero,positive_high,16,3488,0.0045871559633027525
primary_assignment,Cerrado,nat_tmp_endpoint_ha,full_observed,2010,2015,2015,2020,0,zero,positive_low,729,3488,0.20900229357798164
primary_assignment,Cerrado,nat_tmp_endpoint_ha,full_observed,2010,2015,2015,2020,0,zero,positive_moderate,134,3488,0.038417431192660549
primary_assignment,Cerrado,nat_tmp_endpoint_ha,full_observed,2010,2015,2015,2020,0,zero,zero,2609,3488,0.74799311926605505
primary_assignment,Cerrado,nat_tmp_endpoint_ha,full_observed,2015,2020,2020,2025,1,positive_high,positive_high,90,317,0.28391167192429023
primary_assignment,Cerrado,nat_tmp_endpoint_ha,full_observed,2015,2020,2020,2025,1,positive_high,positive_low,67,317,0.2113564668769716
primary_assignment,Cerrado,nat_tmp_endpoint_ha,full_observed,2015,2020,2020,2025,1,positive_high,positive_moderate,160,317,0.50473186119873814
primary_assignment,Cerrado,nat_tmp_endpoint_ha,full_observed,2015,2020,2020,2025,1,positive_low,positive_high,34,4052,0.0083909180651530104
primary_assignment,Cerrado,nat_tmp_endpoint_ha,full_observed,2015,2020,2020,2025,1,positive_low,positive_low,2833,4052,0.69916090819348475
primary_assignment,Cerrado,nat_tmp_endpoint_ha,full_observed,2015,2020,2020,2025,1,positive_low,positive_moderate,491,4052,0.12117472852912142
primary_assignment,Cerrado,nat_tmp_endpoint_ha,full_observed,2015,2020,2020,2025,1,positive_low,zero,694,4052,0.17127344521224086
primary_assignment,Cerrado,nat_tmp_endpoint_ha,full_observed,2015,2020,2020,2025,1,positive_moderate,positive_high,150,2955,0.050761421319796954
primary_assignment,Cerrado,nat_tmp_endpoint_ha,full_observed,2015,2020,2020,2025,1,positive_moderate,positive_low,1365,2955,0.46192893401015228
primary_assignment,Cerrado,nat_tmp_endpoint_ha,full_observed,2015,2020,2020,2025,1,positive_moderate,positive_moderate,1378,2955,0.46632825719120136
primary_assignment,Cerrado,nat_tmp_endpoint_ha,full_observed,2015,2020,2020,2025,1,positive_moderate,zero,62,2955,0.020981387478849409
primary_assignment,Cerrado,nat_tmp_endpoint_ha,full_observed,2015,2020,2020,2025,1,zero,positive_high,11,3352,0.0032816229116945108
primary_assignment,Cerrado,nat_tmp_endpoint_ha,full_observed,2015,2020,2020,2025,1,zero,positive_low,490,3352,0.14618138424821003
primary_assignment,Cerrado,nat_tmp_endpoint_ha,full_observed,2015,2020,2020,2025,1,zero,positive_moderate,146,3352,0.043556085918854417
primary_assignment,Cerrado,nat_tmp_endpoint_ha,full_observed,2015,2020,2020,2025,1,zero,zero,2705,3352,0.80698090692124103
primary_assignment,Cerrado,cr_balance_index,primary,1985,1990,1990,1995,0,consolidation_dominant,consolidation_dominant,410,479,0.85594989561586643
primary_assignment,Cerrado,cr_balance_index,primary,1985,1990,1990,1995,0,consolidation_dominant,inactive,3,479,0.0062630480167014616
primary_assignment,Cerrado,cr_balance_index,primary,1985,1990,1990,1995,0,consolidation_dominant,mixed,43,479,0.089770354906054284
primary_assignment,Cerrado,cr_balance_index,primary,1985,1990,1990,1995,0,consolidation_dominant,replenishment_dominant,23,479,0.048016701461377868
primary_assignment,Cerrado,cr_balance_index,primary,1985,1990,1990,1995,0,inactive,consolidation_dominant,2,824,0.0024271844660194173
primary_assignment,Cerrado,cr_balance_index,primary,1985,1990,1990,1995,0,inactive,inactive,548,824,0.66504854368932043
primary_assignment,Cerrado,cr_balance_index,primary,1985,1990,1990,1995,0,inactive,mixed,1,824,0.0012135922330097086
primary_assignment,Cerrado,cr_balance_index,primary,1985,1990,1990,1995,0,inactive,replenishment_dominant,273,824,0.3313106796116505
primary_assignment,Cerrado,cr_balance_index,primary,1985,1990,1990,1995,0,mixed,consolidation_dominant,233,527,0.44212523719165087
primary_assignment,Cerrado,cr_balance_index,primary,1985,1990,1990,1995,0,mixed,mixed,208,527,0.39468690702087289
primary_assignment,Cerrado,cr_balance_index,primary,1985,1990,1990,1995,0,mixed,replenishment_dominant,86,527,0.16318785578747627
primary_assignment,Cerrado,cr_balance_index,primary,1985,1990,1990,1995,0,replenishment_dominant,consolidation_dominant,234,8846,0.02645263395885146
primary_assignment,Cerrado,cr_balance_index,primary,1985,1990,1990,1995,0,replenishment_dominant,inactive,70,8846,0.0079131810988017186
primary_assignment,Cerrado,cr_balance_index,primary,1985,1990,1990,1995,0,replenishment_dominant,mixed,551,8846,0.062288039791996382
primary_assignment,Cerrado,cr_balance_index,primary,1985,1990,1990,1995,0,replenishment_dominant,replenishment_dominant,7991,8846,0.90334614515035039
primary_assignment,Cerrado,cr_balance_index,primary,1990,1995,1995,2000,0,consolidation_dominant,consolidation_dominant,706,879,0.80318543799772468
primary_assignment,Cerrado,cr_balance_index,primary,1990,1995,1995,2000,0,consolidation_dominant,inactive,4,879,0.0045506257110352671
primary_assignment,Cerrado,cr_balance_index,primary,1990,1995,1995,2000,0,consolidation_dominant,mixed,101,879,0.11490329920364049
primary_assignment,Cerrado,cr_balance_index,primary,1990,1995,1995,2000,0,consolidation_dominant,replenishment_dominant,68,879,0.077360637087599549
primary_assignment,Cerrado,cr_balance_index,primary,1990,1995,1995,2000,0,inactive,consolidation_dominant,4,621,0.0064412238325281803
primary_assignment,Cerrado,cr_balance_index,primary,1990,1995,1995,2000,0,inactive,inactive,440,621,0.70853462157809988
primary_assignment,Cerrado,cr_balance_index,primary,1990,1995,1995,2000,0,inactive,replenishment_dominant,177,621,0.28502415458937197
primary_assignment,Cerrado,cr_balance_index,primary,1990,1995,1995,2000,0,mixed,consolidation_dominant,274,803,0.34122042341220421
primary_assignment,Cerrado,cr_balance_index,primary,1990,1995,1995,2000,0,mixed,inactive,3,803,0.0037359900373599006
primary_assignment,Cerrado,cr_balance_index,primary,1990,1995,1995,2000,0,mixed,mixed,334,803,0.41594022415940224
primary_assignment,Cerrado,cr_balance_index,primary,1990,1995,1995,2000,0,mixed,replenishment_dominant,192,803,0.23910336239103364
primary_assignment,Cerrado,cr_balance_index,primary,1990,1995,1995,2000,0,replenishment_dominant,consolidation_dominant,226,8373,0.026991520363071779
primary_assignment,Cerrado,cr_balance_index,primary,1990,1995,1995,2000,0,replenishment_dominant,inactive,48,8373,0.0057327122895019702
primary_assignment,Cerrado,cr_balance_index,primary,1990,1995,1995,2000,0,replenishment_dominant,mixed,529,8373,0.063179266690552974
primary_assignment,Cerrado,cr_balance_index,primary,1990,1995,1995,2000,0,replenishment_dominant,replenishment_dominant,7570,8373,0.9040965006568733
primary_assignment,Cerrado,cr_balance_index,primary,1995,2000,2000,2005,0,consolidation_dominant,consolidation_dominant,1016,1210,0.83966942148760326
primary_assignment,Cerrado,cr_balance_index,primary,1995,2000,2000,2005,0,consolidation_dominant,inactive,12,1210,0.0099173553719008271
primary_assignment,Cerrado,cr_balance_index,primary,1995,2000,2000,2005,0,consolidation_dominant,mixed,102,1210,0.084297520661157019
primary_assignment,Cerrado,cr_balance_index,primary,1995,2000,2000,2005,0,consolidation_dominant,replenishment_dominant,80,1210,0.066115702479338845
primary_assignment,Cerrado,cr_balance_index,primary,1995,2000,2000,2005,0,inactive,consolidation_dominant,1,495,0.0020202020202020202
primary_assignment,Cerrado,cr_balance_index,primary,1995,2000,2000,2005,0,inactive,inactive,325,495,0.65656565656565657
primary_assignment,Cerrado,cr_balance_index,primary,1995,2000,2000,2005,0,inactive,mixed,1,495,0.0020202020202020202
primary_assignment,Cerrado,cr_balance_index,primary,1995,2000,2000,2005,0,inactive,replenishment_dominant,168,495,0.33939393939393941
primary_assignment,Cerrado,cr_balance_index,primary,1995,2000,2000,2005,0,mixed,consolidation_dominant,493,964,0.5114107883817427
primary_assignment,Cerrado,cr_balance_index,primary,1995,2000,2000,2005,0,mixed,mixed,295,964,0.30601659751037347
primary_assignment,Cerrado,cr_balance_index,primary,1995,2000,2000,2005,0,mixed,replenishment_dominant,176,964,0.18257261410788381
primary_assignment,Cerrado,cr_balance_index,primary,1995,2000,2000,2005,0,replenishment_dominant,consolidation_dominant,322,8007,0.040214812039465468
primary_assignment,Cerrado,cr_balance_index,primary,1995,2000,2000,2005,0,replenishment_dominant,inactive,33,8007,0.004121393780442113
primary_assignment,Cerrado,cr_balance_index,primary,1995,2000,2000,2005,0,replenishment_dominant,mixed,644,8007,0.080429624078930936
primary_assignment,Cerrado,cr_balance_index,primary,1995,2000,2000,2005,0,replenishment_dominant,replenishment_dominant,7008,8007,0.87523417010116145
primary_assignment,Cerrado,cr_balance_index,primary,2000,2005,2005,2010,0,consolidation_dominant,consolidation_dominant,1463,1832,0.79858078602620086
primary_assignment,Cerrado,cr_balance_index,primary,2000,2005,2005,2010,0,consolidation_dominant,inactive,11,1832,0.0060043668122270744
primary_assignment,Cerrado,cr_balance_index,primary,2000,2005,2005,2010,0,consolidation_dominant,mixed,251,1832,0.13700873362445415
primary_assignment,Cerrado,cr_balance_index,primary,2000,2005,2005,2010,0,consolidation_dominant,replenishment_dominant,107,1832,0.058406113537117901
primary_assignment,Cerrado,cr_balance_index,primary,2000,2005,2005,2010,0,inactive,consolidation_dominant,2,370,0.0054054054054054057
primary_assignment,Cerrado,cr_balance_index,primary,2000,2005,2005,2010,0,inactive,inactive,264,370,0.71351351351351355
primary_assignment,Cerrado,cr_balance_index,primary,2000,2005,2005,2010,0,inactive,replenishment_dominant,104,370,0.2810810810810811
primary_assignment,Cerrado,cr_balance_index,primary,2000,2005,2005,2010,0,mixed,consolidation_dominant,362,1042,0.34740882917466409
primary_assignment,Cerrado,cr_balance_index,primary,2000,2005,2005,2010,0,mixed,mixed,418,1042,0.40115163147792704
primary_assignment,Cerrado,cr_balance_index,primary,2000,2005,2005,2010,0,mixed,replenishment_dominant,262,1042,0.25143953934740881
primary_assignment,Cerrado,cr_balance_index,primary,2000,2005,2005,2010,0,replenishment_dominant,consolidation_dominant,293,7432,0.039424111948331536
primary_assignment,Cerrado,cr_balance_index,primary,2000,2005,2005,2010,0,replenishment_dominant,inactive,58,7432,0.0078040904198062432
primary_assignment,Cerrado,cr_balance_index,primary,2000,2005,2005,2010,0,replenishment_dominant,mixed,586,7432,0.078848223896663072
primary_assignment,Cerrado,cr_balance_index,primary,2000,2005,2005,2010,0,replenishment_dominant,replenishment_dominant,6495,7432,0.87392357373519913
primary_assignment,Cerrado,cr_balance_index,primary,2005,2010,2010,2015,0,consolidation_dominant,consolidation_dominant,1789,2120,0.84386792452830184
primary_assignment,Cerrado,cr_balance_index,primary,2005,2010,2010,2015,0,consolidation_dominant,inactive,10,2120,0.0047169811320754715
primary_assignment,Cerrado,cr_balance_index,primary,2005,2010,2010,2015,0,consolidation_dominant,mixed,193,2120,0.091037735849056597
primary_assignment,Cerrado,cr_balance_index,primary,2005,2010,2010,2015,0,consolidation_dominant,replenishment_dominant,128,2120,0.060377358490566038
primary_assignment,Cerrado,cr_balance_index,primary,2005,2010,2010,2015,0,inactive,consolidation_dominant,1,333,0.003003003003003003
primary_assignment,Cerrado,cr_balance_index,primary,2005,2010,2010,2015,0,inactive,inactive,219,333,0.65765765765765771
primary_assignment,Cerrado,cr_balance_index,primary,2005,2010,2010,2015,0,inactive,replenishment_dominant,113,333,0.33933933933933935
primary_assignment,Cerrado,cr_balance_index,primary,2005,2010,2010,2015,0,mixed,consolidation_dominant,561,1255,0.44701195219123507
primary_assignment,Cerrado,cr_balance_index,primary,2005,2010,2010,2015,0,mixed,mixed,442,1255,0.35219123505976097
primary_assignment,Cerrado,cr_balance_index,primary,2005,2010,2010,2015,0,mixed,replenishment_dominant,252,1255,0.20079681274900399
primary_assignment,Cerrado,cr_balance_index,primary,2005,2010,2010,2015,0,replenishment_dominant,consolidation_dominant,358,6968,0.05137772675086108
primary_assignment,Cerrado,cr_balance_index,primary,2005,2010,2010,2015,0,replenishment_dominant,inactive,35,6968,0.0050229621125143517
primary_assignment,Cerrado,cr_balance_index,primary,2005,2010,2010,2015,0,replenishment_dominant,mixed,750,6968,0.10763490241102182
primary_assignment,Cerrado,cr_balance_index,primary,2005,2010,2010,2015,0,replenishment_dominant,replenishment_dominant,5825,6968,0.83596440872560274
primary_assignment,Cerrado,cr_balance_index,primary,2010,2015,2015,2020,0,consolidation_dominant,consolidation_dominant,1944,2709,0.71760797342192695
primary_assignment,Cerrado,cr_balance_index,primary,2010,2015,2015,2020,0,consolidation_dominant,inactive,10,2709,0.0036913990402362494
primary_assignment,Cerrado,cr_balance_index,primary,2010,2015,2015,2020,0,consolidation_dominant,mixed,561,2709,0.20708748615725359
primary_assignment,Cerrado,cr_balance_index,primary,2010,2015,2015,2020,0,consolidation_dominant,replenishment_dominant,194,2709,0.071613141380583237
primary_assignment,Cerrado,cr_balance_index,primary,2010,2015,2015,2020,0,inactive,consolidation_dominant,5,264,0.01893939393939394
primary_assignment,Cerrado,cr_balance_index,primary,2010,2015,2015,2020,0,inactive,inactive,181,264,0.68560606060606055
primary_assignment,Cerrado,cr_balance_index,primary,2010,2015,2015,2020,0,inactive,replenishment_dominant,78,264,0.29545454545454547
primary_assignment,Cerrado,cr_balance_index,primary,2010,2015,2015,2020,0,mixed,consolidation_dominant,329,1385,0.2375451263537906
primary_assignment,Cerrado,cr_balance_index,primary,2010,2015,2015,2020,0,mixed,mixed,638,1385,0.46064981949458483
primary_assignment,Cerrado,cr_balance_index,primary,2010,2015,2015,2020,0,mixed,replenishment_dominant,418,1385,0.30180505415162456
primary_assignment,Cerrado,cr_balance_index,primary,2010,2015,2015,2020,0,replenishment_dominant,consolidation_dominant,209,6318,0.033080088635644191
primary_assignment,Cerrado,cr_balance_index,primary,2010,2015,2015,2020,0,replenishment_dominant,inactive,33,6318,0.0052231718898385565
primary_assignment,Cerrado,cr_balance_index,primary,2010,2015,2015,2020,0,replenishment_dominant,mixed,565,6318,0.089427033871478309
primary_assignment,Cerrado,cr_balance_index,primary,2010,2015,2015,2020,0,replenishment_dominant,replenishment_dominant,5511,6318,0.87226970560303896
primary_assignment,Cerrado,cr_balance_index,full_observed,1985,1990,1990,1995,0,consolidation_dominant,consolidation_dominant,410,479,0.85594989561586643
primary_assignment,Cerrado,cr_balance_index,full_observed,1985,1990,1990,1995,0,consolidation_dominant,inactive,3,479,0.0062630480167014616
primary_assignment,Cerrado,cr_balance_index,full_observed,1985,1990,1990,1995,0,consolidation_dominant,mixed,43,479,0.089770354906054284
primary_assignment,Cerrado,cr_balance_index,full_observed,1985,1990,1990,1995,0,consolidation_dominant,replenishment_dominant,23,479,0.048016701461377868
primary_assignment,Cerrado,cr_balance_index,full_observed,1985,1990,1990,1995,0,inactive,consolidation_dominant,2,824,0.0024271844660194173
primary_assignment,Cerrado,cr_balance_index,full_observed,1985,1990,1990,1995,0,inactive,inactive,548,824,0.66504854368932043
primary_assignment,Cerrado,cr_balance_index,full_observed,1985,1990,1990,1995,0,inactive,mixed,1,824,0.0012135922330097086
primary_assignment,Cerrado,cr_balance_index,full_observed,1985,1990,1990,1995,0,inactive,replenishment_dominant,273,824,0.3313106796116505
primary_assignment,Cerrado,cr_balance_index,full_observed,1985,1990,1990,1995,0,mixed,consolidation_dominant,233,527,0.44212523719165087
primary_assignment,Cerrado,cr_balance_index,full_observed,1985,1990,1990,1995,0,mixed,mixed,208,527,0.39468690702087289
primary_assignment,Cerrado,cr_balance_index,full_observed,1985,1990,1990,1995,0,mixed,replenishment_dominant,86,527,0.16318785578747627
primary_assignment,Cerrado,cr_balance_index,full_observed,1985,1990,1990,1995,0,replenishment_dominant,consolidation_dominant,234,8846,0.02645263395885146
primary_assignment,Cerrado,cr_balance_index,full_observed,1985,1990,1990,1995,0,replenishment_dominant,inactive,70,8846,0.0079131810988017186
primary_assignment,Cerrado,cr_balance_index,full_observed,1985,1990,1990,1995,0,replenishment_dominant,mixed,551,8846,0.062288039791996382
primary_assignment,Cerrado,cr_balance_index,full_observed,1985,1990,1990,1995,0,replenishment_dominant,replenishment_dominant,7991,8846,0.90334614515035039
primary_assignment,Cerrado,cr_balance_index,full_observed,1990,1995,1995,2000,0,consolidation_dominant,consolidation_dominant,706,879,0.80318543799772468
primary_assignment,Cerrado,cr_balance_index,full_observed,1990,1995,1995,2000,0,consolidation_dominant,inactive,4,879,0.0045506257110352671
primary_assignment,Cerrado,cr_balance_index,full_observed,1990,1995,1995,2000,0,consolidation_dominant,mixed,101,879,0.11490329920364049
primary_assignment,Cerrado,cr_balance_index,full_observed,1990,1995,1995,2000,0,consolidation_dominant,replenishment_dominant,68,879,0.077360637087599549
primary_assignment,Cerrado,cr_balance_index,full_observed,1990,1995,1995,2000,0,inactive,consolidation_dominant,4,621,0.0064412238325281803
primary_assignment,Cerrado,cr_balance_index,full_observed,1990,1995,1995,2000,0,inactive,inactive,440,621,0.70853462157809988
primary_assignment,Cerrado,cr_balance_index,full_observed,1990,1995,1995,2000,0,inactive,replenishment_dominant,177,621,0.28502415458937197
primary_assignment,Cerrado,cr_balance_index,full_observed,1990,1995,1995,2000,0,mixed,consolidation_dominant,274,803,0.34122042341220421
primary_assignment,Cerrado,cr_balance_index,full_observed,1990,1995,1995,2000,0,mixed,inactive,3,803,0.0037359900373599006
primary_assignment,Cerrado,cr_balance_index,full_observed,1990,1995,1995,2000,0,mixed,mixed,334,803,0.41594022415940224
primary_assignment,Cerrado,cr_balance_index,full_observed,1990,1995,1995,2000,0,mixed,replenishment_dominant,192,803,0.23910336239103364
primary_assignment,Cerrado,cr_balance_index,full_observed,1990,1995,1995,2000,0,replenishment_dominant,consolidation_dominant,226,8373,0.026991520363071779
primary_assignment,Cerrado,cr_balance_index,full_observed,1990,1995,1995,2000,0,replenishment_dominant,inactive,48,8373,0.0057327122895019702
primary_assignment,Cerrado,cr_balance_index,full_observed,1990,1995,1995,2000,0,replenishment_dominant,mixed,529,8373,0.063179266690552974
primary_assignment,Cerrado,cr_balance_index,full_observed,1990,1995,1995,2000,0,replenishment_dominant,replenishment_dominant,7570,8373,0.9040965006568733
primary_assignment,Cerrado,cr_balance_index,full_observed,1995,2000,2000,2005,0,consolidation_dominant,consolidation_dominant,1016,1210,0.83966942148760326
primary_assignment,Cerrado,cr_balance_index,full_observed,1995,2000,2000,2005,0,consolidation_dominant,inactive,12,1210,0.0099173553719008271
primary_assignment,Cerrado,cr_balance_index,full_observed,1995,2000,2000,2005,0,consolidation_dominant,mixed,102,1210,0.084297520661157019
primary_assignment,Cerrado,cr_balance_index,full_observed,1995,2000,2000,2005,0,consolidation_dominant,replenishment_dominant,80,1210,0.066115702479338845
primary_assignment,Cerrado,cr_balance_index,full_observed,1995,2000,2000,2005,0,inactive,consolidation_dominant,1,495,0.0020202020202020202
primary_assignment,Cerrado,cr_balance_index,full_observed,1995,2000,2000,2005,0,inactive,inactive,325,495,0.65656565656565657
primary_assignment,Cerrado,cr_balance_index,full_observed,1995,2000,2000,2005,0,inactive,mixed,1,495,0.0020202020202020202
primary_assignment,Cerrado,cr_balance_index,full_observed,1995,2000,2000,2005,0,inactive,replenishment_dominant,168,495,0.33939393939393941
primary_assignment,Cerrado,cr_balance_index,full_observed,1995,2000,2000,2005,0,mixed,consolidation_dominant,493,964,0.5114107883817427
primary_assignment,Cerrado,cr_balance_index,full_observed,1995,2000,2000,2005,0,mixed,mixed,295,964,0.30601659751037347
primary_assignment,Cerrado,cr_balance_index,full_observed,1995,2000,2000,2005,0,mixed,replenishment_dominant,176,964,0.18257261410788381
primary_assignment,Cerrado,cr_balance_index,full_observed,1995,2000,2000,2005,0,replenishment_dominant,consolidation_dominant,322,8007,0.040214812039465468
primary_assignment,Cerrado,cr_balance_index,full_observed,1995,2000,2000,2005,0,replenishment_dominant,inactive,33,8007,0.004121393780442113
primary_assignment,Cerrado,cr_balance_index,full_observed,1995,2000,2000,2005,0,replenishment_dominant,mixed,644,8007,0.080429624078930936
primary_assignment,Cerrado,cr_balance_index,full_observed,1995,2000,2000,2005,0,replenishment_dominant,replenishment_dominant,7008,8007,0.87523417010116145
primary_assignment,Cerrado,cr_balance_index,full_observed,2000,2005,2005,2010,0,consolidation_dominant,consolidation_dominant,1463,1832,0.79858078602620086
primary_assignment,Cerrado,cr_balance_index,full_observed,2000,2005,2005,2010,0,consolidation_dominant,inactive,11,1832,0.0060043668122270744
primary_assignment,Cerrado,cr_balance_index,full_observed,2000,2005,2005,2010,0,consolidation_dominant,mixed,251,1832,0.13700873362445415
primary_assignment,Cerrado,cr_balance_index,full_observed,2000,2005,2005,2010,0,consolidation_dominant,replenishment_dominant,107,1832,0.058406113537117901
primary_assignment,Cerrado,cr_balance_index,full_observed,2000,2005,2005,2010,0,inactive,consolidation_dominant,2,370,0.0054054054054054057
primary_assignment,Cerrado,cr_balance_index,full_observed,2000,2005,2005,2010,0,inactive,inactive,264,370,0.71351351351351355
primary_assignment,Cerrado,cr_balance_index,full_observed,2000,2005,2005,2010,0,inactive,replenishment_dominant,104,370,0.2810810810810811
primary_assignment,Cerrado,cr_balance_index,full_observed,2000,2005,2005,2010,0,mixed,consolidation_dominant,362,1042,0.34740882917466409
primary_assignment,Cerrado,cr_balance_index,full_observed,2000,2005,2005,2010,0,mixed,mixed,418,1042,0.40115163147792704
primary_assignment,Cerrado,cr_balance_index,full_observed,2000,2005,2005,2010,0,mixed,replenishment_dominant,262,1042,0.25143953934740881
primary_assignment,Cerrado,cr_balance_index,full_observed,2000,2005,2005,2010,0,replenishment_dominant,consolidation_dominant,293,7432,0.039424111948331536
primary_assignment,Cerrado,cr_balance_index,full_observed,2000,2005,2005,2010,0,replenishment_dominant,inactive,58,7432,0.0078040904198062432
primary_assignment,Cerrado,cr_balance_index,full_observed,2000,2005,2005,2010,0,replenishment_dominant,mixed,586,7432,0.078848223896663072
primary_assignment,Cerrado,cr_balance_index,full_observed,2000,2005,2005,2010,0,replenishment_dominant,replenishment_dominant,6495,7432,0.87392357373519913
primary_assignment,Cerrado,cr_balance_index,full_observed,2005,2010,2010,2015,0,consolidation_dominant,consolidation_dominant,1789,2120,0.84386792452830184
primary_assignment,Cerrado,cr_balance_index,full_observed,2005,2010,2010,2015,0,consolidation_dominant,inactive,10,2120,0.0047169811320754715
primary_assignment,Cerrado,cr_balance_index,full_observed,2005,2010,2010,2015,0,consolidation_dominant,mixed,193,2120,0.091037735849056597
primary_assignment,Cerrado,cr_balance_index,full_observed,2005,2010,2010,2015,0,consolidation_dominant,replenishment_dominant,128,2120,0.060377358490566038
primary_assignment,Cerrado,cr_balance_index,full_observed,2005,2010,2010,2015,0,inactive,consolidation_dominant,1,333,0.003003003003003003
primary_assignment,Cerrado,cr_balance_index,full_observed,2005,2010,2010,2015,0,inactive,inactive,219,333,0.65765765765765771
primary_assignment,Cerrado,cr_balance_index,full_observed,2005,2010,2010,2015,0,inactive,replenishment_dominant,113,333,0.33933933933933935
primary_assignment,Cerrado,cr_balance_index,full_observed,2005,2010,2010,2015,0,mixed,consolidation_dominant,561,1255,0.44701195219123507
primary_assignment,Cerrado,cr_balance_index,full_observed,2005,2010,2010,2015,0,mixed,mixed,442,1255,0.35219123505976097
primary_assignment,Cerrado,cr_balance_index,full_observed,2005,2010,2010,2015,0,mixed,replenishment_dominant,252,1255,0.20079681274900399
primary_assignment,Cerrado,cr_balance_index,full_observed,2005,2010,2010,2015,0,replenishment_dominant,consolidation_dominant,358,6968,0.05137772675086108
primary_assignment,Cerrado,cr_balance_index,full_observed,2005,2010,2010,2015,0,replenishment_dominant,inactive,35,6968,0.0050229621125143517
primary_assignment,Cerrado,cr_balance_index,full_observed,2005,2010,2010,2015,0,replenishment_dominant,mixed,750,6968,0.10763490241102182
primary_assignment,Cerrado,cr_balance_index,full_observed,2005,2010,2010,2015,0,replenishment_dominant,replenishment_dominant,5825,6968,0.83596440872560274
primary_assignment,Cerrado,cr_balance_index,full_observed,2010,2015,2015,2020,0,consolidation_dominant,consolidation_dominant,1944,2709,0.71760797342192695
primary_assignment,Cerrado,cr_balance_index,full_observed,2010,2015,2015,2020,0,consolidation_dominant,inactive,10,2709,0.0036913990402362494
primary_assignment,Cerrado,cr_balance_index,full_observed,2010,2015,2015,2020,0,consolidation_dominant,mixed,561,2709,0.20708748615725359
primary_assignment,Cerrado,cr_balance_index,full_observed,2010,2015,2015,2020,0,consolidation_dominant,replenishment_dominant,194,2709,0.071613141380583237
primary_assignment,Cerrado,cr_balance_index,full_observed,2010,2015,2015,2020,0,inactive,consolidation_dominant,5,264,0.01893939393939394
primary_assignment,Cerrado,cr_balance_index,full_observed,2010,2015,2015,2020,0,inactive,inactive,181,264,0.68560606060606055
primary_assignment,Cerrado,cr_balance_index,full_observed,2010,2015,2015,2020,0,inactive,replenishment_dominant,78,264,0.29545454545454547
primary_assignment,Cerrado,cr_balance_index,full_observed,2010,2015,2015,2020,0,mixed,consolidation_dominant,329,1385,0.2375451263537906
primary_assignment,Cerrado,cr_balance_index,full_observed,2010,2015,2015,2020,0,mixed,mixed,638,1385,0.46064981949458483
primary_assignment,Cerrado,cr_balance_index,full_observed,2010,2015,2015,2020,0,mixed,replenishment_dominant,418,1385,0.30180505415162456
primary_assignment,Cerrado,cr_balance_index,full_observed,2010,2015,2015,2020,0,replenishment_dominant,consolidation_dominant,209,6318,0.033080088635644191
primary_assignment,Cerrado,cr_balance_index,full_observed,2010,2015,2015,2020,0,replenishment_dominant,inactive,33,6318,0.0052231718898385565
primary_assignment,Cerrado,cr_balance_index,full_observed,2010,2015,2015,2020,0,replenishment_dominant,mixed,565,6318,0.089427033871478309
primary_assignment,Cerrado,cr_balance_index,full_observed,2010,2015,2015,2020,0,replenishment_dominant,replenishment_dominant,5511,6318,0.87226970560303896
primary_assignment,Cerrado,cr_balance_index,full_observed,2015,2020,2020,2025,1,consolidation_dominant,consolidation_dominant,1144,2487,0.45999195818254923
primary_assignment,Cerrado,cr_balance_index,full_observed,2015,2020,2020,2025,1,consolidation_dominant,inactive,3,2487,0.0012062726176115801
primary_assignment,Cerrado,cr_balance_index,full_observed,2015,2020,2020,2025,1,consolidation_dominant,mixed,689,2487,0.27704061117812628
primary_assignment,Cerrado,cr_balance_index,full_observed,2015,2020,2020,2025,1,consolidation_dominant,replenishment_dominant,651,2487,0.2617611580217129
primary_assignment,Cerrado,cr_balance_index,full_observed,2015,2020,2020,2025,1,inactive,consolidation_dominant,3,224,0.013392857142857142
primary_assignment,Cerrado,cr_balance_index,full_observed,2015,2020,2020,2025,1,inactive,inactive,117,224,0.5223214285714286
primary_assignment,Cerrado,cr_balance_index,full_observed,2015,2020,2020,2025,1,inactive,replenishment_dominant,104,224,0.4642857142857143
primary_assignment,Cerrado,cr_balance_index,full_observed,2015,2020,2020,2025,1,mixed,consolidation_dominant,208,1764,0.11791383219954649
primary_assignment,Cerrado,cr_balance_index,full_observed,2015,2020,2020,2025,1,mixed,mixed,375,1764,0.21258503401360543
primary_assignment,Cerrado,cr_balance_index,full_observed,2015,2020,2020,2025,1,mixed,replenishment_dominant,1181,1764,0.66950113378684806
primary_assignment,Cerrado,cr_balance_index,full_observed,2015,2020,2020,2025,1,replenishment_dominant,consolidation_dominant,144,6201,0.023222060957910014
primary_assignment,Cerrado,cr_balance_index,full_observed,2015,2020,2020,2025,1,replenishment_dominant,inactive,12,6201,0.0019351717464925011
primary_assignment,Cerrado,cr_balance_index,full_observed,2015,2020,2020,2025,1,replenishment_dominant,mixed,266,6201,0.042896307047250441
primary_assignment,Cerrado,cr_balance_index,full_observed,2015,2020,2020,2025,1,replenishment_dominant,replenishment_dominant,5779,6201,0.93194646024834704
single_biome_sensitivity,Amazon,nat_tmp_endpoint_ha,primary,1985,1990,1990,1995,0,positive_high,positive_high,18,32,0.5625
single_biome_sensitivity,Amazon,nat_tmp_endpoint_ha,primary,1985,1990,1990,1995,0,positive_high,positive_low,5,32,0.15625
single_biome_sensitivity,Amazon,nat_tmp_endpoint_ha,primary,1985,1990,1990,1995,0,positive_high,positive_moderate,8,32,0.25
single_biome_sensitivity,Amazon,nat_tmp_endpoint_ha,primary,1985,1990,1990,1995,0,positive_high,zero,1,32,0.03125
single_biome_sensitivity,Amazon,nat_tmp_endpoint_ha,primary,1985,1990,1990,1995,0,positive_low,positive_high,9,446,0.020179372197309416
single_biome_sensitivity,Amazon,nat_tmp_endpoint_ha,primary,1985,1990,1990,1995,0,positive_low,positive_low,159,446,0.35650224215246634
single_biome_sensitivity,Amazon,nat_tmp_endpoint_ha,primary,1985,1990,1990,1995,0,positive_low,positive_moderate,107,446,0.23991031390134529
single_biome_sensitivity,Amazon,nat_tmp_endpoint_ha,primary,1985,1990,1990,1995,0,positive_low,zero,171,446,0.38340807174887892
single_biome_sensitivity,Amazon,nat_tmp_endpoint_ha,primary,1985,1990,1990,1995,0,positive_moderate,positive_high,19,280,0.067857142857142852
single_biome_sensitivity,Amazon,nat_tmp_endpoint_ha,primary,1985,1990,1990,1995,0,positive_moderate,positive_low,84,280,0.29999999999999999
single_biome_sensitivity,Amazon,nat_tmp_endpoint_ha,primary,1985,1990,1990,1995,0,positive_moderate,positive_moderate,132,280,0.47142857142857142
single_biome_sensitivity,Amazon,nat_tmp_endpoint_ha,primary,1985,1990,1990,1995,0,positive_moderate,zero,45,280,0.16071428571428573
single_biome_sensitivity,Amazon,nat_tmp_endpoint_ha,primary,1985,1990,1990,1995,0,zero,positive_high,5,13162,0.00037988147697918249
single_biome_sensitivity,Amazon,nat_tmp_endpoint_ha,primary,1985,1990,1990,1995,0,zero,positive_low,279,13162,0.021197386415438384
single_biome_sensitivity,Amazon,nat_tmp_endpoint_ha,primary,1985,1990,1990,1995,0,zero,positive_moderate,158,13162,0.012004254672542167
single_biome_sensitivity,Amazon,nat_tmp_endpoint_ha,primary,1985,1990,1990,1995,0,zero,zero,12720,13162,0.96641847743504028
single_biome_sensitivity,Amazon,nat_tmp_endpoint_ha,primary,1990,1995,1995,2000,0,positive_high,positive_high,37,51,0.72549019607843135
single_biome_sensitivity,Amazon,nat_tmp_endpoint_ha,primary,1990,1995,1995,2000,0,positive_high,positive_low,3,51,0.058823529411764705
single_biome_sensitivity,Amazon,nat_tmp_endpoint_ha,primary,1990,1995,1995,2000,0,positive_high,positive_moderate,11,51,0.21568627450980393
single_biome_sensitivity,Amazon,nat_tmp_endpoint_ha,primary,1990,1995,1995,2000,0,positive_low,positive_high,23,527,0.043643263757115747
single_biome_sensitivity,Amazon,nat_tmp_endpoint_ha,primary,1990,1995,1995,2000,0,positive_low,positive_low,181,527,0.34345351043643263
single_biome_sensitivity,Amazon,nat_tmp_endpoint_ha,primary,1990,1995,1995,2000,0,positive_low,positive_moderate,124,527,0.23529411764705882
single_biome_sensitivity,Amazon,nat_tmp_endpoint_ha,primary,1990,1995,1995,2000,0,positive_low,zero,199,527,0.3776091081593928
single_biome_sensitivity,Amazon,nat_tmp_endpoint_ha,primary,1990,1995,1995,2000,0,positive_moderate,positive_high,57,405,0.14074074074074075
single_biome_sensitivity,Amazon,nat_tmp_endpoint_ha,primary,1990,1995,1995,2000,0,positive_moderate,positive_low,110,405,0.27160493827160492
single_biome_sensitivity,Amazon,nat_tmp_endpoint_ha,primary,1990,1995,1995,2000,0,positive_moderate,positive_moderate,157,405,0.38765432098765434
single_biome_sensitivity,Amazon,nat_tmp_endpoint_ha,primary,1990,1995,1995,2000,0,positive_moderate,zero,81,405,0.20000000000000001
single_biome_sensitivity,Amazon,nat_tmp_endpoint_ha,primary,1990,1995,1995,2000,0,zero,positive_high,13,12937,0.001004869753420422
single_biome_sensitivity,Amazon,nat_tmp_endpoint_ha,primary,1990,1995,1995,2000,0,zero,positive_low,488,12937,0.037721264589935841
single_biome_sensitivity,Amazon,nat_tmp_endpoint_ha,primary,1990,1995,1995,2000,0,zero,positive_moderate,212,12937,0.016387106748086883
single_biome_sensitivity,Amazon,nat_tmp_endpoint_ha,primary,1990,1995,1995,2000,0,zero,zero,12224,12937,0.94488675890855689
single_biome_sensitivity,Amazon,nat_tmp_endpoint_ha,primary,1995,2000,2000,2005,0,positive_high,positive_high,111,130,0.85384615384615381
single_biome_sensitivity,Amazon,nat_tmp_endpoint_ha,primary,1995,2000,2000,2005,0,positive_high,positive_low,2,130,0.015384615384615385
single_biome_sensitivity,Amazon,nat_tmp_endpoint_ha,primary,1995,2000,2000,2005,0,positive_high,positive_moderate,17,130,0.13076923076923078
single_biome_sensitivity,Amazon,nat_tmp_endpoint_ha,primary,1995,2000,2000,2005,0,positive_low,positive_high,70,782,0.089514066496163683
single_biome_sensitivity,Amazon,nat_tmp_endpoint_ha,primary,1995,2000,2000,2005,0,positive_low,positive_low,264,782,0.33759590792838873
single_biome_sensitivity,Amazon,nat_tmp_endpoint_ha,primary,1995,2000,2000,2005,0,positive_low,positive_moderate,196,782,0.2506393861892583
single_biome_sensitivity,Amazon,nat_tmp_endpoint_ha,primary,1995,2000,2000,2005,0,positive_low,zero,252,782,0.32225063938618925
single_biome_sensitivity,Amazon,nat_tmp_endpoint_ha,primary,1995,2000,2000,2005,0,positive_moderate,positive_high,147,504,0.29166666666666669
single_biome_sensitivity,Amazon,nat_tmp_endpoint_ha,primary,1995,2000,2000,2005,0,positive_moderate,positive_low,108,504,0.21428571428571427
single_biome_sensitivity,Amazon,nat_tmp_endpoint_ha,primary,1995,2000,2000,2005,0,positive_moderate,positive_moderate,193,504,0.38293650793650796
single_biome_sensitivity,Amazon,nat_tmp_endpoint_ha,primary,1995,2000,2000,2005,0,positive_moderate,zero,56,504,0.1111111111111111
single_biome_sensitivity,Amazon,nat_tmp_endpoint_ha,primary,1995,2000,2000,2005,0,zero,positive_high,61,12504,0.0048784388995521434
single_biome_sensitivity,Amazon,nat_tmp_endpoint_ha,primary,1995,2000,2000,2005,0,zero,positive_low,688,12504,0.055022392834293027
single_biome_sensitivity,Amazon,nat_tmp_endpoint_ha,primary,1995,2000,2000,2005,0,zero,positive_moderate,266,12504,0.021273192578374921
single_biome_sensitivity,Amazon,nat_tmp_endpoint_ha,primary,1995,2000,2000,2005,0,zero,zero,11489,12504,0.91882597568777991
single_biome_sensitivity,Amazon,nat_tmp_endpoint_ha,primary,2000,2005,2005,2010,0,positive_high,positive_high,78,389,0.20051413881748073
single_biome_sensitivity,Amazon,nat_tmp_endpoint_ha,primary,2000,2005,2005,2010,0,positive_high,positive_low,52,389,0.13367609254498714
single_biome_sensitivity,Amazon,nat_tmp_endpoint_ha,primary,2000,2005,2005,2010,0,positive_high,positive_moderate,256,389,0.65809768637532129
single_biome_sensitivity,Amazon,nat_tmp_endpoint_ha,primary,2000,2005,2005,2010,0,positive_high,zero,3,389,0.0077120822622107968
single_biome_sensitivity,Amazon,nat_tmp_endpoint_ha,primary,2000,2005,2005,2010,0,positive_low,positive_high,4,1062,0.003766478342749529
single_biome_sensitivity,Amazon,nat_tmp_endpoint_ha,primary,2000,2005,2005,2010,0,positive_low,positive_low,410,1062,0.38606403013182672
single_biome_sensitivity,Amazon,nat_tmp_endpoint_ha,primary,2000,2005,2005,2010,0,positive_low,positive_moderate,116,1062,0.10922787193973635
single_biome_sensitivity,Amazon,nat_tmp_endpoint_ha,primary,2000,2005,2005,2010,0,positive_low,zero,532,1062,0.50094161958568739
single_biome_sensitivity,Amazon,nat_tmp_endpoint_ha,primary,2000,2005,2005,2010,0,positive_moderate,positive_high,17,672,0.025297619047619048
single_biome_sensitivity,Amazon,nat_tmp_endpoint_ha,primary,2000,2005,2005,2010,0,positive_moderate,positive_low,282,672,0.41964285714285715
single_biome_sensitivity,Amazon,nat_tmp_endpoint_ha,primary,2000,2005,2005,2010,0,positive_moderate,positive_moderate,245,672,0.36458333333333331
single_biome_sensitivity,Amazon,nat_tmp_endpoint_ha,primary,2000,2005,2005,2010,0,positive_moderate,zero,128,672,0.19047619047619047
single_biome_sensitivity,Amazon,nat_tmp_endpoint_ha,primary,2000,2005,2005,2010,0,zero,positive_high,1,11797,8.4767313723828095e-05
single_biome_sensitivity,Amazon,nat_tmp_endpoint_ha,primary,2000,2005,2005,2010,0,zero,positive_low,559,11797,0.047384928371619901
single_biome_sensitivity,Amazon,nat_tmp_endpoint_ha,primary,2000,2005,2005,2010,0,zero,positive_moderate,101,11797,0.0085614986861066375
single_biome_sensitivity,Amazon,nat_tmp_endpoint_ha,primary,2000,2005,2005,2010,0,zero,zero,11136,11797,0.94396880562854968
single_biome_sensitivity,Amazon,nat_tmp_endpoint_ha,primary,2005,2010,2010,2015,0,positive_high,positive_high,34,100,0.34000000000000002
single_biome_sensitivity,Amazon,nat_tmp_endpoint_ha,primary,2005,2010,2010,2015,0,positive_high,positive_low,6,100,0.059999999999999998
single_biome_sensitivity,Amazon,nat_tmp_endpoint_ha,primary,2005,2010,2010,2015,0,positive_high,positive_moderate,60,100,0.59999999999999998
single_biome_sensitivity,Amazon,nat_tmp_endpoint_ha,primary,2005,2010,2010,2015,0,positive_low,positive_high,31,1303,0.023791250959324637
single_biome_sensitivity,Amazon,nat_tmp_endpoint_ha,primary,2005,2010,2010,2015,0,positive_low,positive_low,576,1303,0.44205679201841902
single_biome_sensitivity,Amazon,nat_tmp_endpoint_ha,primary,2005,2010,2010,2015,0,positive_low,positive_moderate,361,1303,0.27705295471987723
single_biome_sensitivity,Amazon,nat_tmp_endpoint_ha,primary,2005,2010,2010,2015,0,positive_low,zero,335,1303,0.25709900230237914
single_biome_sensitivity,Amazon,nat_tmp_endpoint_ha,primary,2005,2010,2010,2015,0,positive_moderate,positive_high,88,718,0.12256267409470752
single_biome_sensitivity,Amazon,nat_tmp_endpoint_ha,primary,2005,2010,2010,2015,0,positive_moderate,positive_low,150,718,0.20891364902506965
single_biome_sensitivity,Amazon,nat_tmp_endpoint_ha,primary,2005,2010,2010,2015,0,positive_moderate,positive_moderate,441,718,0.61420612813370479
single_biome_sensitivity,Amazon,nat_tmp_endpoint_ha,primary,2005,2010,2010,2015,0,positive_moderate,zero,39,718,0.054317548746518104
single_biome_sensitivity,Amazon,nat_tmp_endpoint_ha,primary,2005,2010,2010,2015,0,zero,positive_high,9,11799,0.00076277650648360034
single_biome_sensitivity,Amazon,nat_tmp_endpoint_ha,primary,2005,2010,2010,2015,0,zero,positive_low,876,11799,0.074243579964403769
single_biome_sensitivity,Amazon,nat_tmp_endpoint_ha,primary,2005,2010,2010,2015,0,zero,positive_moderate,234,11799,0.019832189168573607
single_biome_sensitivity,Amazon,nat_tmp_endpoint_ha,primary,2005,2010,2010,2015,0,zero,zero,10680,11799,0.90516145436053908
single_biome_sensitivity,Amazon,nat_tmp_endpoint_ha,primary,2010,2015,2015,2020,0,positive_high,positive_high,48,162,0.29629629629629628
single_biome_sensitivity,Amazon,nat_tmp_endpoint_ha,primary,2010,2015,2015,2020,0,positive_high,positive_low,8,162,0.049382716049382713
single_biome_sensitivity,Amazon,nat_tmp_endpoint_ha,primary,2010,2015,2015,2020,0,positive_high,positive_moderate,106,162,0.65432098765432101
single_biome_sensitivity,Amazon,nat_tmp_endpoint_ha,primary,2010,2015,2015,2020,0,positive_low,positive_high,15,1608,0.0093283582089552231
single_biome_sensitivity,Amazon,nat_tmp_endpoint_ha,primary,2010,2015,2015,2020,0,positive_low,positive_low,769,1608,0.47823383084577115
single_biome_sensitivity,Amazon,nat_tmp_endpoint_ha,primary,2010,2015,2015,2020,0,positive_low,positive_moderate,286,1608,0.17786069651741293
single_biome_sensitivity,Amazon,nat_tmp_endpoint_ha,primary,2010,2015,2015,2020,0,positive_low,zero,538,1608,0.3345771144278607
single_biome_sensitivity,Amazon,nat_tmp_endpoint_ha,primary,2010,2015,2015,2020,0,positive_moderate,positive_high,92,1096,0.083941605839416053
single_biome_sensitivity,Amazon,nat_tmp_endpoint_ha,primary,2010,2015,2015,2020,0,positive_moderate,positive_low,317,1096,0.28923357664233579
single_biome_sensitivity,Amazon,nat_tmp_endpoint_ha,primary,2010,2015,2015,2020,0,positive_moderate,positive_moderate,632,1096,0.57664233576642332
single_biome_sensitivity,Amazon,nat_tmp_endpoint_ha,primary,2010,2015,2015,2020,0,positive_moderate,zero,55,1096,0.050182481751824819
single_biome_sensitivity,Amazon,nat_tmp_endpoint_ha,primary,2010,2015,2015,2020,0,zero,positive_high,3,11054,0.00027139497014655326
single_biome_sensitivity,Amazon,nat_tmp_endpoint_ha,primary,2010,2015,2015,2020,0,zero,positive_low,760,11054,0.068753392437126831
single_biome_sensitivity,Amazon,nat_tmp_endpoint_ha,primary,2010,2015,2015,2020,0,zero,positive_moderate,119,11054,0.01076533381581328
single_biome_sensitivity,Amazon,nat_tmp_endpoint_ha,primary,2010,2015,2015,2020,0,zero,zero,10172,11054,0.92020987877691329
single_biome_sensitivity,Amazon,nat_tmp_endpoint_ha,full_observed,1985,1990,1990,1995,0,positive_high,positive_high,18,32,0.5625
single_biome_sensitivity,Amazon,nat_tmp_endpoint_ha,full_observed,1985,1990,1990,1995,0,positive_high,positive_low,5,32,0.15625
single_biome_sensitivity,Amazon,nat_tmp_endpoint_ha,full_observed,1985,1990,1990,1995,0,positive_high,positive_moderate,8,32,0.25
single_biome_sensitivity,Amazon,nat_tmp_endpoint_ha,full_observed,1985,1990,1990,1995,0,positive_high,zero,1,32,0.03125
single_biome_sensitivity,Amazon,nat_tmp_endpoint_ha,full_observed,1985,1990,1990,1995,0,positive_low,positive_high,9,446,0.020179372197309416
single_biome_sensitivity,Amazon,nat_tmp_endpoint_ha,full_observed,1985,1990,1990,1995,0,positive_low,positive_low,159,446,0.35650224215246634
single_biome_sensitivity,Amazon,nat_tmp_endpoint_ha,full_observed,1985,1990,1990,1995,0,positive_low,positive_moderate,107,446,0.23991031390134529
single_biome_sensitivity,Amazon,nat_tmp_endpoint_ha,full_observed,1985,1990,1990,1995,0,positive_low,zero,171,446,0.38340807174887892
single_biome_sensitivity,Amazon,nat_tmp_endpoint_ha,full_observed,1985,1990,1990,1995,0,positive_moderate,positive_high,19,280,0.067857142857142852
single_biome_sensitivity,Amazon,nat_tmp_endpoint_ha,full_observed,1985,1990,1990,1995,0,positive_moderate,positive_low,84,280,0.29999999999999999
single_biome_sensitivity,Amazon,nat_tmp_endpoint_ha,full_observed,1985,1990,1990,1995,0,positive_moderate,positive_moderate,132,280,0.47142857142857142
single_biome_sensitivity,Amazon,nat_tmp_endpoint_ha,full_observed,1985,1990,1990,1995,0,positive_moderate,zero,45,280,0.16071428571428573
single_biome_sensitivity,Amazon,nat_tmp_endpoint_ha,full_observed,1985,1990,1990,1995,0,zero,positive_high,5,13162,0.00037988147697918249
single_biome_sensitivity,Amazon,nat_tmp_endpoint_ha,full_observed,1985,1990,1990,1995,0,zero,positive_low,279,13162,0.021197386415438384
single_biome_sensitivity,Amazon,nat_tmp_endpoint_ha,full_observed,1985,1990,1990,1995,0,zero,positive_moderate,158,13162,0.012004254672542167
single_biome_sensitivity,Amazon,nat_tmp_endpoint_ha,full_observed,1985,1990,1990,1995,0,zero,zero,12720,13162,0.96641847743504028
single_biome_sensitivity,Amazon,nat_tmp_endpoint_ha,full_observed,1990,1995,1995,2000,0,positive_high,positive_high,37,51,0.72549019607843135
single_biome_sensitivity,Amazon,nat_tmp_endpoint_ha,full_observed,1990,1995,1995,2000,0,positive_high,positive_low,3,51,0.058823529411764705
single_biome_sensitivity,Amazon,nat_tmp_endpoint_ha,full_observed,1990,1995,1995,2000,0,positive_high,positive_moderate,11,51,0.21568627450980393
single_biome_sensitivity,Amazon,nat_tmp_endpoint_ha,full_observed,1990,1995,1995,2000,0,positive_low,positive_high,23,527,0.043643263757115747
single_biome_sensitivity,Amazon,nat_tmp_endpoint_ha,full_observed,1990,1995,1995,2000,0,positive_low,positive_low,181,527,0.34345351043643263
single_biome_sensitivity,Amazon,nat_tmp_endpoint_ha,full_observed,1990,1995,1995,2000,0,positive_low,positive_moderate,124,527,0.23529411764705882
single_biome_sensitivity,Amazon,nat_tmp_endpoint_ha,full_observed,1990,1995,1995,2000,0,positive_low,zero,199,527,0.3776091081593928
single_biome_sensitivity,Amazon,nat_tmp_endpoint_ha,full_observed,1990,1995,1995,2000,0,positive_moderate,positive_high,57,405,0.14074074074074075
single_biome_sensitivity,Amazon,nat_tmp_endpoint_ha,full_observed,1990,1995,1995,2000,0,positive_moderate,positive_low,110,405,0.27160493827160492
single_biome_sensitivity,Amazon,nat_tmp_endpoint_ha,full_observed,1990,1995,1995,2000,0,positive_moderate,positive_moderate,157,405,0.38765432098765434
single_biome_sensitivity,Amazon,nat_tmp_endpoint_ha,full_observed,1990,1995,1995,2000,0,positive_moderate,zero,81,405,0.20000000000000001
single_biome_sensitivity,Amazon,nat_tmp_endpoint_ha,full_observed,1990,1995,1995,2000,0,zero,positive_high,13,12937,0.001004869753420422
single_biome_sensitivity,Amazon,nat_tmp_endpoint_ha,full_observed,1990,1995,1995,2000,0,zero,positive_low,488,12937,0.037721264589935841
single_biome_sensitivity,Amazon,nat_tmp_endpoint_ha,full_observed,1990,1995,1995,2000,0,zero,positive_moderate,212,12937,0.016387106748086883
single_biome_sensitivity,Amazon,nat_tmp_endpoint_ha,full_observed,1990,1995,1995,2000,0,zero,zero,12224,12937,0.94488675890855689
single_biome_sensitivity,Amazon,nat_tmp_endpoint_ha,full_observed,1995,2000,2000,2005,0,positive_high,positive_high,111,130,0.85384615384615381
single_biome_sensitivity,Amazon,nat_tmp_endpoint_ha,full_observed,1995,2000,2000,2005,0,positive_high,positive_low,2,130,0.015384615384615385
single_biome_sensitivity,Amazon,nat_tmp_endpoint_ha,full_observed,1995,2000,2000,2005,0,positive_high,positive_moderate,17,130,0.13076923076923078
single_biome_sensitivity,Amazon,nat_tmp_endpoint_ha,full_observed,1995,2000,2000,2005,0,positive_low,positive_high,70,782,0.089514066496163683
single_biome_sensitivity,Amazon,nat_tmp_endpoint_ha,full_observed,1995,2000,2000,2005,0,positive_low,positive_low,264,782,0.33759590792838873
single_biome_sensitivity,Amazon,nat_tmp_endpoint_ha,full_observed,1995,2000,2000,2005,0,positive_low,positive_moderate,196,782,0.2506393861892583
single_biome_sensitivity,Amazon,nat_tmp_endpoint_ha,full_observed,1995,2000,2000,2005,0,positive_low,zero,252,782,0.32225063938618925
single_biome_sensitivity,Amazon,nat_tmp_endpoint_ha,full_observed,1995,2000,2000,2005,0,positive_moderate,positive_high,147,504,0.29166666666666669
single_biome_sensitivity,Amazon,nat_tmp_endpoint_ha,full_observed,1995,2000,2000,2005,0,positive_moderate,positive_low,108,504,0.21428571428571427
single_biome_sensitivity,Amazon,nat_tmp_endpoint_ha,full_observed,1995,2000,2000,2005,0,positive_moderate,positive_moderate,193,504,0.38293650793650796
single_biome_sensitivity,Amazon,nat_tmp_endpoint_ha,full_observed,1995,2000,2000,2005,0,positive_moderate,zero,56,504,0.1111111111111111
single_biome_sensitivity,Amazon,nat_tmp_endpoint_ha,full_observed,1995,2000,2000,2005,0,zero,positive_high,61,12504,0.0048784388995521434
single_biome_sensitivity,Amazon,nat_tmp_endpoint_ha,full_observed,1995,2000,2000,2005,0,zero,positive_low,688,12504,0.055022392834293027
single_biome_sensitivity,Amazon,nat_tmp_endpoint_ha,full_observed,1995,2000,2000,2005,0,zero,positive_moderate,266,12504,0.021273192578374921
single_biome_sensitivity,Amazon,nat_tmp_endpoint_ha,full_observed,1995,2000,2000,2005,0,zero,zero,11489,12504,0.91882597568777991
single_biome_sensitivity,Amazon,nat_tmp_endpoint_ha,full_observed,2000,2005,2005,2010,0,positive_high,positive_high,78,389,0.20051413881748073
single_biome_sensitivity,Amazon,nat_tmp_endpoint_ha,full_observed,2000,2005,2005,2010,0,positive_high,positive_low,52,389,0.13367609254498714
single_biome_sensitivity,Amazon,nat_tmp_endpoint_ha,full_observed,2000,2005,2005,2010,0,positive_high,positive_moderate,256,389,0.65809768637532129
single_biome_sensitivity,Amazon,nat_tmp_endpoint_ha,full_observed,2000,2005,2005,2010,0,positive_high,zero,3,389,0.0077120822622107968
single_biome_sensitivity,Amazon,nat_tmp_endpoint_ha,full_observed,2000,2005,2005,2010,0,positive_low,positive_high,4,1062,0.003766478342749529
single_biome_sensitivity,Amazon,nat_tmp_endpoint_ha,full_observed,2000,2005,2005,2010,0,positive_low,positive_low,410,1062,0.38606403013182672
single_biome_sensitivity,Amazon,nat_tmp_endpoint_ha,full_observed,2000,2005,2005,2010,0,positive_low,positive_moderate,116,1062,0.10922787193973635
single_biome_sensitivity,Amazon,nat_tmp_endpoint_ha,full_observed,2000,2005,2005,2010,0,positive_low,zero,532,1062,0.50094161958568739
single_biome_sensitivity,Amazon,nat_tmp_endpoint_ha,full_observed,2000,2005,2005,2010,0,positive_moderate,positive_high,17,672,0.025297619047619048
single_biome_sensitivity,Amazon,nat_tmp_endpoint_ha,full_observed,2000,2005,2005,2010,0,positive_moderate,positive_low,282,672,0.41964285714285715
single_biome_sensitivity,Amazon,nat_tmp_endpoint_ha,full_observed,2000,2005,2005,2010,0,positive_moderate,positive_moderate,245,672,0.36458333333333331
single_biome_sensitivity,Amazon,nat_tmp_endpoint_ha,full_observed,2000,2005,2005,2010,0,positive_moderate,zero,128,672,0.19047619047619047
single_biome_sensitivity,Amazon,nat_tmp_endpoint_ha,full_observed,2000,2005,2005,2010,0,zero,positive_high,1,11797,8.4767313723828095e-05
single_biome_sensitivity,Amazon,nat_tmp_endpoint_ha,full_observed,2000,2005,2005,2010,0,zero,positive_low,559,11797,0.047384928371619901
single_biome_sensitivity,Amazon,nat_tmp_endpoint_ha,full_observed,2000,2005,2005,2010,0,zero,positive_moderate,101,11797,0.0085614986861066375
single_biome_sensitivity,Amazon,nat_tmp_endpoint_ha,full_observed,2000,2005,2005,2010,0,zero,zero,11136,11797,0.94396880562854968
single_biome_sensitivity,Amazon,nat_tmp_endpoint_ha,full_observed,2005,2010,2010,2015,0,positive_high,positive_high,34,100,0.34000000000000002
single_biome_sensitivity,Amazon,nat_tmp_endpoint_ha,full_observed,2005,2010,2010,2015,0,positive_high,positive_low,6,100,0.059999999999999998
single_biome_sensitivity,Amazon,nat_tmp_endpoint_ha,full_observed,2005,2010,2010,2015,0,positive_high,positive_moderate,60,100,0.59999999999999998
single_biome_sensitivity,Amazon,nat_tmp_endpoint_ha,full_observed,2005,2010,2010,2015,0,positive_low,positive_high,31,1303,0.023791250959324637
single_biome_sensitivity,Amazon,nat_tmp_endpoint_ha,full_observed,2005,2010,2010,2015,0,positive_low,positive_low,576,1303,0.44205679201841902
single_biome_sensitivity,Amazon,nat_tmp_endpoint_ha,full_observed,2005,2010,2010,2015,0,positive_low,positive_moderate,361,1303,0.27705295471987723
single_biome_sensitivity,Amazon,nat_tmp_endpoint_ha,full_observed,2005,2010,2010,2015,0,positive_low,zero,335,1303,0.25709900230237914
single_biome_sensitivity,Amazon,nat_tmp_endpoint_ha,full_observed,2005,2010,2010,2015,0,positive_moderate,positive_high,88,718,0.12256267409470752
single_biome_sensitivity,Amazon,nat_tmp_endpoint_ha,full_observed,2005,2010,2010,2015,0,positive_moderate,positive_low,150,718,0.20891364902506965
single_biome_sensitivity,Amazon,nat_tmp_endpoint_ha,full_observed,2005,2010,2010,2015,0,positive_moderate,positive_moderate,441,718,0.61420612813370479
single_biome_sensitivity,Amazon,nat_tmp_endpoint_ha,full_observed,2005,2010,2010,2015,0,positive_moderate,zero,39,718,0.054317548746518104
single_biome_sensitivity,Amazon,nat_tmp_endpoint_ha,full_observed,2005,2010,2010,2015,0,zero,positive_high,9,11799,0.00076277650648360034
single_biome_sensitivity,Amazon,nat_tmp_endpoint_ha,full_observed,2005,2010,2010,2015,0,zero,positive_low,876,11799,0.074243579964403769
single_biome_sensitivity,Amazon,nat_tmp_endpoint_ha,full_observed,2005,2010,2010,2015,0,zero,positive_moderate,234,11799,0.019832189168573607
single_biome_sensitivity,Amazon,nat_tmp_endpoint_ha,full_observed,2005,2010,2010,2015,0,zero,zero,10680,11799,0.90516145436053908
single_biome_sensitivity,Amazon,nat_tmp_endpoint_ha,full_observed,2010,2015,2015,2020,0,positive_high,positive_high,48,162,0.29629629629629628
single_biome_sensitivity,Amazon,nat_tmp_endpoint_ha,full_observed,2010,2015,2015,2020,0,positive_high,positive_low,8,162,0.049382716049382713
single_biome_sensitivity,Amazon,nat_tmp_endpoint_ha,full_observed,2010,2015,2015,2020,0,positive_high,positive_moderate,106,162,0.65432098765432101
single_biome_sensitivity,Amazon,nat_tmp_endpoint_ha,full_observed,2010,2015,2015,2020,0,positive_low,positive_high,15,1608,0.0093283582089552231
single_biome_sensitivity,Amazon,nat_tmp_endpoint_ha,full_observed,2010,2015,2015,2020,0,positive_low,positive_low,769,1608,0.47823383084577115
single_biome_sensitivity,Amazon,nat_tmp_endpoint_ha,full_observed,2010,2015,2015,2020,0,positive_low,positive_moderate,286,1608,0.17786069651741293
single_biome_sensitivity,Amazon,nat_tmp_endpoint_ha,full_observed,2010,2015,2015,2020,0,positive_low,zero,538,1608,0.3345771144278607
single_biome_sensitivity,Amazon,nat_tmp_endpoint_ha,full_observed,2010,2015,2015,2020,0,positive_moderate,positive_high,92,1096,0.083941605839416053
single_biome_sensitivity,Amazon,nat_tmp_endpoint_ha,full_observed,2010,2015,2015,2020,0,positive_moderate,positive_low,317,1096,0.28923357664233579
single_biome_sensitivity,Amazon,nat_tmp_endpoint_ha,full_observed,2010,2015,2015,2020,0,positive_moderate,positive_moderate,632,1096,0.57664233576642332
single_biome_sensitivity,Amazon,nat_tmp_endpoint_ha,full_observed,2010,2015,2015,2020,0,positive_moderate,zero,55,1096,0.050182481751824819
single_biome_sensitivity,Amazon,nat_tmp_endpoint_ha,full_observed,2010,2015,2015,2020,0,zero,positive_high,3,11054,0.00027139497014655326
single_biome_sensitivity,Amazon,nat_tmp_endpoint_ha,full_observed,2010,2015,2015,2020,0,zero,positive_low,760,11054,0.068753392437126831
single_biome_sensitivity,Amazon,nat_tmp_endpoint_ha,full_observed,2010,2015,2015,2020,0,zero,positive_moderate,119,11054,0.01076533381581328
single_biome_sensitivity,Amazon,nat_tmp_endpoint_ha,full_observed,2010,2015,2015,2020,0,zero,zero,10172,11054,0.92020987877691329
single_biome_sensitivity,Amazon,nat_tmp_endpoint_ha,full_observed,2015,2020,2020,2025,1,positive_high,positive_high,48,158,0.30379746835443039
single_biome_sensitivity,Amazon,nat_tmp_endpoint_ha,full_observed,2015,2020,2020,2025,1,positive_high,positive_low,10,158,0.063291139240506333
single_biome_sensitivity,Amazon,nat_tmp_endpoint_ha,full_observed,2015,2020,2020,2025,1,positive_high,positive_moderate,100,158,0.63291139240506333
single_biome_sensitivity,Amazon,nat_tmp_endpoint_ha,full_observed,2015,2020,2020,2025,1,positive_low,positive_high,13,1854,0.0070118662351672063
single_biome_sensitivity,Amazon,nat_tmp_endpoint_ha,full_observed,2015,2020,2020,2025,1,positive_low,positive_low,888,1854,0.47896440129449835
single_biome_sensitivity,Amazon,nat_tmp_endpoint_ha,full_observed,2015,2020,2020,2025,1,positive_low,positive_moderate,284,1854,0.15318230852211434
single_biome_sensitivity,Amazon,nat_tmp_endpoint_ha,full_observed,2015,2020,2020,2025,1,positive_low,zero,669,1854,0.36084142394822005
single_biome_sensitivity,Amazon,nat_tmp_endpoint_ha,full_observed,2015,2020,2020,2025,1,positive_moderate,positive_high,48,1143,0.041994750656167978
single_biome_sensitivity,Amazon,nat_tmp_endpoint_ha,full_observed,2015,2020,2020,2025,1,positive_moderate,positive_low,307,1143,0.26859142607174102
single_biome_sensitivity,Amazon,nat_tmp_endpoint_ha,full_observed,2015,2020,2020,2025,1,positive_moderate,positive_moderate,726,1143,0.6351706036745407
single_biome_sensitivity,Amazon,nat_tmp_endpoint_ha,full_observed,2015,2020,2020,2025,1,positive_moderate,zero,62,1143,0.054243219597550303
single_biome_sensitivity,Amazon,nat_tmp_endpoint_ha,full_observed,2015,2020,2020,2025,1,zero,positive_high,2,10765,0.00018578727357176033
single_biome_sensitivity,Amazon,nat_tmp_endpoint_ha,full_observed,2015,2020,2020,2025,1,zero,positive_low,653,10765,0.060659544821179752
single_biome_sensitivity,Amazon,nat_tmp_endpoint_ha,full_observed,2015,2020,2020,2025,1,zero,positive_moderate,124,10765,0.01151881096144914
single_biome_sensitivity,Amazon,nat_tmp_endpoint_ha,full_observed,2015,2020,2020,2025,1,zero,zero,9986,10765,0.92763585694379935
single_biome_sensitivity,Amazon,cr_balance_index,primary,1985,1990,1990,1995,0,consolidation_dominant,consolidation_dominant,11,29,0.37931034482758619
single_biome_sensitivity,Amazon,cr_balance_index,primary,1985,1990,1990,1995,0,consolidation_dominant,mixed,5,29,0.17241379310344829
single_biome_sensitivity,Amazon,cr_balance_index,primary,1985,1990,1990,1995,0,consolidation_dominant,replenishment_dominant,13,29,0.44827586206896552
single_biome_sensitivity,Amazon,cr_balance_index,primary,1985,1990,1990,1995,0,inactive,consolidation_dominant,1,6412,0.00015595757953836556
single_biome_sensitivity,Amazon,cr_balance_index,primary,1985,1990,1990,1995,0,inactive,inactive,5216,6412,0.81347473487211475
single_biome_sensitivity,Amazon,cr_balance_index,primary,1985,1990,1990,1995,0,inactive,replenishment_dominant,1195,6412,0.18636930754834685
single_biome_sensitivity,Amazon,cr_balance_index,primary,1985,1990,1990,1995,0,mixed,consolidation_dominant,5,26,0.19230769230769232
single_biome_sensitivity,Amazon,cr_balance_index,primary,1985,1990,1990,1995,0,mixed,mixed,2,26,0.076923076923076927
single_biome_sensitivity,Amazon,cr_balance_index,primary,1985,1990,1990,1995,0,mixed,replenishment_dominant,19,26,0.73076923076923073
single_biome_sensitivity,Amazon,cr_balance_index,primary,1985,1990,1990,1995,0,replenishment_dominant,consolidation_dominant,27,7453,0.0036227022675432712
single_biome_sensitivity,Amazon,cr_balance_index,primary,1985,1990,1990,1995,0,replenishment_dominant,inactive,319,7453,0.042801556420233464
single_biome_sensitivity,Amazon,cr_balance_index,primary,1985,1990,1990,1995,0,replenishment_dominant,mixed,42,7453,0.0056353146384006438
single_biome_sensitivity,Amazon,cr_balance_index,primary,1985,1990,1990,1995,0,replenishment_dominant,replenishment_dominant,7065,7453,0.94794042667382261
single_biome_sensitivity,Amazon,cr_balance_index,primary,1990,1995,1995,2000,0,consolidation_dominant,consolidation_dominant,20,44,0.45454545454545453
single_biome_sensitivity,Amazon,cr_balance_index,primary,1990,1995,1995,2000,0,consolidation_dominant,inactive,2,44,0.045454545454545456
single_biome_sensitivity,Amazon,cr_balance_index,primary,1990,1995,1995,2000,0,consolidation_dominant,mixed,9,44,0.20454545454545456
single_biome_sensitivity,Amazon,cr_balance_index,primary,1990,1995,1995,2000,0,consolidation_dominant,replenishment_dominant,13,44,0.29545454545454547
single_biome_sensitivity,Amazon,cr_balance_index,primary,1990,1995,1995,2000,0,inactive,inactive,4503,5535,0.81355013550135502
single_biome_sensitivity,Amazon,cr_balance_index,primary,1990,1995,1995,2000,0,inactive,replenishment_dominant,1032,5535,0.18644986449864498
single_biome_sensitivity,Amazon,cr_balance_index,primary,1990,1995,1995,2000,0,mixed,consolidation_dominant,9,49,0.18367346938775511
single_biome_sensitivity,Amazon,cr_balance_index,primary,1990,1995,1995,2000,0,mixed,mixed,13,49,0.26530612244897961
single_biome_sensitivity,Amazon,cr_balance_index,primary,1990,1995,1995,2000,0,mixed,replenishment_dominant,27,49,0.55102040816326525
single_biome_sensitivity,Amazon,cr_balance_index,primary,1990,1995,1995,2000,0,replenishment_dominant,consolidation_dominant,24,8292,0.0028943560057887118
single_biome_sensitivity,Amazon,cr_balance_index,primary,1990,1995,1995,2000,0,replenishment_dominant,inactive,421,8292,0.05077182826821032
single_biome_sensitivity,Amazon,cr_balance_index,primary,1990,1995,1995,2000,0,replenishment_dominant,mixed,71,8292,0.0085624698504582729
single_biome_sensitivity,Amazon,cr_balance_index,primary,1990,1995,1995,2000,0,replenishment_dominant,replenishment_dominant,7776,8292,0.93777134587554267
single_biome_sensitivity,Amazon,cr_balance_index,primary,1995,2000,2000,2005,0,consolidation_dominant,consolidation_dominant,28,53,0.52830188679245282
single_biome_sensitivity,Amazon,cr_balance_index,primary,1995,2000,2000,2005,0,consolidation_dominant,mixed,12,53,0.22641509433962265
single_biome_sensitivity,Amazon,cr_balance_index,primary,1995,2000,2000,2005,0,consolidation_dominant,replenishment_dominant,13,53,0.24528301886792453
single_biome_sensitivity,Amazon,cr_balance_index,primary,1995,2000,2000,2005,0,inactive,consolidation_dominant,1,4926,0.00020300446609825416
single_biome_sensitivity,Amazon,cr_balance_index,primary,1995,2000,2000,2005,0,inactive,inactive,3730,4926,0.75720665854648805
single_biome_sensitivity,Amazon,cr_balance_index,primary,1995,2000,2000,2005,0,inactive,replenishment_dominant,1195,4926,0.24259033698741372
single_biome_sensitivity,Amazon,cr_balance_index,primary,1995,2000,2000,2005,0,mixed,consolidation_dominant,52,93,0.55913978494623651
single_biome_sensitivity,Amazon,cr_balance_index,primary,1995,2000,2000,2005,0,mixed,mixed,23,93,0.24731182795698925
single_biome_sensitivity,Amazon,cr_balance_index,primary,1995,2000,2000,2005,0,mixed,replenishment_dominant,18,93,0.19354838709677419
single_biome_sensitivity,Amazon,cr_balance_index,primary,1995,2000,2000,2005,0,replenishment_dominant,consolidation_dominant,134,8848,0.015144665461121157
single_biome_sensitivity,Amazon,cr_balance_index,primary,1995,2000,2000,2005,0,replenishment_dominant,inactive,381,8848,0.043060578661844484
single_biome_sensitivity,Amazon,cr_balance_index,primary,1995,2000,2000,2005,0,replenishment_dominant,mixed,183,8848,0.020682640144665462
single_biome_sensitivity,Amazon,cr_balance_index,primary,1995,2000,2000,2005,0,replenishment_dominant,replenishment_dominant,8150,8848,0.92111211573236895
single_biome_sensitivity,Amazon,cr_balance_index,primary,2000,2005,2005,2010,0,consolidation_dominant,consolidation_dominant,185,215,0.86046511627906974
single_biome_sensitivity,Amazon,cr_balance_index,primary,2000,2005,2005,2010,0,consolidation_dominant,mixed,17,215,0.079069767441860464
single_biome_sensitivity,Amazon,cr_balance_index,primary,2000,2005,2005,2010,0,consolidation_dominant,replenishment_dominant,13,215,0.060465116279069767
single_biome_sensitivity,Amazon,cr_balance_index,primary,2000,2005,2005,2010,0,inactive,inactive,3480,4111,0.84650936511797614
single_biome_sensitivity,Amazon,cr_balance_index,primary,2000,2005,2005,2010,0,inactive,replenishment_dominant,631,4111,0.15349063488202383
single_biome_sensitivity,Amazon,cr_balance_index,primary,2000,2005,2005,2010,0,mixed,consolidation_dominant,158,218,0.72477064220183485
single_biome_sensitivity,Amazon,cr_balance_index,primary,2000,2005,2005,2010,0,mixed,mixed,39,218,0.17889908256880735
single_biome_sensitivity,Amazon,cr_balance_index,primary,2000,2005,2005,2010,0,mixed,replenishment_dominant,21,218,0.096330275229357804
single_biome_sensitivity,Amazon,cr_balance_index,primary,2000,2005,2005,2010,0,replenishment_dominant,consolidation_dominant,259,9376,0.027623720136518773
single_biome_sensitivity,Amazon,cr_balance_index,primary,2000,2005,2005,2010,0,replenishment_dominant,inactive,421,9376,0.044901877133105804
single_biome_sensitivity,Amazon,cr_balance_index,primary,2000,2005,2005,2010,0,replenishment_dominant,mixed,276,9376,0.029436860068259386
single_biome_sensitivity,Amazon,cr_balance_index,primary,2000,2005,2005,2010,0,replenishment_dominant,replenishment_dominant,8420,9376,0.898037542662116
single_biome_sensitivity,Amazon,cr_balance_index,primary,2005,2010,2010,2015,0,consolidation_dominant,consolidation_dominant,538,602,0.89368770764119598
single_biome_sensitivity,Amazon,cr_balance_index,primary,2005,2010,2010,2015,0,consolidation_dominant,mixed,41,602,0.068106312292358806
single_biome_sensitivity,Amazon,cr_balance_index,primary,2005,2010,2010,2015,0,consolidation_dominant,replenishment_dominant,23,602,0.038205980066445183
single_biome_sensitivity,Amazon,cr_balance_index,primary,2005,2010,2010,2015,0,inactive,consolidation_dominant,2,3901,0.0005126890540886952
single_biome_sensitivity,Amazon,cr_balance_index,primary,2005,2010,2010,2015,0,inactive,inactive,3262,3901,0.83619584721866191
single_biome_sensitivity,Amazon,cr_balance_index,primary,2005,2010,2010,2015,0,inactive,replenishment_dominant,637,3901,0.16329146372724943
single_biome_sensitivity,Amazon,cr_balance_index,primary,2005,2010,2010,2015,0,mixed,consolidation_dominant,217,332,0.65361445783132532
single_biome_sensitivity,Amazon,cr_balance_index,primary,2005,2010,2010,2015,0,mixed,mixed,62,332,0.18674698795180722
single_biome_sensitivity,Amazon,cr_balance_index,primary,2005,2010,2010,2015,0,mixed,replenishment_dominant,53,332,0.15963855421686746
single_biome_sensitivity,Amazon,cr_balance_index,primary,2005,2010,2010,2015,0,replenishment_dominant,consolidation_dominant,398,9085,0.043808475509080902
single_biome_sensitivity,Amazon,cr_balance_index,primary,2005,2010,2010,2015,0,replenishment_dominant,inactive,491,9085,0.054045129334067146
single_biome_sensitivity,Amazon,cr_balance_index,primary,2005,2010,2010,2015,0,replenishment_dominant,mixed,341,9085,0.037534397358282887
single_biome_sensitivity,Amazon,cr_balance_index,primary,2005,2010,2010,2015,0,replenishment_dominant,replenishment_dominant,7855,9085,0.86461199779856912
single_biome_sensitivity,Amazon,cr_balance_index,primary,2010,2015,2015,2020,0,consolidation_dominant,consolidation_dominant,865,1155,0.74891774891774887
single_biome_sensitivity,Amazon,cr_balance_index,primary,2010,2015,2015,2020,0,consolidation_dominant,inactive,1,1155,0.0008658008658008658
single_biome_sensitivity,Amazon,cr_balance_index,primary,2010,2015,2015,2020,0,consolidation_dominant,mixed,184,1155,0.15930735930735931
single_biome_sensitivity,Amazon,cr_balance_index,primary,2010,2015,2015,2020,0,consolidation_dominant,replenishment_dominant,105,1155,0.090909090909090912
single_biome_sensitivity,Amazon,cr_balance_index,primary,2010,2015,2015,2020,0,inactive,consolidation_dominant,2,3753,0.0005329070077271516
single_biome_sensitivity,Amazon,cr_balance_index,primary,2010,2015,2015,2020,0,inactive,inactive,3016,3753,0.80362376765254462
single_biome_sensitivity,Amazon,cr_balance_index,primary,2010,2015,2015,2020,0,inactive,replenishment_dominant,735,3753,0.19584332533972823
single_biome_sensitivity,Amazon,cr_balance_index,primary,2010,2015,2015,2020,0,mixed,consolidation_dominant,138,444,0.3108108108108108
single_biome_sensitivity,Amazon,cr_balance_index,primary,2010,2015,2015,2020,0,mixed,inactive,1,444,0.0022522522522522522
single_biome_sensitivity,Amazon,cr_balance_index,primary,2010,2015,2015,2020,0,mixed,mixed,145,444,0.32657657657657657
single_biome_sensitivity,Amazon,cr_balance_index,primary,2010,2015,2015,2020,0,mixed,replenishment_dominant,160,444,0.36036036036036034
single_biome_sensitivity,Amazon,cr_balance_index,primary,2010,2015,2015,2020,0,replenishment_dominant,consolidation_dominant,148,8568,0.01727357609710551
single_biome_sensitivity,Amazon,cr_balance_index,primary,2010,2015,2015,2020,0,replenishment_dominant,inactive,427,8568,0.049836601307189546
single_biome_sensitivity,Amazon,cr_balance_index,primary,2010,2015,2015,2020,0,replenishment_dominant,mixed,303,8568,0.035364145658263305
single_biome_sensitivity,Amazon,cr_balance_index,primary,2010,2015,2015,2020,0,replenishment_dominant,replenishment_dominant,7690,8568,0.89752567693744167
single_biome_sensitivity,Amazon,cr_balance_index,full_observed,1985,1990,1990,1995,0,consolidation_dominant,consolidation_dominant,11,29,0.37931034482758619
single_biome_sensitivity,Amazon,cr_balance_index,full_observed,1985,1990,1990,1995,0,consolidation_dominant,mixed,5,29,0.17241379310344829
single_biome_sensitivity,Amazon,cr_balance_index,full_observed,1985,1990,1990,1995,0,consolidation_dominant,replenishment_dominant,13,29,0.44827586206896552
single_biome_sensitivity,Amazon,cr_balance_index,full_observed,1985,1990,1990,1995,0,inactive,consolidation_dominant,1,6412,0.00015595757953836556
single_biome_sensitivity,Amazon,cr_balance_index,full_observed,1985,1990,1990,1995,0,inactive,inactive,5216,6412,0.81347473487211475
single_biome_sensitivity,Amazon,cr_balance_index,full_observed,1985,1990,1990,1995,0,inactive,replenishment_dominant,1195,6412,0.18636930754834685
single_biome_sensitivity,Amazon,cr_balance_index,full_observed,1985,1990,1990,1995,0,mixed,consolidation_dominant,5,26,0.19230769230769232
single_biome_sensitivity,Amazon,cr_balance_index,full_observed,1985,1990,1990,1995,0,mixed,mixed,2,26,0.076923076923076927
single_biome_sensitivity,Amazon,cr_balance_index,full_observed,1985,1990,1990,1995,0,mixed,replenishment_dominant,19,26,0.73076923076923073
single_biome_sensitivity,Amazon,cr_balance_index,full_observed,1985,1990,1990,1995,0,replenishment_dominant,consolidation_dominant,27,7453,0.0036227022675432712
single_biome_sensitivity,Amazon,cr_balance_index,full_observed,1985,1990,1990,1995,0,replenishment_dominant,inactive,319,7453,0.042801556420233464
single_biome_sensitivity,Amazon,cr_balance_index,full_observed,1985,1990,1990,1995,0,replenishment_dominant,mixed,42,7453,0.0056353146384006438
single_biome_sensitivity,Amazon,cr_balance_index,full_observed,1985,1990,1990,1995,0,replenishment_dominant,replenishment_dominant,7065,7453,0.94794042667382261
single_biome_sensitivity,Amazon,cr_balance_index,full_observed,1990,1995,1995,2000,0,consolidation_dominant,consolidation_dominant,20,44,0.45454545454545453
single_biome_sensitivity,Amazon,cr_balance_index,full_observed,1990,1995,1995,2000,0,consolidation_dominant,inactive,2,44,0.045454545454545456
single_biome_sensitivity,Amazon,cr_balance_index,full_observed,1990,1995,1995,2000,0,consolidation_dominant,mixed,9,44,0.20454545454545456
single_biome_sensitivity,Amazon,cr_balance_index,full_observed,1990,1995,1995,2000,0,consolidation_dominant,replenishment_dominant,13,44,0.29545454545454547
single_biome_sensitivity,Amazon,cr_balance_index,full_observed,1990,1995,1995,2000,0,inactive,inactive,4503,5535,0.81355013550135502
single_biome_sensitivity,Amazon,cr_balance_index,full_observed,1990,1995,1995,2000,0,inactive,replenishment_dominant,1032,5535,0.18644986449864498
single_biome_sensitivity,Amazon,cr_balance_index,full_observed,1990,1995,1995,2000,0,mixed,consolidation_dominant,9,49,0.18367346938775511
single_biome_sensitivity,Amazon,cr_balance_index,full_observed,1990,1995,1995,2000,0,mixed,mixed,13,49,0.26530612244897961
single_biome_sensitivity,Amazon,cr_balance_index,full_observed,1990,1995,1995,2000,0,mixed,replenishment_dominant,27,49,0.55102040816326525
single_biome_sensitivity,Amazon,cr_balance_index,full_observed,1990,1995,1995,2000,0,replenishment_dominant,consolidation_dominant,24,8292,0.0028943560057887118
single_biome_sensitivity,Amazon,cr_balance_index,full_observed,1990,1995,1995,2000,0,replenishment_dominant,inactive,421,8292,0.05077182826821032
single_biome_sensitivity,Amazon,cr_balance_index,full_observed,1990,1995,1995,2000,0,replenishment_dominant,mixed,71,8292,0.0085624698504582729
single_biome_sensitivity,Amazon,cr_balance_index,full_observed,1990,1995,1995,2000,0,replenishment_dominant,replenishment_dominant,7776,8292,0.93777134587554267
single_biome_sensitivity,Amazon,cr_balance_index,full_observed,1995,2000,2000,2005,0,consolidation_dominant,consolidation_dominant,28,53,0.52830188679245282
single_biome_sensitivity,Amazon,cr_balance_index,full_observed,1995,2000,2000,2005,0,consolidation_dominant,mixed,12,53,0.22641509433962265
single_biome_sensitivity,Amazon,cr_balance_index,full_observed,1995,2000,2000,2005,0,consolidation_dominant,replenishment_dominant,13,53,0.24528301886792453
single_biome_sensitivity,Amazon,cr_balance_index,full_observed,1995,2000,2000,2005,0,inactive,consolidation_dominant,1,4926,0.00020300446609825416
single_biome_sensitivity,Amazon,cr_balance_index,full_observed,1995,2000,2000,2005,0,inactive,inactive,3730,4926,0.75720665854648805
single_biome_sensitivity,Amazon,cr_balance_index,full_observed,1995,2000,2000,2005,0,inactive,replenishment_dominant,1195,4926,0.24259033698741372
single_biome_sensitivity,Amazon,cr_balance_index,full_observed,1995,2000,2000,2005,0,mixed,consolidation_dominant,52,93,0.55913978494623651
single_biome_sensitivity,Amazon,cr_balance_index,full_observed,1995,2000,2000,2005,0,mixed,mixed,23,93,0.24731182795698925
single_biome_sensitivity,Amazon,cr_balance_index,full_observed,1995,2000,2000,2005,0,mixed,replenishment_dominant,18,93,0.19354838709677419
single_biome_sensitivity,Amazon,cr_balance_index,full_observed,1995,2000,2000,2005,0,replenishment_dominant,consolidation_dominant,134,8848,0.015144665461121157
single_biome_sensitivity,Amazon,cr_balance_index,full_observed,1995,2000,2000,2005,0,replenishment_dominant,inactive,381,8848,0.043060578661844484
single_biome_sensitivity,Amazon,cr_balance_index,full_observed,1995,2000,2000,2005,0,replenishment_dominant,mixed,183,8848,0.020682640144665462
single_biome_sensitivity,Amazon,cr_balance_index,full_observed,1995,2000,2000,2005,0,replenishment_dominant,replenishment_dominant,8150,8848,0.92111211573236895
single_biome_sensitivity,Amazon,cr_balance_index,full_observed,2000,2005,2005,2010,0,consolidation_dominant,consolidation_dominant,185,215,0.86046511627906974
single_biome_sensitivity,Amazon,cr_balance_index,full_observed,2000,2005,2005,2010,0,consolidation_dominant,mixed,17,215,0.079069767441860464
single_biome_sensitivity,Amazon,cr_balance_index,full_observed,2000,2005,2005,2010,0,consolidation_dominant,replenishment_dominant,13,215,0.060465116279069767
single_biome_sensitivity,Amazon,cr_balance_index,full_observed,2000,2005,2005,2010,0,inactive,inactive,3480,4111,0.84650936511797614
single_biome_sensitivity,Amazon,cr_balance_index,full_observed,2000,2005,2005,2010,0,inactive,replenishment_dominant,631,4111,0.15349063488202383
single_biome_sensitivity,Amazon,cr_balance_index,full_observed,2000,2005,2005,2010,0,mixed,consolidation_dominant,158,218,0.72477064220183485
single_biome_sensitivity,Amazon,cr_balance_index,full_observed,2000,2005,2005,2010,0,mixed,mixed,39,218,0.17889908256880735
single_biome_sensitivity,Amazon,cr_balance_index,full_observed,2000,2005,2005,2010,0,mixed,replenishment_dominant,21,218,0.096330275229357804
single_biome_sensitivity,Amazon,cr_balance_index,full_observed,2000,2005,2005,2010,0,replenishment_dominant,consolidation_dominant,259,9376,0.027623720136518773
single_biome_sensitivity,Amazon,cr_balance_index,full_observed,2000,2005,2005,2010,0,replenishment_dominant,inactive,421,9376,0.044901877133105804
single_biome_sensitivity,Amazon,cr_balance_index,full_observed,2000,2005,2005,2010,0,replenishment_dominant,mixed,276,9376,0.029436860068259386
single_biome_sensitivity,Amazon,cr_balance_index,full_observed,2000,2005,2005,2010,0,replenishment_dominant,replenishment_dominant,8420,9376,0.898037542662116
single_biome_sensitivity,Amazon,cr_balance_index,full_observed,2005,2010,2010,2015,0,consolidation_dominant,consolidation_dominant,538,602,0.89368770764119598
single_biome_sensitivity,Amazon,cr_balance_index,full_observed,2005,2010,2010,2015,0,consolidation_dominant,mixed,41,602,0.068106312292358806
single_biome_sensitivity,Amazon,cr_balance_index,full_observed,2005,2010,2010,2015,0,consolidation_dominant,replenishment_dominant,23,602,0.038205980066445183
single_biome_sensitivity,Amazon,cr_balance_index,full_observed,2005,2010,2010,2015,0,inactive,consolidation_dominant,2,3901,0.0005126890540886952
single_biome_sensitivity,Amazon,cr_balance_index,full_observed,2005,2010,2010,2015,0,inactive,inactive,3262,3901,0.83619584721866191
single_biome_sensitivity,Amazon,cr_balance_index,full_observed,2005,2010,2010,2015,0,inactive,replenishment_dominant,637,3901,0.16329146372724943
single_biome_sensitivity,Amazon,cr_balance_index,full_observed,2005,2010,2010,2015,0,mixed,consolidation_dominant,217,332,0.65361445783132532
single_biome_sensitivity,Amazon,cr_balance_index,full_observed,2005,2010,2010,2015,0,mixed,mixed,62,332,0.18674698795180722
single_biome_sensitivity,Amazon,cr_balance_index,full_observed,2005,2010,2010,2015,0,mixed,replenishment_dominant,53,332,0.15963855421686746
single_biome_sensitivity,Amazon,cr_balance_index,full_observed,2005,2010,2010,2015,0,replenishment_dominant,consolidation_dominant,398,9085,0.043808475509080902
single_biome_sensitivity,Amazon,cr_balance_index,full_observed,2005,2010,2010,2015,0,replenishment_dominant,inactive,491,9085,0.054045129334067146
single_biome_sensitivity,Amazon,cr_balance_index,full_observed,2005,2010,2010,2015,0,replenishment_dominant,mixed,341,9085,0.037534397358282887
single_biome_sensitivity,Amazon,cr_balance_index,full_observed,2005,2010,2010,2015,0,replenishment_dominant,replenishment_dominant,7855,9085,0.86461199779856912
single_biome_sensitivity,Amazon,cr_balance_index,full_observed,2010,2015,2015,2020,0,consolidation_dominant,consolidation_dominant,865,1155,0.74891774891774887
single_biome_sensitivity,Amazon,cr_balance_index,full_observed,2010,2015,2015,2020,0,consolidation_dominant,inactive,1,1155,0.0008658008658008658
single_biome_sensitivity,Amazon,cr_balance_index,full_observed,2010,2015,2015,2020,0,consolidation_dominant,mixed,184,1155,0.15930735930735931
single_biome_sensitivity,Amazon,cr_balance_index,full_observed,2010,2015,2015,2020,0,consolidation_dominant,replenishment_dominant,105,1155,0.090909090909090912
single_biome_sensitivity,Amazon,cr_balance_index,full_observed,2010,2015,2015,2020,0,inactive,consolidation_dominant,2,3753,0.0005329070077271516
single_biome_sensitivity,Amazon,cr_balance_index,full_observed,2010,2015,2015,2020,0,inactive,inactive,3016,3753,0.80362376765254462
single_biome_sensitivity,Amazon,cr_balance_index,full_observed,2010,2015,2015,2020,0,inactive,replenishment_dominant,735,3753,0.19584332533972823
single_biome_sensitivity,Amazon,cr_balance_index,full_observed,2010,2015,2015,2020,0,mixed,consolidation_dominant,138,444,0.3108108108108108
single_biome_sensitivity,Amazon,cr_balance_index,full_observed,2010,2015,2015,2020,0,mixed,inactive,1,444,0.0022522522522522522
single_biome_sensitivity,Amazon,cr_balance_index,full_observed,2010,2015,2015,2020,0,mixed,mixed,145,444,0.32657657657657657
single_biome_sensitivity,Amazon,cr_balance_index,full_observed,2010,2015,2015,2020,0,mixed,replenishment_dominant,160,444,0.36036036036036034
single_biome_sensitivity,Amazon,cr_balance_index,full_observed,2010,2015,2015,2020,0,replenishment_dominant,consolidation_dominant,148,8568,0.01727357609710551
single_biome_sensitivity,Amazon,cr_balance_index,full_observed,2010,2015,2015,2020,0,replenishment_dominant,inactive,427,8568,0.049836601307189546
single_biome_sensitivity,Amazon,cr_balance_index,full_observed,2010,2015,2015,2020,0,replenishment_dominant,mixed,303,8568,0.035364145658263305
single_biome_sensitivity,Amazon,cr_balance_index,full_observed,2010,2015,2015,2020,0,replenishment_dominant,replenishment_dominant,7690,8568,0.89752567693744167
single_biome_sensitivity,Amazon,cr_balance_index,full_observed,2015,2020,2020,2025,1,consolidation_dominant,consolidation_dominant,628,1153,0.54466608846487419
single_biome_sensitivity,Amazon,cr_balance_index,full_observed,2015,2020,2020,2025,1,consolidation_dominant,inactive,1,1153,0.00086730268863833475
single_biome_sensitivity,Amazon,cr_balance_index,full_observed,2015,2020,2020,2025,1,consolidation_dominant,mixed,257,1153,0.22289679098005205
single_biome_sensitivity,Amazon,cr_balance_index,full_observed,2015,2020,2020,2025,1,consolidation_dominant,replenishment_dominant,267,1153,0.23156981786643538
single_biome_sensitivity,Amazon,cr_balance_index,full_observed,2015,2020,2020,2025,1,inactive,consolidation_dominant,1,3445,0.00029027576197387516
single_biome_sensitivity,Amazon,cr_balance_index,full_observed,2015,2020,2020,2025,1,inactive,inactive,2373,3445,0.68882438316400585
single_biome_sensitivity,Amazon,cr_balance_index,full_observed,2015,2020,2020,2025,1,inactive,mixed,1,3445,0.00029027576197387516
single_biome_sensitivity,Amazon,cr_balance_index,full_observed,2015,2020,2020,2025,1,inactive,replenishment_dominant,1070,3445,0.31059506531204645
single_biome_sensitivity,Amazon,cr_balance_index,full_observed,2015,2020,2020,2025,1,mixed,consolidation_dominant,126,632,0.19936708860759494
single_biome_sensitivity,Amazon,cr_balance_index,full_observed,2015,2020,2020,2025,1,mixed,mixed,149,632,0.23575949367088608
single_biome_sensitivity,Amazon,cr_balance_index,full_observed,2015,2020,2020,2025,1,mixed,replenishment_dominant,357,632,0.564873417721519
single_biome_sensitivity,Amazon,cr_balance_index,full_observed,2015,2020,2020,2025,1,replenishment_dominant,consolidation_dominant,115,8690,0.013233601841196778
single_biome_sensitivity,Amazon,cr_balance_index,full_observed,2015,2020,2020,2025,1,replenishment_dominant,inactive,321,8690,0.036939010356731874
single_biome_sensitivity,Amazon,cr_balance_index,full_observed,2015,2020,2020,2025,1,replenishment_dominant,mixed,203,8690,0.023360184119677791
single_biome_sensitivity,Amazon,cr_balance_index,full_observed,2015,2020,2020,2025,1,replenishment_dominant,replenishment_dominant,8051,8690,0.92646720368239355
single_biome_sensitivity,Cerrado,nat_tmp_endpoint_ha,primary,1985,1990,1990,1995,0,positive_high,positive_high,396,784,0.50510204081632648
single_biome_sensitivity,Cerrado,nat_tmp_endpoint_ha,primary,1985,1990,1990,1995,0,positive_high,positive_low,41,784,0.052295918367346941
single_biome_sensitivity,Cerrado,nat_tmp_endpoint_ha,primary,1985,1990,1990,1995,0,positive_high,positive_moderate,344,784,0.43877551020408162
single_biome_sensitivity,Cerrado,nat_tmp_endpoint_ha,primary,1985,1990,1990,1995,0,positive_high,zero,3,784,0.0038265306122448979
single_biome_sensitivity,Cerrado,nat_tmp_endpoint_ha,primary,1985,1990,1990,1995,0,positive_low,positive_high,28,1511,0.018530774321641297
single_biome_sensitivity,Cerrado,nat_tmp_endpoint_ha,primary,1985,1990,1990,1995,0,positive_low,positive_low,675,1511,0.44672402382528126
single_biome_sensitivity,Cerrado,nat_tmp_endpoint_ha,primary,1985,1990,1990,1995,0,positive_low,positive_moderate,373,1511,0.24685638649900729
single_biome_sensitivity,Cerrado,nat_tmp_endpoint_ha,primary,1985,1990,1990,1995,0,positive_low,zero,435,1511,0.28788881535407013
single_biome_sensitivity,Cerrado,nat_tmp_endpoint_ha,primary,1985,1990,1990,1995,0,positive_moderate,positive_high,168,2209,0.076052512449071977
single_biome_sensitivity,Cerrado,nat_tmp_endpoint_ha,primary,1985,1990,1990,1995,0,positive_moderate,positive_low,636,2209,0.28791308284291534
single_biome_sensitivity,Cerrado,nat_tmp_endpoint_ha,primary,1985,1990,1990,1995,0,positive_moderate,positive_moderate,1230,2209,0.55681303757356271
single_biome_sensitivity,Cerrado,nat_tmp_endpoint_ha,primary,1985,1990,1990,1995,0,positive_moderate,zero,175,2209,0.07922136713444998
single_biome_sensitivity,Cerrado,nat_tmp_endpoint_ha,primary,1985,1990,1990,1995,0,zero,positive_high,54,5883,0.0091789903110657822
single_biome_sensitivity,Cerrado,nat_tmp_endpoint_ha,primary,1985,1990,1990,1995,0,zero,positive_low,649,5883,0.11031786503484617
single_biome_sensitivity,Cerrado,nat_tmp_endpoint_ha,primary,1985,1990,1990,1995,0,zero,positive_moderate,340,5883,0.05779364269930308
single_biome_sensitivity,Cerrado,nat_tmp_endpoint_ha,primary,1985,1990,1990,1995,0,zero,zero,4840,5883,0.82270950195478498
single_biome_sensitivity,Cerrado,nat_tmp_endpoint_ha,primary,1990,1995,1995,2000,0,positive_high,positive_high,352,646,0.54489164086687303
single_biome_sensitivity,Cerrado,nat_tmp_endpoint_ha,primary,1990,1995,1995,2000,0,positive_high,positive_low,32,646,0.049535603715170282
single_biome_sensitivity,Cerrado,nat_tmp_endpoint_ha,primary,1990,1995,1995,2000,0,positive_high,positive_moderate,256,646,0.39628482972136225
single_biome_sensitivity,Cerrado,nat_tmp_endpoint_ha,primary,1990,1995,1995,2000,0,positive_high,zero,6,646,0.0092879256965944269
single_biome_sensitivity,Cerrado,nat_tmp_endpoint_ha,primary,1990,1995,1995,2000,0,positive_low,positive_high,18,2001,0.0089955022488755615
single_biome_sensitivity,Cerrado,nat_tmp_endpoint_ha,primary,1990,1995,1995,2000,0,positive_low,positive_low,1074,2001,0.53673163418290859
single_biome_sensitivity,Cerrado,nat_tmp_endpoint_ha,primary,1990,1995,1995,2000,0,positive_low,positive_moderate,327,2001,0.16341829085457271
single_biome_sensitivity,Cerrado,nat_tmp_endpoint_ha,primary,1990,1995,1995,2000,0,positive_low,zero,582,2001,0.29085457271364318
single_biome_sensitivity,Cerrado,nat_tmp_endpoint_ha,primary,1990,1995,1995,2000,0,positive_moderate,positive_high,132,2287,0.057717533887188456
single_biome_sensitivity,Cerrado,nat_tmp_endpoint_ha,primary,1990,1995,1995,2000,0,positive_moderate,positive_low,811,2287,0.35461303017052909
single_biome_sensitivity,Cerrado,nat_tmp_endpoint_ha,primary,1990,1995,1995,2000,0,positive_moderate,positive_moderate,1111,2287,0.48578924355050285
single_biome_sensitivity,Cerrado,nat_tmp_endpoint_ha,primary,1990,1995,1995,2000,0,positive_moderate,zero,233,2287,0.10188019239177962
single_biome_sensitivity,Cerrado,nat_tmp_endpoint_ha,primary,1990,1995,1995,2000,0,zero,positive_high,53,5453,0.0097194205024757011
single_biome_sensitivity,Cerrado,nat_tmp_endpoint_ha,primary,1990,1995,1995,2000,0,zero,positive_low,928,5453,0.17018155143957456
single_biome_sensitivity,Cerrado,nat_tmp_endpoint_ha,primary,1990,1995,1995,2000,0,zero,positive_moderate,213,5453,0.039061067302402344
single_biome_sensitivity,Cerrado,nat_tmp_endpoint_ha,primary,1990,1995,1995,2000,0,zero,zero,4259,5453,0.78103796075554743
single_biome_sensitivity,Cerrado,nat_tmp_endpoint_ha,primary,1995,2000,2000,2005,0,positive_high,positive_high,400,555,0.72072072072072069
single_biome_sensitivity,Cerrado,nat_tmp_endpoint_ha,primary,1995,2000,2000,2005,0,positive_high,positive_low,24,555,0.043243243243243246
single_biome_sensitivity,Cerrado,nat_tmp_endpoint_ha,primary,1995,2000,2000,2005,0,positive_high,positive_moderate,131,555,0.23603603603603604
single_biome_sensitivity,Cerrado,nat_tmp_endpoint_ha,primary,1995,2000,2000,2005,0,positive_low,positive_high,81,2845,0.028471001757469243
single_biome_sensitivity,Cerrado,nat_tmp_endpoint_ha,primary,1995,2000,2000,2005,0,positive_low,positive_low,1269,2845,0.44604569420035151
single_biome_sensitivity,Cerrado,nat_tmp_endpoint_ha,primary,1995,2000,2000,2005,0,positive_low,positive_moderate,759,2845,0.26678383128295252
single_biome_sensitivity,Cerrado,nat_tmp_endpoint_ha,primary,1995,2000,2000,2005,0,positive_low,zero,736,2845,0.25869947275922672
single_biome_sensitivity,Cerrado,nat_tmp_endpoint_ha,primary,1995,2000,2000,2005,0,positive_moderate,positive_high,279,1907,0.14630309386470897
single_biome_sensitivity,Cerrado,nat_tmp_endpoint_ha,primary,1995,2000,2000,2005,0,positive_moderate,positive_low,413,1907,0.21657052962768747
single_biome_sensitivity,Cerrado,nat_tmp_endpoint_ha,primary,1995,2000,2000,2005,0,positive_moderate,positive_moderate,1078,1907,0.56528578919769268
single_biome_sensitivity,Cerrado,nat_tmp_endpoint_ha,primary,1995,2000,2000,2005,0,positive_moderate,zero,137,1907,0.071840587309910858
single_biome_sensitivity,Cerrado,nat_tmp_endpoint_ha,primary,1995,2000,2000,2005,0,zero,positive_high,80,5080,0.015748031496062992
single_biome_sensitivity,Cerrado,nat_tmp_endpoint_ha,primary,1995,2000,2000,2005,0,zero,positive_low,865,5080,0.17027559055118111
single_biome_sensitivity,Cerrado,nat_tmp_endpoint_ha,primary,1995,2000,2000,2005,0,zero,positive_moderate,432,5080,0.085039370078740156
single_biome_sensitivity,Cerrado,nat_tmp_endpoint_ha,primary,1995,2000,2000,2005,0,zero,zero,3703,5080,0.72893700787401572
single_biome_sensitivity,Cerrado,nat_tmp_endpoint_ha,primary,2000,2005,2005,2010,0,positive_high,positive_high,309,840,0.36785714285714288
single_biome_sensitivity,Cerrado,nat_tmp_endpoint_ha,primary,2000,2005,2005,2010,0,positive_high,positive_low,65,840,0.077380952380952384
single_biome_sensitivity,Cerrado,nat_tmp_endpoint_ha,primary,2000,2005,2005,2010,0,positive_high,positive_moderate,464,840,0.55238095238095242
single_biome_sensitivity,Cerrado,nat_tmp_endpoint_ha,primary,2000,2005,2005,2010,0,positive_high,zero,2,840,0.0023809523809523812
single_biome_sensitivity,Cerrado,nat_tmp_endpoint_ha,primary,2000,2005,2005,2010,0,positive_low,positive_high,20,2571,0.0077790742901594706
single_biome_sensitivity,Cerrado,nat_tmp_endpoint_ha,primary,2000,2005,2005,2010,0,positive_low,positive_low,1591,2571,0.61882535978218589
single_biome_sensitivity,Cerrado,nat_tmp_endpoint_ha,primary,2000,2005,2005,2010,0,positive_low,positive_moderate,438,2571,0.17036172695449242
single_biome_sensitivity,Cerrado,nat_tmp_endpoint_ha,primary,2000,2005,2005,2010,0,positive_low,zero,522,2571,0.20303383897316218
single_biome_sensitivity,Cerrado,nat_tmp_endpoint_ha,primary,2000,2005,2005,2010,0,positive_moderate,positive_high,94,2400,0.039166666666666669
single_biome_sensitivity,Cerrado,nat_tmp_endpoint_ha,primary,2000,2005,2005,2010,0,positive_moderate,positive_low,835,2400,0.34791666666666665
single_biome_sensitivity,Cerrado,nat_tmp_endpoint_ha,primary,2000,2005,2005,2010,0,positive_moderate,positive_moderate,1308,2400,0.54500000000000004
single_biome_sensitivity,Cerrado,nat_tmp_endpoint_ha,primary,2000,2005,2005,2010,0,positive_moderate,zero,163,2400,0.067916666666666667
single_biome_sensitivity,Cerrado,nat_tmp_endpoint_ha,primary,2000,2005,2005,2010,0,zero,positive_high,21,4576,0.004589160839160839
single_biome_sensitivity,Cerrado,nat_tmp_endpoint_ha,primary,2000,2005,2005,2010,0,zero,positive_low,960,4576,0.20979020979020979
single_biome_sensitivity,Cerrado,nat_tmp_endpoint_ha,primary,2000,2005,2005,2010,0,zero,positive_moderate,221,4576,0.048295454545454544
single_biome_sensitivity,Cerrado,nat_tmp_endpoint_ha,primary,2000,2005,2005,2010,0,zero,zero,3374,4576,0.73732517482517479
single_biome_sensitivity,Cerrado,nat_tmp_endpoint_ha,primary,2005,2010,2010,2015,0,positive_high,positive_high,286,444,0.64414414414414412
single_biome_sensitivity,Cerrado,nat_tmp_endpoint_ha,primary,2005,2010,2010,2015,0,positive_high,positive_low,22,444,0.04954954954954955
single_biome_sensitivity,Cerrado,nat_tmp_endpoint_ha,primary,2005,2010,2010,2015,0,positive_high,positive_moderate,135,444,0.30405405405405406
single_biome_sensitivity,Cerrado,nat_tmp_endpoint_ha,primary,2005,2010,2010,2015,0,positive_high,zero,1,444,0.0022522522522522522
single_biome_sensitivity,Cerrado,nat_tmp_endpoint_ha,primary,2005,2010,2010,2015,0,positive_low,positive_high,78,3451,0.022602144305998263
single_biome_sensitivity,Cerrado,nat_tmp_endpoint_ha,primary,2005,2010,2010,2015,0,positive_low,positive_low,1947,3451,0.56418429440741813
single_biome_sensitivity,Cerrado,nat_tmp_endpoint_ha,primary,2005,2010,2010,2015,0,positive_low,positive_moderate,887,3451,0.25702694871051868
single_biome_sensitivity,Cerrado,nat_tmp_endpoint_ha,primary,2005,2010,2010,2015,0,positive_low,zero,539,3451,0.15618661257606492
single_biome_sensitivity,Cerrado,nat_tmp_endpoint_ha,primary,2005,2010,2010,2015,0,positive_moderate,positive_high,242,2431,0.099547511312217188
single_biome_sensitivity,Cerrado,nat_tmp_endpoint_ha,primary,2005,2010,2010,2015,0,positive_moderate,positive_low,590,2431,0.24269847799259564
single_biome_sensitivity,Cerrado,nat_tmp_endpoint_ha,primary,2005,2010,2010,2015,0,positive_moderate,positive_moderate,1489,2431,0.61250514191690664
single_biome_sensitivity,Cerrado,nat_tmp_endpoint_ha,primary,2005,2010,2010,2015,0,positive_moderate,zero,110,2431,0.045248868778280542
single_biome_sensitivity,Cerrado,nat_tmp_endpoint_ha,primary,2005,2010,2010,2015,0,zero,positive_high,36,4061,0.008864811622753016
single_biome_sensitivity,Cerrado,nat_tmp_endpoint_ha,primary,2005,2010,2010,2015,0,zero,positive_low,973,4061,0.23959615858163014
single_biome_sensitivity,Cerrado,nat_tmp_endpoint_ha,primary,2005,2010,2010,2015,0,zero,positive_moderate,302,4061,0.074365919724205864
single_biome_sensitivity,Cerrado,nat_tmp_endpoint_ha,primary,2005,2010,2010,2015,0,zero,zero,2750,4061,0.67717311007141101
single_biome_sensitivity,Cerrado,nat_tmp_endpoint_ha,primary,2010,2015,2015,2020,0,positive_high,positive_high,184,642,0.28660436137071649
single_biome_sensitivity,Cerrado,nat_tmp_endpoint_ha,primary,2010,2015,2015,2020,0,positive_high,positive_low,75,642,0.11682242990654206
single_biome_sensitivity,Cerrado,nat_tmp_endpoint_ha,primary,2010,2015,2015,2020,0,positive_high,positive_moderate,382,642,0.59501557632398749
single_biome_sensitivity,Cerrado,nat_tmp_endpoint_ha,primary,2010,2015,2015,2020,0,positive_high,zero,1,642,0.001557632398753894
single_biome_sensitivity,Cerrado,nat_tmp_endpoint_ha,primary,2010,2015,2015,2020,0,positive_low,positive_high,17,3532,0.0048131370328425823
single_biome_sensitivity,Cerrado,nat_tmp_endpoint_ha,primary,2010,2015,2015,2020,0,positive_low,positive_low,2299,3532,0.65090600226500561
single_biome_sensitivity,Cerrado,nat_tmp_endpoint_ha,primary,2010,2015,2015,2020,0,positive_low,positive_moderate,592,3532,0.16761041902604756
single_biome_sensitivity,Cerrado,nat_tmp_endpoint_ha,primary,2010,2015,2015,2020,0,positive_low,zero,624,3532,0.17667044167610418
single_biome_sensitivity,Cerrado,nat_tmp_endpoint_ha,primary,2010,2015,2015,2020,0,positive_moderate,positive_high,94,2813,0.033416281549946678
single_biome_sensitivity,Cerrado,nat_tmp_endpoint_ha,primary,2010,2015,2015,2020,0,positive_moderate,positive_low,877,2813,0.31176679701386423
single_biome_sensitivity,Cerrado,nat_tmp_endpoint_ha,primary,2010,2015,2015,2020,0,positive_moderate,positive_moderate,1742,2813,0.61926768574475644
single_biome_sensitivity,Cerrado,nat_tmp_endpoint_ha,primary,2010,2015,2015,2020,0,positive_moderate,zero,100,2813,0.035549235691432632
single_biome_sensitivity,Cerrado,nat_tmp_endpoint_ha,primary,2010,2015,2015,2020,0,zero,positive_high,15,3400,0.0044117647058823529
single_biome_sensitivity,Cerrado,nat_tmp_endpoint_ha,primary,2010,2015,2015,2020,0,zero,positive_low,706,3400,0.20764705882352941
single_biome_sensitivity,Cerrado,nat_tmp_endpoint_ha,primary,2010,2015,2015,2020,0,zero,positive_moderate,132,3400,0.038823529411764708
single_biome_sensitivity,Cerrado,nat_tmp_endpoint_ha,primary,2010,2015,2015,2020,0,zero,zero,2547,3400,0.74911764705882355
single_biome_sensitivity,Cerrado,nat_tmp_endpoint_ha,full_observed,1985,1990,1990,1995,0,positive_high,positive_high,396,784,0.50510204081632648
single_biome_sensitivity,Cerrado,nat_tmp_endpoint_ha,full_observed,1985,1990,1990,1995,0,positive_high,positive_low,41,784,0.052295918367346941
single_biome_sensitivity,Cerrado,nat_tmp_endpoint_ha,full_observed,1985,1990,1990,1995,0,positive_high,positive_moderate,344,784,0.43877551020408162
single_biome_sensitivity,Cerrado,nat_tmp_endpoint_ha,full_observed,1985,1990,1990,1995,0,positive_high,zero,3,784,0.0038265306122448979
single_biome_sensitivity,Cerrado,nat_tmp_endpoint_ha,full_observed,1985,1990,1990,1995,0,positive_low,positive_high,28,1511,0.018530774321641297
single_biome_sensitivity,Cerrado,nat_tmp_endpoint_ha,full_observed,1985,1990,1990,1995,0,positive_low,positive_low,675,1511,0.44672402382528126
single_biome_sensitivity,Cerrado,nat_tmp_endpoint_ha,full_observed,1985,1990,1990,1995,0,positive_low,positive_moderate,373,1511,0.24685638649900729
single_biome_sensitivity,Cerrado,nat_tmp_endpoint_ha,full_observed,1985,1990,1990,1995,0,positive_low,zero,435,1511,0.28788881535407013
single_biome_sensitivity,Cerrado,nat_tmp_endpoint_ha,full_observed,1985,1990,1990,1995,0,positive_moderate,positive_high,168,2209,0.076052512449071977
single_biome_sensitivity,Cerrado,nat_tmp_endpoint_ha,full_observed,1985,1990,1990,1995,0,positive_moderate,positive_low,636,2209,0.28791308284291534
single_biome_sensitivity,Cerrado,nat_tmp_endpoint_ha,full_observed,1985,1990,1990,1995,0,positive_moderate,positive_moderate,1230,2209,0.55681303757356271
single_biome_sensitivity,Cerrado,nat_tmp_endpoint_ha,full_observed,1985,1990,1990,1995,0,positive_moderate,zero,175,2209,0.07922136713444998
single_biome_sensitivity,Cerrado,nat_tmp_endpoint_ha,full_observed,1985,1990,1990,1995,0,zero,positive_high,54,5883,0.0091789903110657822
single_biome_sensitivity,Cerrado,nat_tmp_endpoint_ha,full_observed,1985,1990,1990,1995,0,zero,positive_low,649,5883,0.11031786503484617
single_biome_sensitivity,Cerrado,nat_tmp_endpoint_ha,full_observed,1985,1990,1990,1995,0,zero,positive_moderate,340,5883,0.05779364269930308
single_biome_sensitivity,Cerrado,nat_tmp_endpoint_ha,full_observed,1985,1990,1990,1995,0,zero,zero,4840,5883,0.82270950195478498
single_biome_sensitivity,Cerrado,nat_tmp_endpoint_ha,full_observed,1990,1995,1995,2000,0,positive_high,positive_high,352,646,0.54489164086687303
single_biome_sensitivity,Cerrado,nat_tmp_endpoint_ha,full_observed,1990,1995,1995,2000,0,positive_high,positive_low,32,646,0.049535603715170282
single_biome_sensitivity,Cerrado,nat_tmp_endpoint_ha,full_observed,1990,1995,1995,2000,0,positive_high,positive_moderate,256,646,0.39628482972136225
single_biome_sensitivity,Cerrado,nat_tmp_endpoint_ha,full_observed,1990,1995,1995,2000,0,positive_high,zero,6,646,0.0092879256965944269
single_biome_sensitivity,Cerrado,nat_tmp_endpoint_ha,full_observed,1990,1995,1995,2000,0,positive_low,positive_high,18,2001,0.0089955022488755615
single_biome_sensitivity,Cerrado,nat_tmp_endpoint_ha,full_observed,1990,1995,1995,2000,0,positive_low,positive_low,1074,2001,0.53673163418290859
single_biome_sensitivity,Cerrado,nat_tmp_endpoint_ha,full_observed,1990,1995,1995,2000,0,positive_low,positive_moderate,327,2001,0.16341829085457271
single_biome_sensitivity,Cerrado,nat_tmp_endpoint_ha,full_observed,1990,1995,1995,2000,0,positive_low,zero,582,2001,0.29085457271364318
single_biome_sensitivity,Cerrado,nat_tmp_endpoint_ha,full_observed,1990,1995,1995,2000,0,positive_moderate,positive_high,132,2287,0.057717533887188456
single_biome_sensitivity,Cerrado,nat_tmp_endpoint_ha,full_observed,1990,1995,1995,2000,0,positive_moderate,positive_low,811,2287,0.35461303017052909
single_biome_sensitivity,Cerrado,nat_tmp_endpoint_ha,full_observed,1990,1995,1995,2000,0,positive_moderate,positive_moderate,1111,2287,0.48578924355050285
single_biome_sensitivity,Cerrado,nat_tmp_endpoint_ha,full_observed,1990,1995,1995,2000,0,positive_moderate,zero,233,2287,0.10188019239177962
single_biome_sensitivity,Cerrado,nat_tmp_endpoint_ha,full_observed,1990,1995,1995,2000,0,zero,positive_high,53,5453,0.0097194205024757011
single_biome_sensitivity,Cerrado,nat_tmp_endpoint_ha,full_observed,1990,1995,1995,2000,0,zero,positive_low,928,5453,0.17018155143957456
single_biome_sensitivity,Cerrado,nat_tmp_endpoint_ha,full_observed,1990,1995,1995,2000,0,zero,positive_moderate,213,5453,0.039061067302402344
single_biome_sensitivity,Cerrado,nat_tmp_endpoint_ha,full_observed,1990,1995,1995,2000,0,zero,zero,4259,5453,0.78103796075554743
single_biome_sensitivity,Cerrado,nat_tmp_endpoint_ha,full_observed,1995,2000,2000,2005,0,positive_high,positive_high,400,555,0.72072072072072069
single_biome_sensitivity,Cerrado,nat_tmp_endpoint_ha,full_observed,1995,2000,2000,2005,0,positive_high,positive_low,24,555,0.043243243243243246
single_biome_sensitivity,Cerrado,nat_tmp_endpoint_ha,full_observed,1995,2000,2000,2005,0,positive_high,positive_moderate,131,555,0.23603603603603604
single_biome_sensitivity,Cerrado,nat_tmp_endpoint_ha,full_observed,1995,2000,2000,2005,0,positive_low,positive_high,81,2845,0.028471001757469243
single_biome_sensitivity,Cerrado,nat_tmp_endpoint_ha,full_observed,1995,2000,2000,2005,0,positive_low,positive_low,1269,2845,0.44604569420035151
single_biome_sensitivity,Cerrado,nat_tmp_endpoint_ha,full_observed,1995,2000,2000,2005,0,positive_low,positive_moderate,759,2845,0.26678383128295252
single_biome_sensitivity,Cerrado,nat_tmp_endpoint_ha,full_observed,1995,2000,2000,2005,0,positive_low,zero,736,2845,0.25869947275922672
single_biome_sensitivity,Cerrado,nat_tmp_endpoint_ha,full_observed,1995,2000,2000,2005,0,positive_moderate,positive_high,279,1907,0.14630309386470897
single_biome_sensitivity,Cerrado,nat_tmp_endpoint_ha,full_observed,1995,2000,2000,2005,0,positive_moderate,positive_low,413,1907,0.21657052962768747
single_biome_sensitivity,Cerrado,nat_tmp_endpoint_ha,full_observed,1995,2000,2000,2005,0,positive_moderate,positive_moderate,1078,1907,0.56528578919769268
single_biome_sensitivity,Cerrado,nat_tmp_endpoint_ha,full_observed,1995,2000,2000,2005,0,positive_moderate,zero,137,1907,0.071840587309910858
single_biome_sensitivity,Cerrado,nat_tmp_endpoint_ha,full_observed,1995,2000,2000,2005,0,zero,positive_high,80,5080,0.015748031496062992
single_biome_sensitivity,Cerrado,nat_tmp_endpoint_ha,full_observed,1995,2000,2000,2005,0,zero,positive_low,865,5080,0.17027559055118111
single_biome_sensitivity,Cerrado,nat_tmp_endpoint_ha,full_observed,1995,2000,2000,2005,0,zero,positive_moderate,432,5080,0.085039370078740156
single_biome_sensitivity,Cerrado,nat_tmp_endpoint_ha,full_observed,1995,2000,2000,2005,0,zero,zero,3703,5080,0.72893700787401572
single_biome_sensitivity,Cerrado,nat_tmp_endpoint_ha,full_observed,2000,2005,2005,2010,0,positive_high,positive_high,309,840,0.36785714285714288
single_biome_sensitivity,Cerrado,nat_tmp_endpoint_ha,full_observed,2000,2005,2005,2010,0,positive_high,positive_low,65,840,0.077380952380952384
single_biome_sensitivity,Cerrado,nat_tmp_endpoint_ha,full_observed,2000,2005,2005,2010,0,positive_high,positive_moderate,464,840,0.55238095238095242
single_biome_sensitivity,Cerrado,nat_tmp_endpoint_ha,full_observed,2000,2005,2005,2010,0,positive_high,zero,2,840,0.0023809523809523812
single_biome_sensitivity,Cerrado,nat_tmp_endpoint_ha,full_observed,2000,2005,2005,2010,0,positive_low,positive_high,20,2571,0.0077790742901594706
single_biome_sensitivity,Cerrado,nat_tmp_endpoint_ha,full_observed,2000,2005,2005,2010,0,positive_low,positive_low,1591,2571,0.61882535978218589
single_biome_sensitivity,Cerrado,nat_tmp_endpoint_ha,full_observed,2000,2005,2005,2010,0,positive_low,positive_moderate,438,2571,0.17036172695449242
single_biome_sensitivity,Cerrado,nat_tmp_endpoint_ha,full_observed,2000,2005,2005,2010,0,positive_low,zero,522,2571,0.20303383897316218
single_biome_sensitivity,Cerrado,nat_tmp_endpoint_ha,full_observed,2000,2005,2005,2010,0,positive_moderate,positive_high,94,2400,0.039166666666666669
single_biome_sensitivity,Cerrado,nat_tmp_endpoint_ha,full_observed,2000,2005,2005,2010,0,positive_moderate,positive_low,835,2400,0.34791666666666665
single_biome_sensitivity,Cerrado,nat_tmp_endpoint_ha,full_observed,2000,2005,2005,2010,0,positive_moderate,positive_moderate,1308,2400,0.54500000000000004
single_biome_sensitivity,Cerrado,nat_tmp_endpoint_ha,full_observed,2000,2005,2005,2010,0,positive_moderate,zero,163,2400,0.067916666666666667
single_biome_sensitivity,Cerrado,nat_tmp_endpoint_ha,full_observed,2000,2005,2005,2010,0,zero,positive_high,21,4576,0.004589160839160839
single_biome_sensitivity,Cerrado,nat_tmp_endpoint_ha,full_observed,2000,2005,2005,2010,0,zero,positive_low,960,4576,0.20979020979020979
single_biome_sensitivity,Cerrado,nat_tmp_endpoint_ha,full_observed,2000,2005,2005,2010,0,zero,positive_moderate,221,4576,0.048295454545454544
single_biome_sensitivity,Cerrado,nat_tmp_endpoint_ha,full_observed,2000,2005,2005,2010,0,zero,zero,3374,4576,0.73732517482517479
single_biome_sensitivity,Cerrado,nat_tmp_endpoint_ha,full_observed,2005,2010,2010,2015,0,positive_high,positive_high,286,444,0.64414414414414412
single_biome_sensitivity,Cerrado,nat_tmp_endpoint_ha,full_observed,2005,2010,2010,2015,0,positive_high,positive_low,22,444,0.04954954954954955
single_biome_sensitivity,Cerrado,nat_tmp_endpoint_ha,full_observed,2005,2010,2010,2015,0,positive_high,positive_moderate,135,444,0.30405405405405406
single_biome_sensitivity,Cerrado,nat_tmp_endpoint_ha,full_observed,2005,2010,2010,2015,0,positive_high,zero,1,444,0.0022522522522522522
single_biome_sensitivity,Cerrado,nat_tmp_endpoint_ha,full_observed,2005,2010,2010,2015,0,positive_low,positive_high,78,3451,0.022602144305998263
single_biome_sensitivity,Cerrado,nat_tmp_endpoint_ha,full_observed,2005,2010,2010,2015,0,positive_low,positive_low,1947,3451,0.56418429440741813
single_biome_sensitivity,Cerrado,nat_tmp_endpoint_ha,full_observed,2005,2010,2010,2015,0,positive_low,positive_moderate,887,3451,0.25702694871051868
single_biome_sensitivity,Cerrado,nat_tmp_endpoint_ha,full_observed,2005,2010,2010,2015,0,positive_low,zero,539,3451,0.15618661257606492
single_biome_sensitivity,Cerrado,nat_tmp_endpoint_ha,full_observed,2005,2010,2010,2015,0,positive_moderate,positive_high,242,2431,0.099547511312217188
single_biome_sensitivity,Cerrado,nat_tmp_endpoint_ha,full_observed,2005,2010,2010,2015,0,positive_moderate,positive_low,590,2431,0.24269847799259564
single_biome_sensitivity,Cerrado,nat_tmp_endpoint_ha,full_observed,2005,2010,2010,2015,0,positive_moderate,positive_moderate,1489,2431,0.61250514191690664
single_biome_sensitivity,Cerrado,nat_tmp_endpoint_ha,full_observed,2005,2010,2010,2015,0,positive_moderate,zero,110,2431,0.045248868778280542
single_biome_sensitivity,Cerrado,nat_tmp_endpoint_ha,full_observed,2005,2010,2010,2015,0,zero,positive_high,36,4061,0.008864811622753016
single_biome_sensitivity,Cerrado,nat_tmp_endpoint_ha,full_observed,2005,2010,2010,2015,0,zero,positive_low,973,4061,0.23959615858163014
single_biome_sensitivity,Cerrado,nat_tmp_endpoint_ha,full_observed,2005,2010,2010,2015,0,zero,positive_moderate,302,4061,0.074365919724205864
single_biome_sensitivity,Cerrado,nat_tmp_endpoint_ha,full_observed,2005,2010,2010,2015,0,zero,zero,2750,4061,0.67717311007141101
single_biome_sensitivity,Cerrado,nat_tmp_endpoint_ha,full_observed,2010,2015,2015,2020,0,positive_high,positive_high,184,642,0.28660436137071649
single_biome_sensitivity,Cerrado,nat_tmp_endpoint_ha,full_observed,2010,2015,2015,2020,0,positive_high,positive_low,75,642,0.11682242990654206
single_biome_sensitivity,Cerrado,nat_tmp_endpoint_ha,full_observed,2010,2015,2015,2020,0,positive_high,positive_moderate,382,642,0.59501557632398749
single_biome_sensitivity,Cerrado,nat_tmp_endpoint_ha,full_observed,2010,2015,2015,2020,0,positive_high,zero,1,642,0.001557632398753894
single_biome_sensitivity,Cerrado,nat_tmp_endpoint_ha,full_observed,2010,2015,2015,2020,0,positive_low,positive_high,17,3532,0.0048131370328425823
single_biome_sensitivity,Cerrado,nat_tmp_endpoint_ha,full_observed,2010,2015,2015,2020,0,positive_low,positive_low,2299,3532,0.65090600226500561
single_biome_sensitivity,Cerrado,nat_tmp_endpoint_ha,full_observed,2010,2015,2015,2020,0,positive_low,positive_moderate,592,3532,0.16761041902604756
single_biome_sensitivity,Cerrado,nat_tmp_endpoint_ha,full_observed,2010,2015,2015,2020,0,positive_low,zero,624,3532,0.17667044167610418
single_biome_sensitivity,Cerrado,nat_tmp_endpoint_ha,full_observed,2010,2015,2015,2020,0,positive_moderate,positive_high,94,2813,0.033416281549946678
single_biome_sensitivity,Cerrado,nat_tmp_endpoint_ha,full_observed,2010,2015,2015,2020,0,positive_moderate,positive_low,877,2813,0.31176679701386423
single_biome_sensitivity,Cerrado,nat_tmp_endpoint_ha,full_observed,2010,2015,2015,2020,0,positive_moderate,positive_moderate,1742,2813,0.61926768574475644
single_biome_sensitivity,Cerrado,nat_tmp_endpoint_ha,full_observed,2010,2015,2015,2020,0,positive_moderate,zero,100,2813,0.035549235691432632
single_biome_sensitivity,Cerrado,nat_tmp_endpoint_ha,full_observed,2010,2015,2015,2020,0,zero,positive_high,15,3400,0.0044117647058823529
single_biome_sensitivity,Cerrado,nat_tmp_endpoint_ha,full_observed,2010,2015,2015,2020,0,zero,positive_low,706,3400,0.20764705882352941
single_biome_sensitivity,Cerrado,nat_tmp_endpoint_ha,full_observed,2010,2015,2015,2020,0,zero,positive_moderate,132,3400,0.038823529411764708
single_biome_sensitivity,Cerrado,nat_tmp_endpoint_ha,full_observed,2010,2015,2015,2020,0,zero,zero,2547,3400,0.74911764705882355
single_biome_sensitivity,Cerrado,nat_tmp_endpoint_ha,full_observed,2015,2020,2020,2025,1,positive_high,positive_high,88,310,0.28387096774193549
single_biome_sensitivity,Cerrado,nat_tmp_endpoint_ha,full_observed,2015,2020,2020,2025,1,positive_high,positive_low,66,310,0.2129032258064516
single_biome_sensitivity,Cerrado,nat_tmp_endpoint_ha,full_observed,2015,2020,2020,2025,1,positive_high,positive_moderate,156,310,0.50322580645161286
single_biome_sensitivity,Cerrado,nat_tmp_endpoint_ha,full_observed,2015,2020,2020,2025,1,positive_low,positive_high,32,3957,0.0080869345463735146
single_biome_sensitivity,Cerrado,nat_tmp_endpoint_ha,full_observed,2015,2020,2020,2025,1,positive_low,positive_low,2776,3957,0.70154157189790245
single_biome_sensitivity,Cerrado,nat_tmp_endpoint_ha,full_observed,2015,2020,2020,2025,1,positive_low,positive_moderate,479,3957,0.12105130149102855
single_biome_sensitivity,Cerrado,nat_tmp_endpoint_ha,full_observed,2015,2020,2020,2025,1,positive_low,zero,670,3957,0.16932019206469548
single_biome_sensitivity,Cerrado,nat_tmp_endpoint_ha,full_observed,2015,2020,2020,2025,1,positive_moderate,positive_high,148,2848,0.051966292134831463
single_biome_sensitivity,Cerrado,nat_tmp_endpoint_ha,full_observed,2015,2020,2020,2025,1,positive_moderate,positive_low,1332,2848,0.46769662921348315
single_biome_sensitivity,Cerrado,nat_tmp_endpoint_ha,full_observed,2015,2020,2020,2025,1,positive_moderate,positive_moderate,1312,2848,0.4606741573033708
single_biome_sensitivity,Cerrado,nat_tmp_endpoint_ha,full_observed,2015,2020,2020,2025,1,positive_moderate,zero,56,2848,0.019662921348314606
single_biome_sensitivity,Cerrado,nat_tmp_endpoint_ha,full_observed,2015,2020,2020,2025,1,zero,positive_high,11,3272,0.0033618581907090463
single_biome_sensitivity,Cerrado,nat_tmp_endpoint_ha,full_observed,2015,2020,2020,2025,1,zero,positive_low,479,3272,0.14639364303178484
single_biome_sensitivity,Cerrado,nat_tmp_endpoint_ha,full_observed,2015,2020,2020,2025,1,zero,positive_moderate,144,3272,0.044009779951100246
single_biome_sensitivity,Cerrado,nat_tmp_endpoint_ha,full_observed,2015,2020,2020,2025,1,zero,zero,2638,3272,0.80623471882640585
single_biome_sensitivity,Cerrado,cr_balance_index,primary,1985,1990,1990,1995,0,consolidation_dominant,consolidation_dominant,407,472,0.86228813559322037
single_biome_sensitivity,Cerrado,cr_balance_index,primary,1985,1990,1990,1995,0,consolidation_dominant,inactive,3,472,0.0063559322033898309
single_biome_sensitivity,Cerrado,cr_balance_index,primary,1985,1990,1990,1995,0,consolidation_dominant,mixed,41,472,0.086864406779661021
single_biome_sensitivity,Cerrado,cr_balance_index,primary,1985,1990,1990,1995,0,consolidation_dominant,replenishment_dominant,21,472,0.044491525423728813
single_biome_sensitivity,Cerrado,cr_balance_index,primary,1985,1990,1990,1995,0,inactive,consolidation_dominant,2,798,0.0025062656641604009
single_biome_sensitivity,Cerrado,cr_balance_index,primary,1985,1990,1990,1995,0,inactive,inactive,531,798,0.66541353383458646
single_biome_sensitivity,Cerrado,cr_balance_index,primary,1985,1990,1990,1995,0,inactive,mixed,1,798,0.0012531328320802004
single_biome_sensitivity,Cerrado,cr_balance_index,primary,1985,1990,1990,1995,0,inactive,replenishment_dominant,264,798,0.33082706766917291
single_biome_sensitivity,Cerrado,cr_balance_index,primary,1985,1990,1990,1995,0,mixed,consolidation_dominant,229,514,0.4455252918287938
single_biome_sensitivity,Cerrado,cr_balance_index,primary,1985,1990,1990,1995,0,mixed,mixed,200,514,0.38910505836575876
single_biome_sensitivity,Cerrado,cr_balance_index,primary,1985,1990,1990,1995,0,mixed,replenishment_dominant,85,514,0.16536964980544747
single_biome_sensitivity,Cerrado,cr_balance_index,primary,1985,1990,1990,1995,0,replenishment_dominant,consolidation_dominant,228,8603,0.026502382889689643
single_biome_sensitivity,Cerrado,cr_balance_index,primary,1985,1990,1990,1995,0,replenishment_dominant,inactive,70,8603,0.0081366965012205049
single_biome_sensitivity,Cerrado,cr_balance_index,primary,1985,1990,1990,1995,0,replenishment_dominant,mixed,535,8603,0.062187608973613855
single_biome_sensitivity,Cerrado,cr_balance_index,primary,1985,1990,1990,1995,0,replenishment_dominant,replenishment_dominant,7770,8603,0.90317331163547598
single_biome_sensitivity,Cerrado,cr_balance_index,primary,1990,1995,1995,2000,0,consolidation_dominant,consolidation_dominant,700,866,0.80831408775981528
single_biome_sensitivity,Cerrado,cr_balance_index,primary,1990,1995,1995,2000,0,consolidation_dominant,inactive,4,866,0.0046189376443418013
single_biome_sensitivity,Cerrado,cr_balance_index,primary,1990,1995,1995,2000,0,consolidation_dominant,mixed,97,866,0.11200923787528869
single_biome_sensitivity,Cerrado,cr_balance_index,primary,1990,1995,1995,2000,0,consolidation_dominant,replenishment_dominant,65,866,0.075057736720554269
single_biome_sensitivity,Cerrado,cr_balance_index,primary,1990,1995,1995,2000,0,inactive,consolidation_dominant,4,604,0.0066225165562913907
single_biome_sensitivity,Cerrado,cr_balance_index,primary,1990,1995,1995,2000,0,inactive,inactive,425,604,0.70364238410596025
single_biome_sensitivity,Cerrado,cr_balance_index,primary,1990,1995,1995,2000,0,inactive,replenishment_dominant,175,604,0.28973509933774833
single_biome_sensitivity,Cerrado,cr_balance_index,primary,1990,1995,1995,2000,0,mixed,consolidation_dominant,263,777,0.33848133848133849
single_biome_sensitivity,Cerrado,cr_balance_index,primary,1990,1995,1995,2000,0,mixed,inactive,3,777,0.0038610038610038611
single_biome_sensitivity,Cerrado,cr_balance_index,primary,1990,1995,1995,2000,0,mixed,mixed,328,777,0.42213642213642216
single_biome_sensitivity,Cerrado,cr_balance_index,primary,1990,1995,1995,2000,0,mixed,replenishment_dominant,183,777,0.23552123552123552
single_biome_sensitivity,Cerrado,cr_balance_index,primary,1990,1995,1995,2000,0,replenishment_dominant,consolidation_dominant,222,8140,0.027272727272727271
single_biome_sensitivity,Cerrado,cr_balance_index,primary,1990,1995,1995,2000,0,replenishment_dominant,inactive,47,8140,0.0057739557739557744
single_biome_sensitivity,Cerrado,cr_balance_index,primary,1990,1995,1995,2000,0,replenishment_dominant,mixed,519,8140,0.063759213759213756
single_biome_sensitivity,Cerrado,cr_balance_index,primary,1990,1995,1995,2000,0,replenishment_dominant,replenishment_dominant,7352,8140,0.9031941031941032
single_biome_sensitivity,Cerrado,cr_balance_index,primary,1995,2000,2000,2005,0,consolidation_dominant,consolidation_dominant,1003,1189,0.84356602186711527
single_biome_sensitivity,Cerrado,cr_balance_index,primary,1995,2000,2000,2005,0,consolidation_dominant,inactive,12,1189,0.010092514718250631
single_biome_sensitivity,Cerrado,cr_balance_index,primary,1995,2000,2000,2005,0,consolidation_dominant,mixed,98,1189,0.082422203532380153
single_biome_sensitivity,Cerrado,cr_balance_index,primary,1995,2000,2000,2005,0,consolidation_dominant,replenishment_dominant,76,1189,0.063919259882253998
single_biome_sensitivity,Cerrado,cr_balance_index,primary,1995,2000,2000,2005,0,inactive,consolidation_dominant,1,479,0.0020876826722338203
single_biome_sensitivity,Cerrado,cr_balance_index,primary,1995,2000,2000,2005,0,inactive,inactive,313,479,0.6534446764091858
single_biome_sensitivity,Cerrado,cr_balance_index,primary,1995,2000,2000,2005,0,inactive,mixed,1,479,0.0020876826722338203
single_biome_sensitivity,Cerrado,cr_balance_index,primary,1995,2000,2000,2005,0,inactive,replenishment_dominant,164,479,0.34237995824634654
single_biome_sensitivity,Cerrado,cr_balance_index,primary,1995,2000,2000,2005,0,mixed,consolidation_dominant,485,944,0.51377118644067798
single_biome_sensitivity,Cerrado,cr_balance_index,primary,1995,2000,2000,2005,0,mixed,mixed,290,944,0.30720338983050849
single_biome_sensitivity,Cerrado,cr_balance_index,primary,1995,2000,2000,2005,0,mixed,replenishment_dominant,169,944,0.17902542372881355
single_biome_sensitivity,Cerrado,cr_balance_index,primary,1995,2000,2000,2005,0,replenishment_dominant,consolidation_dominant,318,7775,0.040900321543408363
single_biome_sensitivity,Cerrado,cr_balance_index,primary,1995,2000,2000,2005,0,replenishment_dominant,inactive,32,7775,0.004115755627009646
single_biome_sensitivity,Cerrado,cr_balance_index,primary,1995,2000,2000,2005,0,replenishment_dominant,mixed,627,7775,0.080643086816720264
single_biome_sensitivity,Cerrado,cr_balance_index,primary,1995,2000,2000,2005,0,replenishment_dominant,replenishment_dominant,6798,7775,0.87434083601286172
single_biome_sensitivity,Cerrado,cr_balance_index,primary,2000,2005,2005,2010,0,consolidation_dominant,consolidation_dominant,1443,1807,0.79856115107913672
single_biome_sensitivity,Cerrado,cr_balance_index,primary,2000,2005,2005,2010,0,consolidation_dominant,inactive,11,1807,0.0060874377421140007
single_biome_sensitivity,Cerrado,cr_balance_index,primary,2000,2005,2005,2010,0,consolidation_dominant,mixed,246,1807,0.13613724405091313
single_biome_sensitivity,Cerrado,cr_balance_index,primary,2000,2005,2005,2010,0,consolidation_dominant,replenishment_dominant,107,1807,0.059214167127836191
single_biome_sensitivity,Cerrado,cr_balance_index,primary,2000,2005,2005,2010,0,inactive,consolidation_dominant,2,357,0.0056022408963585435
single_biome_sensitivity,Cerrado,cr_balance_index,primary,2000,2005,2005,2010,0,inactive,inactive,254,357,0.71148459383753504
single_biome_sensitivity,Cerrado,cr_balance_index,primary,2000,2005,2005,2010,0,inactive,replenishment_dominant,101,357,0.28291316526610644
single_biome_sensitivity,Cerrado,cr_balance_index,primary,2000,2005,2005,2010,0,mixed,consolidation_dominant,344,1016,0.33858267716535434
single_biome_sensitivity,Cerrado,cr_balance_index,primary,2000,2005,2005,2010,0,mixed,mixed,412,1016,0.40551181102362205
single_biome_sensitivity,Cerrado,cr_balance_index,primary,2000,2005,2005,2010,0,mixed,replenishment_dominant,260,1016,0.25590551181102361
single_biome_sensitivity,Cerrado,cr_balance_index,primary,2000,2005,2005,2010,0,replenishment_dominant,consolidation_dominant,279,7207,0.038712362980435684
single_biome_sensitivity,Cerrado,cr_balance_index,primary,2000,2005,2005,2010,0,replenishment_dominant,inactive,57,7207,0.0079089773830997648
single_biome_sensitivity,Cerrado,cr_balance_index,primary,2000,2005,2005,2010,0,replenishment_dominant,mixed,568,7207,0.078812265852643268
single_biome_sensitivity,Cerrado,cr_balance_index,primary,2000,2005,2005,2010,0,replenishment_dominant,replenishment_dominant,6303,7207,0.87456639378382128
single_biome_sensitivity,Cerrado,cr_balance_index,primary,2005,2010,2010,2015,0,consolidation_dominant,consolidation_dominant,1746,2068,0.84429400386847198
single_biome_sensitivity,Cerrado,cr_balance_index,primary,2005,2010,2010,2015,0,consolidation_dominant,inactive,10,2068,0.0048355899419729211
single_biome_sensitivity,Cerrado,cr_balance_index,primary,2005,2010,2010,2015,0,consolidation_dominant,mixed,185,2068,0.089458413926499031
single_biome_sensitivity,Cerrado,cr_balance_index,primary,2005,2010,2010,2015,0,consolidation_dominant,replenishment_dominant,127,2068,0.061411992263056089
single_biome_sensitivity,Cerrado,cr_balance_index,primary,2005,2010,2010,2015,0,inactive,consolidation_dominant,1,322,0.003105590062111801
single_biome_sensitivity,Cerrado,cr_balance_index,primary,2005,2010,2010,2015,0,inactive,inactive,208,322,0.64596273291925466
single_biome_sensitivity,Cerrado,cr_balance_index,primary,2005,2010,2010,2015,0,inactive,replenishment_dominant,113,322,0.35093167701863354
single_biome_sensitivity,Cerrado,cr_balance_index,primary,2005,2010,2010,2015,0,mixed,consolidation_dominant,539,1226,0.43964110929853178
single_biome_sensitivity,Cerrado,cr_balance_index,primary,2005,2010,2010,2015,0,mixed,mixed,439,1226,0.35807504078303426
single_biome_sensitivity,Cerrado,cr_balance_index,primary,2005,2010,2010,2015,0,mixed,replenishment_dominant,248,1226,0.20228384991843393
single_biome_sensitivity,Cerrado,cr_balance_index,primary,2005,2010,2010,2015,0,replenishment_dominant,consolidation_dominant,348,6771,0.051395657953035002
single_biome_sensitivity,Cerrado,cr_balance_index,primary,2005,2010,2010,2015,0,replenishment_dominant,inactive,32,6771,0.0047260375129227587
single_biome_sensitivity,Cerrado,cr_balance_index,primary,2005,2010,2010,2015,0,replenishment_dominant,mixed,724,6771,0.10692659872987742
single_biome_sensitivity,Cerrado,cr_balance_index,primary,2005,2010,2010,2015,0,replenishment_dominant,replenishment_dominant,5667,6771,0.83695170580416478
single_biome_sensitivity,Cerrado,cr_balance_index,primary,2010,2015,2015,2020,0,consolidation_dominant,consolidation_dominant,1901,2634,0.72171602126044043
single_biome_sensitivity,Cerrado,cr_balance_index,primary,2010,2015,2015,2020,0,consolidation_dominant,inactive,10,2634,0.0037965072133637054
single_biome_sensitivity,Cerrado,cr_balance_index,primary,2010,2015,2015,2020,0,consolidation_dominant,mixed,543,2634,0.20615034168564919
single_biome_sensitivity,Cerrado,cr_balance_index,primary,2010,2015,2015,2020,0,consolidation_dominant,replenishment_dominant,180,2634,0.068337129840546698
single_biome_sensitivity,Cerrado,cr_balance_index,primary,2010,2015,2015,2020,0,inactive,consolidation_dominant,5,250,0.02
single_biome_sensitivity,Cerrado,cr_balance_index,primary,2010,2015,2015,2020,0,inactive,inactive,168,250,0.67200000000000004
single_biome_sensitivity,Cerrado,cr_balance_index,primary,2010,2015,2015,2020,0,inactive,replenishment_dominant,77,250,0.308
single_biome_sensitivity,Cerrado,cr_balance_index,primary,2010,2015,2015,2020,0,mixed,consolidation_dominant,322,1348,0.23887240356083086
single_biome_sensitivity,Cerrado,cr_balance_index,primary,2010,2015,2015,2020,0,mixed,mixed,625,1348,0.46364985163204747
single_biome_sensitivity,Cerrado,cr_balance_index,primary,2010,2015,2015,2020,0,mixed,replenishment_dominant,401,1348,0.29747774480712164
single_biome_sensitivity,Cerrado,cr_balance_index,primary,2010,2015,2015,2020,0,replenishment_dominant,consolidation_dominant,208,6155,0.033793663688058487
single_biome_sensitivity,Cerrado,cr_balance_index,primary,2010,2015,2015,2020,0,replenishment_dominant,inactive,32,6155,0.0051990251827782287
single_biome_sensitivity,Cerrado,cr_balance_index,primary,2010,2015,2015,2020,0,replenishment_dominant,mixed,551,6155,0.089520714865962636
single_biome_sensitivity,Cerrado,cr_balance_index,primary,2010,2015,2015,2020,0,replenishment_dominant,replenishment_dominant,5364,6155,0.87148659626320069
single_biome_sensitivity,Cerrado,cr_balance_index,full_observed,1985,1990,1990,1995,0,consolidation_dominant,consolidation_dominant,407,472,0.86228813559322037
single_biome_sensitivity,Cerrado,cr_balance_index,full_observed,1985,1990,1990,1995,0,consolidation_dominant,inactive,3,472,0.0063559322033898309
single_biome_sensitivity,Cerrado,cr_balance_index,full_observed,1985,1990,1990,1995,0,consolidation_dominant,mixed,41,472,0.086864406779661021
single_biome_sensitivity,Cerrado,cr_balance_index,full_observed,1985,1990,1990,1995,0,consolidation_dominant,replenishment_dominant,21,472,0.044491525423728813
single_biome_sensitivity,Cerrado,cr_balance_index,full_observed,1985,1990,1990,1995,0,inactive,consolidation_dominant,2,798,0.0025062656641604009
single_biome_sensitivity,Cerrado,cr_balance_index,full_observed,1985,1990,1990,1995,0,inactive,inactive,531,798,0.66541353383458646
single_biome_sensitivity,Cerrado,cr_balance_index,full_observed,1985,1990,1990,1995,0,inactive,mixed,1,798,0.0012531328320802004
single_biome_sensitivity,Cerrado,cr_balance_index,full_observed,1985,1990,1990,1995,0,inactive,replenishment_dominant,264,798,0.33082706766917291
single_biome_sensitivity,Cerrado,cr_balance_index,full_observed,1985,1990,1990,1995,0,mixed,consolidation_dominant,229,514,0.4455252918287938
single_biome_sensitivity,Cerrado,cr_balance_index,full_observed,1985,1990,1990,1995,0,mixed,mixed,200,514,0.38910505836575876
single_biome_sensitivity,Cerrado,cr_balance_index,full_observed,1985,1990,1990,1995,0,mixed,replenishment_dominant,85,514,0.16536964980544747
single_biome_sensitivity,Cerrado,cr_balance_index,full_observed,1985,1990,1990,1995,0,replenishment_dominant,consolidation_dominant,228,8603,0.026502382889689643
single_biome_sensitivity,Cerrado,cr_balance_index,full_observed,1985,1990,1990,1995,0,replenishment_dominant,inactive,70,8603,0.0081366965012205049
single_biome_sensitivity,Cerrado,cr_balance_index,full_observed,1985,1990,1990,1995,0,replenishment_dominant,mixed,535,8603,0.062187608973613855
single_biome_sensitivity,Cerrado,cr_balance_index,full_observed,1985,1990,1990,1995,0,replenishment_dominant,replenishment_dominant,7770,8603,0.90317331163547598
single_biome_sensitivity,Cerrado,cr_balance_index,full_observed,1990,1995,1995,2000,0,consolidation_dominant,consolidation_dominant,700,866,0.80831408775981528
single_biome_sensitivity,Cerrado,cr_balance_index,full_observed,1990,1995,1995,2000,0,consolidation_dominant,inactive,4,866,0.0046189376443418013
single_biome_sensitivity,Cerrado,cr_balance_index,full_observed,1990,1995,1995,2000,0,consolidation_dominant,mixed,97,866,0.11200923787528869
single_biome_sensitivity,Cerrado,cr_balance_index,full_observed,1990,1995,1995,2000,0,consolidation_dominant,replenishment_dominant,65,866,0.075057736720554269
single_biome_sensitivity,Cerrado,cr_balance_index,full_observed,1990,1995,1995,2000,0,inactive,consolidation_dominant,4,604,0.0066225165562913907
single_biome_sensitivity,Cerrado,cr_balance_index,full_observed,1990,1995,1995,2000,0,inactive,inactive,425,604,0.70364238410596025
single_biome_sensitivity,Cerrado,cr_balance_index,full_observed,1990,1995,1995,2000,0,inactive,replenishment_dominant,175,604,0.28973509933774833
single_biome_sensitivity,Cerrado,cr_balance_index,full_observed,1990,1995,1995,2000,0,mixed,consolidation_dominant,263,777,0.33848133848133849
single_biome_sensitivity,Cerrado,cr_balance_index,full_observed,1990,1995,1995,2000,0,mixed,inactive,3,777,0.0038610038610038611
single_biome_sensitivity,Cerrado,cr_balance_index,full_observed,1990,1995,1995,2000,0,mixed,mixed,328,777,0.42213642213642216
single_biome_sensitivity,Cerrado,cr_balance_index,full_observed,1990,1995,1995,2000,0,mixed,replenishment_dominant,183,777,0.23552123552123552
single_biome_sensitivity,Cerrado,cr_balance_index,full_observed,1990,1995,1995,2000,0,replenishment_dominant,consolidation_dominant,222,8140,0.027272727272727271
single_biome_sensitivity,Cerrado,cr_balance_index,full_observed,1990,1995,1995,2000,0,replenishment_dominant,inactive,47,8140,0.0057739557739557744
single_biome_sensitivity,Cerrado,cr_balance_index,full_observed,1990,1995,1995,2000,0,replenishment_dominant,mixed,519,8140,0.063759213759213756
single_biome_sensitivity,Cerrado,cr_balance_index,full_observed,1990,1995,1995,2000,0,replenishment_dominant,replenishment_dominant,7352,8140,0.9031941031941032
single_biome_sensitivity,Cerrado,cr_balance_index,full_observed,1995,2000,2000,2005,0,consolidation_dominant,consolidation_dominant,1003,1189,0.84356602186711527
single_biome_sensitivity,Cerrado,cr_balance_index,full_observed,1995,2000,2000,2005,0,consolidation_dominant,inactive,12,1189,0.010092514718250631
single_biome_sensitivity,Cerrado,cr_balance_index,full_observed,1995,2000,2000,2005,0,consolidation_dominant,mixed,98,1189,0.082422203532380153
single_biome_sensitivity,Cerrado,cr_balance_index,full_observed,1995,2000,2000,2005,0,consolidation_dominant,replenishment_dominant,76,1189,0.063919259882253998
single_biome_sensitivity,Cerrado,cr_balance_index,full_observed,1995,2000,2000,2005,0,inactive,consolidation_dominant,1,479,0.0020876826722338203
single_biome_sensitivity,Cerrado,cr_balance_index,full_observed,1995,2000,2000,2005,0,inactive,inactive,313,479,0.6534446764091858
single_biome_sensitivity,Cerrado,cr_balance_index,full_observed,1995,2000,2000,2005,0,inactive,mixed,1,479,0.0020876826722338203
single_biome_sensitivity,Cerrado,cr_balance_index,full_observed,1995,2000,2000,2005,0,inactive,replenishment_dominant,164,479,0.34237995824634654
single_biome_sensitivity,Cerrado,cr_balance_index,full_observed,1995,2000,2000,2005,0,mixed,consolidation_dominant,485,944,0.51377118644067798
single_biome_sensitivity,Cerrado,cr_balance_index,full_observed,1995,2000,2000,2005,0,mixed,mixed,290,944,0.30720338983050849
single_biome_sensitivity,Cerrado,cr_balance_index,full_observed,1995,2000,2000,2005,0,mixed,replenishment_dominant,169,944,0.17902542372881355
single_biome_sensitivity,Cerrado,cr_balance_index,full_observed,1995,2000,2000,2005,0,replenishment_dominant,consolidation_dominant,318,7775,0.040900321543408363
single_biome_sensitivity,Cerrado,cr_balance_index,full_observed,1995,2000,2000,2005,0,replenishment_dominant,inactive,32,7775,0.004115755627009646
single_biome_sensitivity,Cerrado,cr_balance_index,full_observed,1995,2000,2000,2005,0,replenishment_dominant,mixed,627,7775,0.080643086816720264
single_biome_sensitivity,Cerrado,cr_balance_index,full_observed,1995,2000,2000,2005,0,replenishment_dominant,replenishment_dominant,6798,7775,0.87434083601286172
single_biome_sensitivity,Cerrado,cr_balance_index,full_observed,2000,2005,2005,2010,0,consolidation_dominant,consolidation_dominant,1443,1807,0.79856115107913672
single_biome_sensitivity,Cerrado,cr_balance_index,full_observed,2000,2005,2005,2010,0,consolidation_dominant,inactive,11,1807,0.0060874377421140007
single_biome_sensitivity,Cerrado,cr_balance_index,full_observed,2000,2005,2005,2010,0,consolidation_dominant,mixed,246,1807,0.13613724405091313
single_biome_sensitivity,Cerrado,cr_balance_index,full_observed,2000,2005,2005,2010,0,consolidation_dominant,replenishment_dominant,107,1807,0.059214167127836191
single_biome_sensitivity,Cerrado,cr_balance_index,full_observed,2000,2005,2005,2010,0,inactive,consolidation_dominant,2,357,0.0056022408963585435
single_biome_sensitivity,Cerrado,cr_balance_index,full_observed,2000,2005,2005,2010,0,inactive,inactive,254,357,0.71148459383753504
single_biome_sensitivity,Cerrado,cr_balance_index,full_observed,2000,2005,2005,2010,0,inactive,replenishment_dominant,101,357,0.28291316526610644
single_biome_sensitivity,Cerrado,cr_balance_index,full_observed,2000,2005,2005,2010,0,mixed,consolidation_dominant,344,1016,0.33858267716535434
single_biome_sensitivity,Cerrado,cr_balance_index,full_observed,2000,2005,2005,2010,0,mixed,mixed,412,1016,0.40551181102362205
single_biome_sensitivity,Cerrado,cr_balance_index,full_observed,2000,2005,2005,2010,0,mixed,replenishment_dominant,260,1016,0.25590551181102361
single_biome_sensitivity,Cerrado,cr_balance_index,full_observed,2000,2005,2005,2010,0,replenishment_dominant,consolidation_dominant,279,7207,0.038712362980435684
single_biome_sensitivity,Cerrado,cr_balance_index,full_observed,2000,2005,2005,2010,0,replenishment_dominant,inactive,57,7207,0.0079089773830997648
single_biome_sensitivity,Cerrado,cr_balance_index,full_observed,2000,2005,2005,2010,0,replenishment_dominant,mixed,568,7207,0.078812265852643268
single_biome_sensitivity,Cerrado,cr_balance_index,full_observed,2000,2005,2005,2010,0,replenishment_dominant,replenishment_dominant,6303,7207,0.87456639378382128
single_biome_sensitivity,Cerrado,cr_balance_index,full_observed,2005,2010,2010,2015,0,consolidation_dominant,consolidation_dominant,1746,2068,0.84429400386847198
single_biome_sensitivity,Cerrado,cr_balance_index,full_observed,2005,2010,2010,2015,0,consolidation_dominant,inactive,10,2068,0.0048355899419729211
single_biome_sensitivity,Cerrado,cr_balance_index,full_observed,2005,2010,2010,2015,0,consolidation_dominant,mixed,185,2068,0.089458413926499031
single_biome_sensitivity,Cerrado,cr_balance_index,full_observed,2005,2010,2010,2015,0,consolidation_dominant,replenishment_dominant,127,2068,0.061411992263056089
single_biome_sensitivity,Cerrado,cr_balance_index,full_observed,2005,2010,2010,2015,0,inactive,consolidation_dominant,1,322,0.003105590062111801
single_biome_sensitivity,Cerrado,cr_balance_index,full_observed,2005,2010,2010,2015,0,inactive,inactive,208,322,0.64596273291925466
single_biome_sensitivity,Cerrado,cr_balance_index,full_observed,2005,2010,2010,2015,0,inactive,replenishment_dominant,113,322,0.35093167701863354
single_biome_sensitivity,Cerrado,cr_balance_index,full_observed,2005,2010,2010,2015,0,mixed,consolidation_dominant,539,1226,0.43964110929853178
single_biome_sensitivity,Cerrado,cr_balance_index,full_observed,2005,2010,2010,2015,0,mixed,mixed,439,1226,0.35807504078303426
single_biome_sensitivity,Cerrado,cr_balance_index,full_observed,2005,2010,2010,2015,0,mixed,replenishment_dominant,248,1226,0.20228384991843393
single_biome_sensitivity,Cerrado,cr_balance_index,full_observed,2005,2010,2010,2015,0,replenishment_dominant,consolidation_dominant,348,6771,0.051395657953035002
single_biome_sensitivity,Cerrado,cr_balance_index,full_observed,2005,2010,2010,2015,0,replenishment_dominant,inactive,32,6771,0.0047260375129227587
single_biome_sensitivity,Cerrado,cr_balance_index,full_observed,2005,2010,2010,2015,0,replenishment_dominant,mixed,724,6771,0.10692659872987742
single_biome_sensitivity,Cerrado,cr_balance_index,full_observed,2005,2010,2010,2015,0,replenishment_dominant,replenishment_dominant,5667,6771,0.83695170580416478
single_biome_sensitivity,Cerrado,cr_balance_index,full_observed,2010,2015,2015,2020,0,consolidation_dominant,consolidation_dominant,1901,2634,0.72171602126044043
single_biome_sensitivity,Cerrado,cr_balance_index,full_observed,2010,2015,2015,2020,0,consolidation_dominant,inactive,10,2634,0.0037965072133637054
single_biome_sensitivity,Cerrado,cr_balance_index,full_observed,2010,2015,2015,2020,0,consolidation_dominant,mixed,543,2634,0.20615034168564919
single_biome_sensitivity,Cerrado,cr_balance_index,full_observed,2010,2015,2015,2020,0,consolidation_dominant,replenishment_dominant,180,2634,0.068337129840546698
single_biome_sensitivity,Cerrado,cr_balance_index,full_observed,2010,2015,2015,2020,0,inactive,consolidation_dominant,5,250,0.02
single_biome_sensitivity,Cerrado,cr_balance_index,full_observed,2010,2015,2015,2020,0,inactive,inactive,168,250,0.67200000000000004
single_biome_sensitivity,Cerrado,cr_balance_index,full_observed,2010,2015,2015,2020,0,inactive,replenishment_dominant,77,250,0.308
single_biome_sensitivity,Cerrado,cr_balance_index,full_observed,2010,2015,2015,2020,0,mixed,consolidation_dominant,322,1348,0.23887240356083086
single_biome_sensitivity,Cerrado,cr_balance_index,full_observed,2010,2015,2015,2020,0,mixed,mixed,625,1348,0.46364985163204747
single_biome_sensitivity,Cerrado,cr_balance_index,full_observed,2010,2015,2015,2020,0,mixed,replenishment_dominant,401,1348,0.29747774480712164
single_biome_sensitivity,Cerrado,cr_balance_index,full_observed,2010,2015,2015,2020,0,replenishment_dominant,consolidation_dominant,208,6155,0.033793663688058487
single_biome_sensitivity,Cerrado,cr_balance_index,full_observed,2010,2015,2015,2020,0,replenishment_dominant,inactive,32,6155,0.0051990251827782287
single_biome_sensitivity,Cerrado,cr_balance_index,full_observed,2010,2015,2015,2020,0,replenishment_dominant,mixed,551,6155,0.089520714865962636
single_biome_sensitivity,Cerrado,cr_balance_index,full_observed,2010,2015,2015,2020,0,replenishment_dominant,replenishment_dominant,5364,6155,0.87148659626320069
single_biome_sensitivity,Cerrado,cr_balance_index,full_observed,2015,2020,2020,2025,1,consolidation_dominant,consolidation_dominant,1117,2436,0.4585385878489327
single_biome_sensitivity,Cerrado,cr_balance_index,full_observed,2015,2020,2020,2025,1,consolidation_dominant,inactive,3,2436,0.0012315270935960591
single_biome_sensitivity,Cerrado,cr_balance_index,full_observed,2015,2020,2020,2025,1,consolidation_dominant,mixed,681,2436,0.27955665024630544
single_biome_sensitivity,Cerrado,cr_balance_index,full_observed,2015,2020,2020,2025,1,consolidation_dominant,replenishment_dominant,635,2436,0.26067323481116583
single_biome_sensitivity,Cerrado,cr_balance_index,full_observed,2015,2020,2020,2025,1,inactive,consolidation_dominant,3,210,0.014285714285714285
single_biome_sensitivity,Cerrado,cr_balance_index,full_observed,2015,2020,2020,2025,1,inactive,inactive,108,210,0.51428571428571423
single_biome_sensitivity,Cerrado,cr_balance_index,full_observed,2015,2020,2020,2025,1,inactive,replenishment_dominant,99,210,0.47142857142857142
single_biome_sensitivity,Cerrado,cr_balance_index,full_observed,2015,2020,2020,2025,1,mixed,consolidation_dominant,199,1719,0.11576497963932519
single_biome_sensitivity,Cerrado,cr_balance_index,full_observed,2015,2020,2020,2025,1,mixed,mixed,364,1719,0.21175101803374055
single_biome_sensitivity,Cerrado,cr_balance_index,full_observed,2015,2020,2020,2025,1,mixed,replenishment_dominant,1156,1719,0.67248400232693428
single_biome_sensitivity,Cerrado,cr_balance_index,full_observed,2015,2020,2020,2025,1,replenishment_dominant,consolidation_dominant,139,6022,0.023082032547326471
single_biome_sensitivity,Cerrado,cr_balance_index,full_observed,2015,2020,2020,2025,1,replenishment_dominant,inactive,12,6022,0.0019926934573231483
single_biome_sensitivity,Cerrado,cr_balance_index,full_observed,2015,2020,2020,2025,1,replenishment_dominant,mixed,254,6022,0.042178678180006646
single_biome_sensitivity,Cerrado,cr_balance_index,full_observed,2015,2020,2020,2025,1,replenishment_dominant,replenishment_dominant,5617,6022,0.93274659581534369
