boundary_scope,primary_biome,metric,t0,t1,diagnostic_interval,lisa_class,cells,biome_cells,supported_cells,class_share_of_biome_cells,class_share_of_supported_cells,metric_value_sum
primary_assignment,Amazon,consolidation_ha,1985,1990,0,HH,0,14213,14213,0,0,0
primary_assignment,Amazon,consolidation_ha,1985,1990,0,LL,0,14213,14213,0,0,0
primary_assignment,Amazon,consolidation_ha,1985,1990,0,HL,0,14213,14213,0,0,0
primary_assignment,Amazon,consolidation_ha,1985,1990,0,LH,0,14213,14213,0,0,0
primary_assignment,Amazon,consolidation_ha,1985,1990,0,not_significant,14213,14213,14213,1,1,23258.480222945909
primary_assignment,Amazon,consolidation_ha,1985,1990,0,island,0,14213,14213,0,0,0
primary_assignment,Amazon,consolidation_ha,1985,1990,0,not_applicable,0,14213,14213,0,,0
primary_assignment,Amazon,consolidation_ha,1990,1995,0,HH,8,14213,14213,0.00056286498276225986,0.00056286498276225986,6363.7790152971647
primary_assignment,Amazon,consolidation_ha,1990,1995,0,LL,10,14213,14213,0.00070358122845282491,0.00070358122845282491,47.68824215233326
primary_assignment,Amazon,consolidation_ha,1990,1995,0,HL,1,14213,14213,7.0358122845282483e-05,7.0358122845282483e-05,170.43086802959442
primary_assignment,Amazon,consolidation_ha,1990,1995,0,LH,0,14213,14213,0,0,0
primary_assignment,Amazon,consolidation_ha,1990,1995,0,not_significant,14194,14213,14213,0.99866319566593964,0.99866319566593964,61810.407151349304
primary_assignment,Amazon,consolidation_ha,1990,1995,0,island,0,14213,14213,0,0,0
primary_assignment,Amazon,consolidation_ha,1990,1995,0,not_applicable,0,14213,14213,0,,0
primary_assignment,Amazon,consolidation_ha,1995,2000,0,HH,19,14213,14213,0.0013368043340603673,0.0013368043340603673,20554.35715515304
primary_assignment,Amazon,consolidation_ha,1995,2000,0,LL,1,14213,14213,7.0358122845282483e-05,7.0358122845282483e-05,1.2405346855521202
primary_assignment,Amazon,consolidation_ha,1995,2000,0,HL,0,14213,14213,0,0,0
primary_assignment,Amazon,consolidation_ha,1995,2000,0,LH,0,14213,14213,0,0,0
primary_assignment,Amazon,consolidation_ha,1995,2000,0,not_significant,14193,14213,14213,0.99859283754309436,0.99859283754309436,118249.90249560872
primary_assignment,Amazon,consolidation_ha,1995,2000,0,island,0,14213,14213,0,0,0
primary_assignment,Amazon,consolidation_ha,1995,2000,0,not_applicable,0,14213,14213,0,,0
primary_assignment,Amazon,consolidation_ha,2000,2005,0,HH,131,14213,14213,0.0092169140927320058,0.0092169140927320058,227821.04386343466
primary_assignment,Amazon,consolidation_ha,2000,2005,0,LL,85,14213,14213,0.0059804404418490114,0.0059804404418490114,548.33671945333481
primary_assignment,Amazon,consolidation_ha,2000,2005,0,HL,0,14213,14213,0,0,0
primary_assignment,Amazon,consolidation_ha,2000,2005,0,LH,17,14213,14213,0.0011960880883698022,0.0011960880883698022,726.72802366313397
primary_assignment,Amazon,consolidation_ha,2000,2005,0,not_significant,13980,14213,14213,0.98360655737704916,0.98360655737704916,434226.2921834155
primary_assignment,Amazon,consolidation_ha,2000,2005,0,island,0,14213,14213,0,0,0
primary_assignment,Amazon,consolidation_ha,2000,2005,0,not_applicable,0,14213,14213,0,,0
primary_assignment,Amazon,consolidation_ha,2005,2010,0,HH,504,14213,14213,0.035460493914022374,0.035460493914022374,540984.90213090228
primary_assignment,Amazon,consolidation_ha,2005,2010,0,LL,8069,14213,14213,0.5677196932385844,0.5677196932385844,449.43890591710806
primary_assignment,Amazon,consolidation_ha,2005,2010,0,HL,0,14213,14213,0,0,0
primary_assignment,Amazon,consolidation_ha,2005,2010,0,LH,60,14213,14213,0.0042214873707169497,0.0042214873707169497,2631.7902128984238
primary_assignment,Amazon,consolidation_ha,2005,2010,0,not_significant,5580,14213,14213,0.39259832547667628,0.39259832547667628,253744.68995796205
primary_assignment,Amazon,consolidation_ha,2005,2010,0,island,0,14213,14213,0,0,0
primary_assignment,Amazon,consolidation_ha,2005,2010,0,not_applicable,0,14213,14213,0,,0
primary_assignment,Amazon,consolidation_ha,2010,2015,0,HH,350,14213,14213,0.02462534299584887,0.02462534299584887,824181.42886092048
primary_assignment,Amazon,consolidation_ha,2010,2015,0,LL,45,14213,14213,0.0031661155280377118,0.0031661155280377118,474.18090761452913
primary_assignment,Amazon,consolidation_ha,2010,2015,0,HL,1,14213,14213,7.0358122845282483e-05,7.0358122845282483e-05,407.41074474900961
primary_assignment,Amazon,consolidation_ha,2010,2015,0,LH,14,14213,14213,0.00098501371983395489,0.00098501371983395489,843.48354403776852
primary_assignment,Amazon,consolidation_ha,2010,2015,0,not_significant,13803,14213,14213,0.97115316963343423,0.97115316963343423,1057655.5803968175
primary_assignment,Amazon,consolidation_ha,2010,2015,0,island,0,14213,14213,0,0,0
primary_assignment,Amazon,consolidation_ha,2010,2015,0,not_applicable,0,14213,14213,0,,0
primary_assignment,Amazon,consolidation_ha,2015,2020,0,HH,166,14213,14213,0.011679448392316893,0.011679448392316893,306415.17714949953
primary_assignment,Amazon,consolidation_ha,2015,2020,0,LL,10,14213,14213,0.00070358122845282491,0.00070358122845282491,21.881526216864586
primary_assignment,Amazon,consolidation_ha,2015,2020,0,HL,0,14213,14213,0,0,0
primary_assignment,Amazon,consolidation_ha,2015,2020,0,LH,8,14213,14213,0.00056286498276225986,0.00056286498276225986,433.15876383118189
primary_assignment,Amazon,consolidation_ha,2015,2020,0,not_significant,14029,14213,14213,0.98705410539646798,0.98705410539646798,1220102.778448822
primary_assignment,Amazon,consolidation_ha,2015,2020,0,island,0,14213,14213,0,0,0
primary_assignment,Amazon,consolidation_ha,2015,2020,0,not_applicable,0,14213,14213,0,,0
primary_assignment,Amazon,consolidation_ha,2020,2025,1,HH,226,14213,14213,0.015900935763033842,0.015900935763033842,268482.83732008492
primary_assignment,Amazon,consolidation_ha,2020,2025,1,LL,3,14213,14213,0.00021107436853584746,0.00021107436853584746,19.789441213011742
primary_assignment,Amazon,consolidation_ha,2020,2025,1,HL,0,14213,14213,0,0,0
primary_assignment,Amazon,consolidation_ha,2020,2025,1,LH,7,14213,14213,0.00049250685991697745,0.00049250685991697745,175.10856017032091
primary_assignment,Amazon,consolidation_ha,2020,2025,1,not_significant,13977,14213,14213,0.98339548300851332,0.98339548300851332,734667.49453338224
primary_assignment,Amazon,consolidation_ha,2020,2025,1,island,0,14213,14213,0,0,0
primary_assignment,Amazon,consolidation_ha,2020,2025,1,not_applicable,0,14213,14213,0,,0
primary_assignment,Amazon,cr_balance_index,1985,1990,0,HH,40,14213,7774,0.0028143249138112996,0.0051453563159248776,-2.8110687304219524
primary_assignment,Amazon,cr_balance_index,1985,1990,0,LL,988,14213,7774,0.069513825371139093,0.12709030100334448,-987.86402356134965
primary_assignment,Amazon,cr_balance_index,1985,1990,0,HL,4,14213,7774,0.00028143249138112993,0.00051453563159248783,-0.79404232526703844
primary_assignment,Amazon,cr_balance_index,1985,1990,0,LH,16,14213,7774,0.0011257299655245197,0.0020581425263699513,-15.875323729112894
primary_assignment,Amazon,cr_balance_index,1985,1990,0,not_significant,6726,14213,7774,0.47322873425737,0.86519166452276819,-6630.5044960724208
primary_assignment,Amazon,cr_balance_index,1985,1990,0,island,0,14213,7774,0,0,0
primary_assignment,Amazon,cr_balance_index,1985,1990,0,not_applicable,6439,14213,7774,0.45303595300077393,,0
primary_assignment,Amazon,cr_balance_index,1990,1995,0,HH,36,14213,8658,0.0025328924224301695,0.0041580041580041582,3.1107905437362571
primary_assignment,Amazon,cr_balance_index,1990,1995,0,LL,5,14213,8658,0.00035179061422641245,0.00057750057750057752,-4.9132625754234907
primary_assignment,Amazon,cr_balance_index,1990,1995,0,HL,3,14213,8658,0.00021107436853584746,0.0003465003465003465,-1.8657667038717793
primary_assignment,Amazon,cr_balance_index,1990,1995,0,LH,14,14213,8658,0.00098501371983395489,0.001617001617001617,-13.252634770460043
primary_assignment,Amazon,cr_balance_index,1990,1995,0,not_significant,8600,14213,8658,0.60507985646942941,0.99330099330099331,-8408.868838067403
primary_assignment,Amazon,cr_balance_index,1990,1995,0,island,0,14213,8658,0,0,0
primary_assignment,Amazon,cr_balance_index,1990,1995,0,not_applicable,5555,14213,8658,0.39083937240554423,,0
primary_assignment,Amazon,cr_balance_index,1995,2000,0,HH,53,14213,9272,0.003728980510799972,0.0057161345987920623,3.9214589351346234
primary_assignment,Amazon,cr_balance_index,1995,2000,0,LL,20,14213,9272,0.0014071624569056498,0.0021570319240724763,-19.906383036372532
primary_assignment,Amazon,cr_balance_index,1995,2000,0,HL,5,14213,9272,0.00035179061422641245,0.00053925798101811908,-2.5632018948936666
primary_assignment,Amazon,cr_balance_index,1995,2000,0,LH,6,14213,9272,0.00042214873707169492,0.00064710957722174283,-5.7222550074954937
primary_assignment,Amazon,cr_balance_index,1995,2000,0,not_significant,9188,14213,9272,0.6464504327024555,0.99094046591889562,-8924.2380604716691
primary_assignment,Amazon,cr_balance_index,1995,2000,0,island,0,14213,9272,0,0,0
primary_assignment,Amazon,cr_balance_index,1995,2000,0,not_applicable,4941,14213,9272,0.34763948497854075,,0
primary_assignment,Amazon,cr_balance_index,2000,2005,0,HH,229,14213,10088,0.016112010131569689,0.022700237906423473,88.611105592806865
primary_assignment,Amazon,cr_balance_index,2000,2005,0,LL,55,14213,10088,0.003869696756490537,0.0054520222045995239,-54.463356520917756
primary_assignment,Amazon,cr_balance_index,2000,2005,0,HL,0,14213,10088,0,0,0
primary_assignment,Amazon,cr_balance_index,2000,2005,0,LH,24,14213,10088,0.0016885949482867797,0.0023790642347343376,-21.805638847959074
primary_assignment,Amazon,cr_balance_index,2000,2005,0,not_significant,9780,14213,10088,0.68810244142686272,0.96946867565424266,-9267.3032620656195
primary_assignment,Amazon,cr_balance_index,2000,2005,0,island,0,14213,10088,0,0,0
primary_assignment,Amazon,cr_balance_index,2000,2005,0,not_applicable,4125,14213,10088,0.29022725673679028,,0
primary_assignment,Amazon,cr_balance_index,2005,2010,0,HH,660,14213,10299,0.046436361077886443,0.064083891639965043,382.33455679101746
primary_assignment,Amazon,cr_balance_index,2005,2010,0,LL,17,14213,10299,0.0011960880883698022,0.0016506456937566754,-16.558545226902272
primary_assignment,Amazon,cr_balance_index,2005,2010,0,HL,5,14213,10299,0.00035179061422641245,0.00048548402757549278,1.403486648410921
primary_assignment,Amazon,cr_balance_index,2005,2010,0,LH,39,14213,10299,0.0027439667909660171,0.0037867754150888435,-33.420134257727639
primary_assignment,Amazon,cr_balance_index,2005,2010,0,not_significant,9578,14213,10299,0.67389010061211563,0.9299932032236139,-8874.6352315912081
primary_assignment,Amazon,cr_balance_index,2005,2010,0,island,0,14213,10299,0,0,0
primary_assignment,Amazon,cr_balance_index,2005,2010,0,not_applicable,3914,14213,10299,0.27538169281643565,,0
primary_assignment,Amazon,cr_balance_index,2010,2015,0,HH,1156,14213,10448,0.081333990009146553,0.11064318529862174,792.69224427403242
primary_assignment,Amazon,cr_balance_index,2010,2015,0,LL,3256,14213,10448,0.22908604798423979,0.31163859111791731,-3249.9267173050202
primary_assignment,Amazon,cr_balance_index,2010,2015,0,HL,9,14213,10448,0.00063322310560754238,0.00086140888208269522,1.6984411637385892
primary_assignment,Amazon,cr_balance_index,2010,2015,0,LH,60,14213,10448,0.0042214873707169497,0.0057427258805513018,-49.987843845106376
primary_assignment,Amazon,cr_balance_index,2010,2015,0,not_significant,5967,14213,10448,0.41982691901780061,0.57111408882082693,-4927.8617347289164
primary_assignment,Amazon,cr_balance_index,2010,2015,0,island,0,14213,10448,0,0,0
primary_assignment,Amazon,cr_balance_index,2010,2015,0,not_applicable,3765,14213,10448,0.26489833251248857,,0
primary_assignment,Amazon,cr_balance_index,2015,2020,0,HH,1192,14213,10754,0.083866882431576723,0.11084247721777943,732.44022300741653
primary_assignment,Amazon,cr_balance_index,2015,2020,0,LL,3591,14213,10754,0.25265601913740943,0.33392226148409893,-3579.5069102522702
primary_assignment,Amazon,cr_balance_index,2015,2020,0,HL,6,14213,10754,0.00042214873707169492,0.00055793193230425887,0.4274976665851547
primary_assignment,Amazon,cr_balance_index,2015,2020,0,LH,87,14213,10754,0.0061211566875395765,0.0080900130184117531,-69.5635641683822
primary_assignment,Amazon,cr_balance_index,2015,2020,0,not_significant,5878,14213,10754,0.41356504608457045,0.54658731634740565,-4602.2684106702291
primary_assignment,Amazon,cr_balance_index,2015,2020,0,island,0,14213,10754,0,0,0
primary_assignment,Amazon,cr_balance_index,2015,2020,0,not_applicable,3459,14213,10754,0.24336874692183214,,0
primary_assignment,Amazon,cr_balance_index,2020,2025,1,HH,1138,14213,11506,0.080067543797931476,0.09890491917260559,539.73605207605135
primary_assignment,Amazon,cr_balance_index,2020,2025,1,LL,3532,14213,11506,0.24850488988953776,0.30697027637754215,-3528.2169191821831
primary_assignment,Amazon,cr_balance_index,2020,2025,1,HL,8,14213,11506,0.00056286498276225986,0.00069528941421866856,0.6574510180042934
primary_assignment,Amazon,cr_balance_index,2020,2025,1,LH,102,14213,11506,0.0071765285302188139,0.0088649400312880242,-90.682766582666829
primary_assignment,Amazon,cr_balance_index,2020,2025,1,not_significant,6726,14213,11506,0.47322873425737,0.58456457500434555,-5792.2133102201497
primary_assignment,Amazon,cr_balance_index,2020,2025,1,island,0,14213,11506,0,0,0
primary_assignment,Amazon,cr_balance_index,2020,2025,1,not_applicable,2707,14213,11506,0.1904594385421797,,0
primary_assignment,Amazon,nat_tmp_endpoint_ha,1985,1990,0,HH,30,14213,14213,0.0021107436853584748,0.0021107436853584748,35733.915485765596
primary_assignment,Amazon,nat_tmp_endpoint_ha,1985,1990,0,LL,1645,14213,14213,0.11573911208048969,0.11573911208048969,104.34998160600662
primary_assignment,Amazon,nat_tmp_endpoint_ha,1985,1990,0,HL,0,14213,14213,0,0,0
primary_assignment,Amazon,nat_tmp_endpoint_ha,1985,1990,0,LH,2,14213,14213,0.00014071624569056497,0.00014071624569056497,37.853373709730079
primary_assignment,Amazon,nat_tmp_endpoint_ha,1985,1990,0,not_significant,12536,14213,14213,0.88200942798846127,0.88200942798846127,44962.992183074821
primary_assignment,Amazon,nat_tmp_endpoint_ha,1985,1990,0,island,0,14213,14213,0,0,0
primary_assignment,Amazon,nat_tmp_endpoint_ha,1985,1990,0,not_applicable,0,14213,14213,0,,0
primary_assignment,Amazon,nat_tmp_endpoint_ha,1990,1995,0,HH,57,14213,14213,0.0040104130021811017,0.0040104130021811017,58917.640195086984
primary_assignment,Amazon,nat_tmp_endpoint_ha,1990,1995,0,LL,1634,14213,14213,0.11496517272919159,0.11496517272919159,36.428344041518137
primary_assignment,Amazon,nat_tmp_endpoint_ha,1990,1995,0,HL,0,14213,14213,0,0,0
primary_assignment,Amazon,nat_tmp_endpoint_ha,1990,1995,0,LH,6,14213,14213,0.00042214873707169492,0.00042214873707169492,46.020655608060309
primary_assignment,Amazon,nat_tmp_endpoint_ha,1990,1995,0,not_significant,12516,14213,14213,0.88060226553155563,0.88060226553155563,66653.643523051898
primary_assignment,Amazon,nat_tmp_endpoint_ha,1990,1995,0,island,0,14213,14213,0,0,0
primary_assignment,Amazon,nat_tmp_endpoint_ha,1990,1995,0,not_applicable,0,14213,14213,0,,0
primary_assignment,Amazon,nat_tmp_endpoint_ha,1995,2000,0,HH,156,14213,14213,0.010975867163864068,0.010975867163864068,224547.40608075191
primary_assignment,Amazon,nat_tmp_endpoint_ha,1995,2000,0,LL,9773,14213,14213,0.68760993456694575,0.68760993456694575,600.0559626147151
primary_assignment,Amazon,nat_tmp_endpoint_ha,1995,2000,0,HL,4,14213,14213,0.00028143249138112993,0.00028143249138112993,222.39609833061695
primary_assignment,Amazon,nat_tmp_endpoint_ha,1995,2000,0,LH,27,14213,14213,0.0018996693168226273,0.0018996693168226273,283.17580449437975
primary_assignment,Amazon,nat_tmp_endpoint_ha,1995,2000,0,not_significant,4253,14213,14213,0.29923309646098645,0.29923309646098645,74672.361526390188
primary_assignment,Amazon,nat_tmp_endpoint_ha,1995,2000,0,island,0,14213,14213,0,0,0
primary_assignment,Amazon,nat_tmp_endpoint_ha,1995,2000,0,not_applicable,0,14213,14213,0,,0
primary_assignment,Amazon,nat_tmp_endpoint_ha,2000,2005,0,HH,182,14213,14213,0.012805178357841413,0.012805178357841413,494712.25599890057
primary_assignment,Amazon,nat_tmp_endpoint_ha,2000,2005,0,LL,47,14213,14213,0.0033068317737282769,0.0033068317737282769,161.230324216187
primary_assignment,Amazon,nat_tmp_endpoint_ha,2000,2005,0,HL,0,14213,14213,0,0,0
primary_assignment,Amazon,nat_tmp_endpoint_ha,2000,2005,0,LH,4,14213,14213,0.00028143249138112993,0.00028143249138112993,20.11933001107445
primary_assignment,Amazon,nat_tmp_endpoint_ha,2000,2005,0,not_significant,13980,14213,14213,0.98360655737704916,0.98360655737704916,396101.83300100011
primary_assignment,Amazon,nat_tmp_endpoint_ha,2000,2005,0,island,0,14213,14213,0,0,0
primary_assignment,Amazon,nat_tmp_endpoint_ha,2000,2005,0,not_applicable,0,14213,14213,0,,0
primary_assignment,Amazon,nat_tmp_endpoint_ha,2005,2010,0,HH,70,14213,14213,0.004925068599169774,0.004925068599169774,34505.778228368566
primary_assignment,Amazon,nat_tmp_endpoint_ha,2005,2010,0,LL,8293,14213,14213,0.5834799127559277,0.5834799127559277,404.01752036809921
primary_assignment,Amazon,nat_tmp_endpoint_ha,2005,2010,0,HL,1,14213,14213,7.0358122845282483e-05,7.0358122845282483e-05,39.411445192992687
primary_assignment,Amazon,nat_tmp_endpoint_ha,2005,2010,0,LH,10,14213,14213,0.00070358122845282491,0.00070358122845282491,154.65334362498683
primary_assignment,Amazon,nat_tmp_endpoint_ha,2005,2010,0,not_significant,5839,14213,14213,0.41082107929360445,0.41082107929360445,118759.23132054102
primary_assignment,Amazon,nat_tmp_endpoint_ha,2005,2010,0,island,0,14213,14213,0,0,0
primary_assignment,Amazon,nat_tmp_endpoint_ha,2005,2010,0,not_applicable,0,14213,14213,0,,0
primary_assignment,Amazon,nat_tmp_endpoint_ha,2010,2015,0,HH,0,14213,14213,0,0,0
primary_assignment,Amazon,nat_tmp_endpoint_ha,2010,2015,0,LL,61,14213,14213,0.0042918454935622317,0.0042918454935622317,199.71196790784597
primary_assignment,Amazon,nat_tmp_endpoint_ha,2010,2015,0,HL,3,14213,14213,0.00021107436853584746,0.00021107436853584746,252.11200413324084
primary_assignment,Amazon,nat_tmp_endpoint_ha,2010,2015,0,LH,0,14213,14213,0,0,0
primary_assignment,Amazon,nat_tmp_endpoint_ha,2010,2015,0,not_significant,14149,14213,14213,0.99549708013790195,0.99549708013790195,243046.71449318112
primary_assignment,Amazon,nat_tmp_endpoint_ha,2010,2015,0,island,0,14213,14213,0,0,0
primary_assignment,Amazon,nat_tmp_endpoint_ha,2010,2015,0,not_applicable,0,14213,14213,0,,0
primary_assignment,Amazon,nat_tmp_endpoint_ha,2015,2020,0,HH,34,14213,14213,0.0023921761767396045,0.0023921761767396045,25180.581802931491
primary_assignment,Amazon,nat_tmp_endpoint_ha,2015,2020,0,LL,125,14213,14213,0.0087947653556603115,0.0087947653556603115,373.35080888867378
primary_assignment,Amazon,nat_tmp_endpoint_ha,2015,2020,0,HL,3,14213,14213,0.00021107436853584746,0.00021107436853584746,204.83522818237543
primary_assignment,Amazon,nat_tmp_endpoint_ha,2015,2020,0,LH,1,14213,14213,7.0358122845282483e-05,7.0358122845282483e-05,21.00389580098437
primary_assignment,Amazon,nat_tmp_endpoint_ha,2015,2020,0,not_significant,14050,14213,14213,0.98853162597621891,0.98853162597621891,221807.41610413004
primary_assignment,Amazon,nat_tmp_endpoint_ha,2015,2020,0,island,0,14213,14213,0,0,0
primary_assignment,Amazon,nat_tmp_endpoint_ha,2015,2020,0,not_applicable,0,14213,14213,0,,0
primary_assignment,Amazon,nat_tmp_endpoint_ha,2020,2025,1,HH,137,14213,14213,0.0096390628298037,0.0096390628298037,61014.945817940614
primary_assignment,Amazon,nat_tmp_endpoint_ha,2020,2025,1,LL,7788,14213,14213,0.54794906071906002,0.54794906071906002,174.8312548995018
primary_assignment,Amazon,nat_tmp_endpoint_ha,2020,2025,1,HL,2,14213,14213,0.00014071624569056497,0.00014071624569056497,86.829048536717892
primary_assignment,Amazon,nat_tmp_endpoint_ha,2020,2025,1,LH,11,14213,14213,0.00077393935129810732,0.00077393935129810732,98.90425421957876
primary_assignment,Amazon,nat_tmp_endpoint_ha,2020,2025,1,not_significant,6275,14213,14213,0.44149722085414761,0.44149722085414761,133490.90376230772
primary_assignment,Amazon,nat_tmp_endpoint_ha,2020,2025,1,island,0,14213,14213,0,0,0
primary_assignment,Amazon,nat_tmp_endpoint_ha,2020,2025,1,not_applicable,0,14213,14213,0,,0
primary_assignment,Amazon,net_cr_balance_ha,1985,1990,0,HH,0,14213,14213,0,0,0
primary_assignment,Amazon,net_cr_balance_ha,1985,1990,0,LL,464,14213,14213,0.032646169000211077,0.032646169000211077,-1488129.0869869981
primary_assignment,Amazon,net_cr_balance_ha,1985,1990,0,HL,9,14213,14213,0.00063322310560754238,0.00063322310560754238,-4003.4799046841617
primary_assignment,Amazon,net_cr_balance_ha,1985,1990,0,LH,0,14213,14213,0,0,0
primary_assignment,Amazon,net_cr_balance_ha,1985,1990,0,not_significant,13740,14213,14213,0.96672060789418135,0.96672060789418135,-3520438.9484349177
primary_assignment,Amazon,net_cr_balance_ha,1985,1990,0,island,0,14213,14213,0,0,0
primary_assignment,Amazon,net_cr_balance_ha,1985,1990,0,not_applicable,0,14213,14213,0,,0
primary_assignment,Amazon,net_cr_balance_ha,1990,1995,0,HH,4,14213,14213,0.00028143249138112993,0.00028143249138112993,1021.4618096093923
primary_assignment,Amazon,net_cr_balance_ha,1990,1995,0,LL,1364,14213,14213,0.095968479560965311,0.095968479560965311,-4328999.8910401892
primary_assignment,Amazon,net_cr_balance_ha,1990,1995,0,HL,32,14213,14213,0.0022514599310490394,0.0022514599310490394,-11449.258860346763
primary_assignment,Amazon,net_cr_balance_ha,1990,1995,0,LH,1,14213,14213,7.0358122845282483e-05,7.0358122845282483e-05,-774.61025723619196
primary_assignment,Amazon,net_cr_balance_ha,1990,1995,0,not_significant,12812,14213,14213,0.90142826989375924,0.90142826989375924,-3533378.8983884836
primary_assignment,Amazon,net_cr_balance_ha,1990,1995,0,island,0,14213,14213,0,0,0
primary_assignment,Amazon,net_cr_balance_ha,1990,1995,0,not_applicable,0,14213,14213,0,,0
primary_assignment,Amazon,net_cr_balance_ha,1995,2000,0,HH,11,14213,14213,0.00077393935129810732,0.00077393935129810732,5333.8744287190784
primary_assignment,Amazon,net_cr_balance_ha,1995,2000,0,LL,1637,14213,14213,0.11517624709772743,0.11517624709772743,-4609072.0490465891
primary_assignment,Amazon,net_cr_balance_ha,1995,2000,0,HL,39,14213,14213,0.0027439667909660171,0.0027439667909660171,-11039.32149226312
primary_assignment,Amazon,net_cr_balance_ha,1995,2000,0,LH,1,14213,14213,7.0358122845282483e-05,7.0358122845282483e-05,-766.26431180127679
primary_assignment,Amazon,net_cr_balance_ha,1995,2000,0,not_significant,12525,14213,14213,0.88123548863716317,0.88123548863716317,-4201007.8805151628
primary_assignment,Amazon,net_cr_balance_ha,1995,2000,0,island,0,14213,14213,0,0,0
primary_assignment,Amazon,net_cr_balance_ha,1995,2000,0,not_applicable,0,14213,14213,0,,0
primary_assignment,Amazon,net_cr_balance_ha,2000,2005,0,HH,117,14213,14213,0.0082319003728980513,0.0082319003728980513,145034.12051524947
primary_assignment,Amazon,net_cr_balance_ha,2000,2005,0,LL,1587,14213,14213,0.11165834095546331,0.11165834095546331,-4896003.2536797635
primary_assignment,Amazon,net_cr_balance_ha,2000,2005,0,HL,45,14213,14213,0.0031661155280377118,0.0031661155280377118,-9051.0487625245933
primary_assignment,Amazon,net_cr_balance_ha,2000,2005,0,LH,15,14213,14213,0.0010553718426792374,0.0010553718426792374,-22288.628213252479
primary_assignment,Amazon,net_cr_balance_ha,2000,2005,0,not_significant,12449,14213,14213,0.87588827130092173,0.87588827130092173,-5137143.3881336749
primary_assignment,Amazon,net_cr_balance_ha,2000,2005,0,island,0,14213,14213,0,0,0
primary_assignment,Amazon,net_cr_balance_ha,2000,2005,0,not_applicable,0,14213,14213,0,,0
primary_assignment,Amazon,net_cr_balance_ha,2005,2010,0,HH,357,14213,14213,0.025117849855765848,0.025117849855765848,344020.20652556641
primary_assignment,Amazon,net_cr_balance_ha,2005,2010,0,LL,1177,14213,14213,0.082811510588897491,0.082811510588897491,-2468108.6209262991
primary_assignment,Amazon,net_cr_balance_ha,2005,2010,0,HL,29,14213,14213,0.0020403855625131923,0.0020403855625131923,-1167.5010007948563
primary_assignment,Amazon,net_cr_balance_ha,2005,2010,0,LH,10,14213,14213,0.00070358122845282491,0.00070358122845282491,-7119.7669810162752
primary_assignment,Amazon,net_cr_balance_ha,2005,2010,0,not_significant,12640,14213,14213,0.88932667276437061,0.88932667276437061,-2948706.430961892
primary_assignment,Amazon,net_cr_balance_ha,2005,2010,0,island,0,14213,14213,0,0,0
primary_assignment,Amazon,net_cr_balance_ha,2005,2010,0,not_applicable,0,14213,14213,0,,0
primary_assignment,Amazon,net_cr_balance_ha,2010,2015,0,HH,536,14213,14213,0.037711953845071415,0.037711953845071415,970749.37360692187
primary_assignment,Amazon,net_cr_balance_ha,2010,2015,0,LL,983,14213,14213,0.069162034756912683,0.069162034756912683,-1634494.5014743104
primary_assignment,Amazon,net_cr_balance_ha,2010,2015,0,HL,18,14213,14213,0.0012664462112150848,0.0012664462112150848,-575.16660957912018
primary_assignment,Amazon,net_cr_balance_ha,2010,2015,0,LH,18,14213,14213,0.0012664462112150848,0.0012664462112150848,-8221.4194718841536
primary_assignment,Amazon,net_cr_balance_ha,2010,2015,0,not_significant,12658,14213,14213,0.89059311897558568,0.89059311897558568,-1721289.8288678692
primary_assignment,Amazon,net_cr_balance_ha,2010,2015,0,island,0,14213,14213,0,0,0
primary_assignment,Amazon,net_cr_balance_ha,2010,2015,0,not_applicable,0,14213,14213,0,,0
primary_assignment,Amazon,net_cr_balance_ha,2015,2020,0,HH,441,14213,14213,0.031027932174769578,0.031027932174769578,528958.74011354288
primary_assignment,Amazon,net_cr_balance_ha,2015,2020,0,LL,846,14213,14213,0.059522971927108988,0.059522971927108988,-1731296.9167820376
primary_assignment,Amazon,net_cr_balance_ha,2015,2020,0,HL,33,14213,14213,0.002321818053894322,0.002321818053894322,-1088.6775664121787
primary_assignment,Amazon,net_cr_balance_ha,2015,2020,0,LH,22,14213,14213,0.0015478787025962146,0.0015478787025962146,-14449.75069666771
primary_assignment,Amazon,net_cr_balance_ha,2015,2020,0,not_significant,12871,14213,14213,0.90557939914163088,0.90557939914163088,-2397313.8098009191
primary_assignment,Amazon,net_cr_balance_ha,2015,2020,0,island,0,14213,14213,0,0,0
primary_assignment,Amazon,net_cr_balance_ha,2015,2020,0,not_applicable,0,14213,14213,0,,0
primary_assignment,Amazon,net_cr_balance_ha,2020,2025,1,HH,411,14213,14213,0.028917188489411102,0.028917188489411102,322075.49979517964
primary_assignment,Amazon,net_cr_balance_ha,2020,2025,1,LL,403,14213,14213,0.028354323506648842,0.028354323506648842,-933571.75279698172
primary_assignment,Amazon,net_cr_balance_ha,2020,2025,1,HL,25,14213,14213,0.0017589530711320622,0.0017589530711320622,-1994.439076188178
primary_assignment,Amazon,net_cr_balance_ha,2020,2025,1,LH,17,14213,14213,0.0011960880883698022,0.0011960880883698022,-10331.792940645299
primary_assignment,Amazon,net_cr_balance_ha,2020,2025,1,not_significant,13357,14213,14213,0.9397734468444382,0.9397734468444382,-3451116.2529277601
primary_assignment,Amazon,net_cr_balance_ha,2020,2025,1,island,0,14213,14213,0,0,0
primary_assignment,Amazon,net_cr_balance_ha,2020,2025,1,not_applicable,0,14213,14213,0,,0
primary_assignment,Amazon,replenishment_ha,1985,1990,0,HH,757,14213,14213,0.05326109899387884,0.05326109899387884,2081292.6193804315
primary_assignment,Amazon,replenishment_ha,1985,1990,0,LL,6470,14213,14213,0.45521705480897767,0.45521705480897767,33839.455375654761
primary_assignment,Amazon,replenishment_ha,1985,1990,0,HL,2,14213,14213,0.00014071624569056497,0.00014071624569056497,1864.2356304238533
primary_assignment,Amazon,replenishment_ha,1985,1990,0,LH,23,14213,14213,0.0016182368254414972,0.0016182368254414972,10062.115541962166
primary_assignment,Amazon,replenishment_ha,1985,1990,0,not_significant,6961,14213,14213,0.4897628931260114,0.4897628931260114,2908771.5696210731
primary_assignment,Amazon,replenishment_ha,1985,1990,0,island,0,14213,14213,0,0,0
primary_assignment,Amazon,replenishment_ha,1985,1990,0,not_applicable,0,14213,14213,0,,0
primary_assignment,Amazon,replenishment_ha,1990,1995,0,HH,1614,14213,14213,0.11355801027228593,0.11355801027228593,4873948.8145614062
primary_assignment,Amazon,replenishment_ha,1990,1995,0,LL,5229,14213,14213,0.36790262435798216,0.36790262435798216,40312.637903185074
primary_assignment,Amazon,replenishment_ha,1990,1995,0,HL,2,14213,14213,0.00014071624569056497,0.00014071624569056497,1699.3525745321722
primary_assignment,Amazon,replenishment_ha,1990,1995,0,LH,65,14213,14213,0.0045732779849433618,0.0045732779849433618,22545.906238050291
primary_assignment,Amazon,replenishment_ha,1990,1995,0,not_significant,7303,14213,14213,0.51382537113909799,0.51382537113909799,3003466.7907363009
primary_assignment,Amazon,replenishment_ha,1990,1995,0,island,0,14213,14213,0,0,0
primary_assignment,Amazon,replenishment_ha,1990,1995,0,not_applicable,0,14213,14213,0,,0
primary_assignment,Amazon,replenishment_ha,1995,2000,0,HH,2012,14213,14213,0.14156054316470837,0.14156054316470837,5374224.5129958782
primary_assignment,Amazon,replenishment_ha,1995,2000,0,LL,4431,14213,14213,0.31175684232744671,0.31175684232744671,31856.162812184321
primary_assignment,Amazon,replenishment_ha,1995,2000,0,HL,2,14213,14213,0.00014071624569056497,0.00014071624569056497,2257.0905567627328
primary_assignment,Amazon,replenishment_ha,1995,2000,0,LH,89,14213,14213,0.0062618729332301415,0.0062618729332301415,29251.535172795284
primary_assignment,Amazon,replenishment_ha,1995,2000,0,not_significant,7679,14213,14213,0.54028002532892427,0.54028002532892427,3517767.8395849233
primary_assignment,Amazon,replenishment_ha,1995,2000,0,island,0,14213,14213,0,0,0
primary_assignment,Amazon,replenishment_ha,1995,2000,0,not_applicable,0,14213,14213,0,,0
primary_assignment,Amazon,replenishment_ha,2000,2005,0,HH,2074,14213,14213,0.14592274678111589,0.14592274678111589,5997510.5529339146
primary_assignment,Amazon,replenishment_ha,2000,2005,0,LL,4116,14213,14213,0.28959403363118275,0.28959403363118275,47508.135478809359
primary_assignment,Amazon,replenishment_ha,2000,2005,0,HL,5,14213,14213,0.00035179061422641245,0.00035179061422641245,5011.8759838094902
primary_assignment,Amazon,replenishment_ha,2000,2005,0,LH,107,14213,14213,0.0075283191444452261,0.0075283191444452261,33077.850105899161
primary_assignment,Amazon,replenishment_ha,2000,2005,0,not_significant,7911,14213,14213,0.55660310982902972,0.55660310982902972,4499666.1845615003
primary_assignment,Amazon,replenishment_ha,2000,2005,0,island,0,14213,14213,0,0,0
primary_assignment,Amazon,replenishment_ha,2000,2005,0,not_applicable,0,14213,14213,0,,0
primary_assignment,Amazon,replenishment_ha,2005,2010,0,HH,1498,14213,14213,0.10539646802223317,0.10539646802223317,2941499.5028446144
primary_assignment,Amazon,replenishment_ha,2005,2010,0,LL,3311,14213,14213,0.23295574474073033,0.23295574474073033,22857.417404653748
primary_assignment,Amazon,replenishment_ha,2005,2010,0,HL,2,14213,14213,0.00014071624569056497,0.00014071624569056497,1855.9804547887516
primary_assignment,Amazon,replenishment_ha,2005,2010,0,LH,72,14213,14213,0.0050657848448603391,0.0050657848448603391,15985.994953523987
primary_assignment,Amazon,replenishment_ha,2005,2010,0,not_significant,9330,14213,14213,0.65644128614648556,0.65644128614648556,2896694.0388945346
primary_assignment,Amazon,replenishment_ha,2005,2010,0,island,0,14213,14213,0,0,0
primary_assignment,Amazon,replenishment_ha,2005,2010,0,not_applicable,0,14213,14213,0,,0
primary_assignment,Amazon,replenishment_ha,2010,2015,0,HH,1052,14213,14213,0.074016745233237174,0.074016745233237174,1761191.5658396352
primary_assignment,Amazon,replenishment_ha,2010,2015,0,LL,3342,14213,14213,0.23513684654893408,0.23513684654893408,21162.601438381243
primary_assignment,Amazon,replenishment_ha,2010,2015,0,HL,1,14213,14213,7.0358122845282483e-05,7.0358122845282483e-05,437.49506222848208
primary_assignment,Amazon,replenishment_ha,2010,2015,0,LH,59,14213,14213,0.0041511292478716667,0.0041511292478716667,10679.600426852761
primary_assignment,Amazon,replenishment_ha,2010,2015,0,not_significant,9759,14213,14213,0.6866249208471118,0.6866249208471118,2483922.3645037622
primary_assignment,Amazon,replenishment_ha,2010,2015,0,island,0,14213,14213,0,0,0
primary_assignment,Amazon,replenishment_ha,2010,2015,0,not_applicable,0,14213,14213,0,,0
primary_assignment,Amazon,replenishment_ha,2015,2020,0,HH,1068,14213,14213,0.075142475198761702,0.075142475198761702,2070103.5025333583
primary_assignment,Amazon,replenishment_ha,2015,2020,0,LL,3672,14213,14213,0.25835502708787728,0.25835502708787728,23277.434491322994
primary_assignment,Amazon,replenishment_ha,2015,2020,0,HL,3,14213,14213,0.00021107436853584746,0.00021107436853584746,2975.9786080379113
primary_assignment,Amazon,replenishment_ha,2015,2020,0,LH,75,14213,14213,0.0052768592133961862,0.0052768592133961862,11866.894519018864
primary_assignment,Amazon,replenishment_ha,2015,2020,0,not_significant,9395,14213,14213,0.66101456413142901,0.66101456413142901,3033939.6004691245
primary_assignment,Amazon,replenishment_ha,2015,2020,0,island,0,14213,14213,0,0,0
primary_assignment,Amazon,replenishment_ha,2015,2020,0,not_applicable,0,14213,14213,0,,0
primary_assignment,Amazon,replenishment_ha,2020,2025,1,HH,886,14213,14213,0.062337296840920285,0.062337296840920285,1637573.8942046794
primary_assignment,Amazon,replenishment_ha,2020,2025,1,LL,3541,14213,14213,0.24913811299514529,0.24913811299514529,38763.10783291886
primary_assignment,Amazon,replenishment_ha,2020,2025,1,HL,11,14213,14213,0.00077393935129810732,0.00077393935129810732,7154.0268930773818
primary_assignment,Amazon,replenishment_ha,2020,2025,1,LH,71,14213,14213,0.004995426722015057,0.004995426722015057,12689.831776717423
primary_assignment,Amazon,replenishment_ha,2020,2025,1,not_significant,9704,14213,14213,0.68275522409062128,0.68275522409062128,3382103.1070938529
primary_assignment,Amazon,replenishment_ha,2020,2025,1,island,0,14213,14213,0,0,0
primary_assignment,Amazon,replenishment_ha,2020,2025,1,not_applicable,0,14213,14213,0,,0
primary_assignment,Cerrado,consolidation_ha,1985,1990,0,HH,259,10676,10676,0.024260022480329713,0.024260022480329713,544291.75120081729
primary_assignment,Cerrado,consolidation_ha,1985,1990,0,LL,0,10676,10676,0,0,0
primary_assignment,Cerrado,consolidation_ha,1985,1990,0,HL,1,10676,10676,9.366804046459348e-05,9.366804046459348e-05,192.83323274552825
primary_assignment,Cerrado,consolidation_ha,1985,1990,0,LH,2,10676,10676,0.00018733608092918696,0.00018733608092918696,54.93298748167706
primary_assignment,Cerrado,consolidation_ha,1985,1990,0,not_significant,10414,10676,10676,0.97545897339827647,0.97545897339827647,882205.98175553605
primary_assignment,Cerrado,consolidation_ha,1985,1990,0,island,0,10676,10676,0,0,0
primary_assignment,Cerrado,consolidation_ha,1985,1990,0,not_applicable,0,10676,10676,0,,0
primary_assignment,Cerrado,consolidation_ha,1990,1995,0,HH,486,10676,10676,0.045522667665792431,0.045522667665792431,642446.30716788082
primary_assignment,Cerrado,consolidation_ha,1990,1995,0,LL,11,10676,10676,0.0010303484451105282,0.0010303484451105282,49.762841657330007
primary_assignment,Cerrado,consolidation_ha,1990,1995,0,HL,5,10676,10676,0.00046834020232296739,0.00046834020232296739,501.52279431372881
primary_assignment,Cerrado,consolidation_ha,1990,1995,0,LH,7,10676,10676,0.00065567628325215437,0.00065567628325215437,208.50797419986304
primary_assignment,Cerrado,consolidation_ha,1990,1995,0,not_significant,10167,10676,10676,0.95232296740352196,0.95232296740352196,927138.19947504823
primary_assignment,Cerrado,consolidation_ha,1990,1995,0,island,0,10676,10676,0,0,0
primary_assignment,Cerrado,consolidation_ha,1990,1995,0,not_applicable,0,10676,10676,0,,0
primary_assignment,Cerrado,consolidation_ha,1995,2000,0,HH,685,10676,10676,0.064162607718246528,0.064162607718246528,765863.77109685855
primary_assignment,Cerrado,consolidation_ha,1995,2000,0,LL,3,10676,10676,0.00028100412139378045,0.00028100412139378045,36.330257773399353
primary_assignment,Cerrado,consolidation_ha,1995,2000,0,HL,0,10676,10676,0,0,0
primary_assignment,Cerrado,consolidation_ha,1995,2000,0,LH,8,10676,10676,0.00074934432371674784,0.00074934432371674784,143.59206556052555
primary_assignment,Cerrado,consolidation_ha,1995,2000,0,not_significant,9980,10676,10676,0.93480704383664293,0.93480704383664293,904700.94123754872
primary_assignment,Cerrado,consolidation_ha,1995,2000,0,island,0,10676,10676,0,0,0
primary_assignment,Cerrado,consolidation_ha,1995,2000,0,not_applicable,0,10676,10676,0,,0
primary_assignment,Cerrado,consolidation_ha,2000,2005,0,HH,803,10676,10676,0.075215436493068569,0.075215436493068569,1345136.0779860925
primary_assignment,Cerrado,consolidation_ha,2000,2005,0,LL,69,10676,10676,0.0064630947920569504,0.0064630947920569504,892.41496914625168
primary_assignment,Cerrado,consolidation_ha,2000,2005,0,HL,2,10676,10676,0.00018733608092918696,0.00018733608092918696,585.58340335637331
primary_assignment,Cerrado,consolidation_ha,2000,2005,0,LH,11,10676,10676,0.0010303484451105282,0.0010303484451105282,1160.0668295958753
primary_assignment,Cerrado,consolidation_ha,2000,2005,0,not_significant,9791,10676,10676,0.91710378418883476,0.91710378418883476,1493184.083246429
primary_assignment,Cerrado,consolidation_ha,2000,2005,0,island,0,10676,10676,0,0,0
primary_assignment,Cerrado,consolidation_ha,2000,2005,0,not_applicable,0,10676,10676,0,,0
primary_assignment,Cerrado,consolidation_ha,2005,2010,0,HH,1204,10676,10676,0.11277632071937055,0.11277632071937055,1083883.1876093186
primary_assignment,Cerrado,consolidation_ha,2005,2010,0,LL,1085,10676,10676,0.10162982390408393,0.10162982390408393,426.26862868970517
primary_assignment,Cerrado,consolidation_ha,2005,2010,0,HL,1,10676,10676,9.366804046459348e-05,9.366804046459348e-05,128.55317825824022
primary_assignment,Cerrado,consolidation_ha,2005,2010,0,LH,75,10676,10676,0.0070251030348445114,0.0070251030348445114,3927.1035785634726
primary_assignment,Cerrado,consolidation_ha,2005,2010,0,not_significant,8311,10676,10676,0.77847508430123646,0.77847508430123646,939716.0397906237
primary_assignment,Cerrado,consolidation_ha,2005,2010,0,island,0,10676,10676,0,0,0
primary_assignment,Cerrado,consolidation_ha,2005,2010,0,not_applicable,0,10676,10676,0,,0
primary_assignment,Cerrado,consolidation_ha,2010,2015,0,HH,254,10676,10676,0.023791682278006744,0.023791682278006744,522151.31270707631
primary_assignment,Cerrado,consolidation_ha,2010,2015,0,LL,27,10676,10676,0.0025290370925440241,0.0025290370925440241,269.01200098544359
primary_assignment,Cerrado,consolidation_ha,2010,2015,0,HL,0,10676,10676,0,0,0
primary_assignment,Cerrado,consolidation_ha,2010,2015,0,LH,4,10676,10676,0.00037467216185837392,0.00037467216185837392,432.27488102603195
primary_assignment,Cerrado,consolidation_ha,2010,2015,0,not_significant,10391,10676,10676,0.97330460846759081,0.97330460846759081,2568114.9071539501
primary_assignment,Cerrado,consolidation_ha,2010,2015,0,island,0,10676,10676,0,0,0
primary_assignment,Cerrado,consolidation_ha,2010,2015,0,not_applicable,0,10676,10676,0,,0
primary_assignment,Cerrado,consolidation_ha,2015,2020,0,HH,116,10676,10676,0.010865492693892843,0.010865492693892843,209222.11407135444
primary_assignment,Cerrado,consolidation_ha,2015,2020,0,LL,3,10676,10676,0.00028100412139378045,0.00028100412139378045,76.970308638729293
primary_assignment,Cerrado,consolidation_ha,2015,2020,0,HL,0,10676,10676,0,0,0
primary_assignment,Cerrado,consolidation_ha,2015,2020,0,LH,0,10676,10676,0,0,0
primary_assignment,Cerrado,consolidation_ha,2015,2020,0,not_significant,10557,10676,10676,0.98885350318471332,0.98885350318471332,2180203.1061164504
primary_assignment,Cerrado,consolidation_ha,2015,2020,0,island,0,10676,10676,0,0,0
primary_assignment,Cerrado,consolidation_ha,2015,2020,0,not_applicable,0,10676,10676,0,,0
primary_assignment,Cerrado,consolidation_ha,2020,2025,1,HH,118,10676,10676,0.01105282877482203,0.01105282877482203,127078.23049970264
primary_assignment,Cerrado,consolidation_ha,2020,2025,1,LL,1,10676,10676,9.366804046459348e-05,9.366804046459348e-05,1.0176087692379951
primary_assignment,Cerrado,consolidation_ha,2020,2025,1,HL,0,10676,10676,0,0,0
primary_assignment,Cerrado,consolidation_ha,2020,2025,1,LH,5,10676,10676,0.00046834020232296739,0.00046834020232296739,112.99748576768474
primary_assignment,Cerrado,consolidation_ha,2020,2025,1,not_significant,10552,10676,10676,0.98838516298239043,0.98838516298239043,955789.27458020835
primary_assignment,Cerrado,consolidation_ha,2020,2025,1,island,0,10676,10676,0,0,0
primary_assignment,Cerrado,consolidation_ha,2020,2025,1,not_applicable,0,10676,10676,0,,0
primary_assignment,Cerrado,cr_balance_index,1985,1990,0,HH,891,10676,9852,0.083458224053952798,0.09043848964677223,200.19789490788003
primary_assignment,Cerrado,cr_balance_index,1985,1990,0,LL,480,10676,9852,0.044960659423004867,0.048721071863580996,-479.73627150479433
primary_assignment,Cerrado,cr_balance_index,1985,1990,0,HL,11,10676,9852,0.0010303484451105282,0.001116524563540398,-5.8125177317344345
primary_assignment,Cerrado,cr_balance_index,1985,1990,0,LH,36,10676,9852,0.0033720494567253652,0.0036540803897685747,-34.980378119722381
primary_assignment,Cerrado,cr_balance_index,1985,1990,0,not_significant,8434,10676,9852,0.78999625327838141,0.85606983353633781,-7746.6762591184233
primary_assignment,Cerrado,cr_balance_index,1985,1990,0,island,0,10676,9852,0,0,0
primary_assignment,Cerrado,cr_balance_index,1985,1990,0,not_applicable,824,10676,9852,0.077182465342825024,,0
primary_assignment,Cerrado,cr_balance_index,1990,1995,0,HH,1310,10676,10055,0.12270513300861746,0.13028344107409248,489.43162758005349
primary_assignment,Cerrado,cr_balance_index,1990,1995,0,LL,8,10676,10055,0.00074934432371674784,0.00079562406762804573,-7.6517498093937917
primary_assignment,Cerrado,cr_balance_index,1990,1995,0,HL,15,10676,10055,0.0014050206069689021,0.0014917951268025858,-3.3400254018771474
primary_assignment,Cerrado,cr_balance_index,1990,1995,0,LH,32,10676,10055,0.0029973772948669914,0.0031824962705121829,-30.52274981111956
primary_assignment,Cerrado,cr_balance_index,1990,1995,0,not_significant,8690,10676,10055,0.81397527163731731,0.86424664346096469,-7674.1352087084952
primary_assignment,Cerrado,cr_balance_index,1990,1995,0,island,0,10676,10055,0,0,0
primary_assignment,Cerrado,cr_balance_index,1990,1995,0,not_applicable,621,10676,10055,0.058167853128512553,,0
primary_assignment,Cerrado,cr_balance_index,1995,2000,0,HH,1469,10676,10181,0.13759835144248783,0.14428838031627542,679.77129039521674
primary_assignment,Cerrado,cr_balance_index,1995,2000,0,LL,27,10676,10181,0.0025290370925440241,0.0026519988213338573,-26.015818148790856
primary_assignment,Cerrado,cr_balance_index,1995,2000,0,HL,5,10676,10181,0.00046834020232296739,0.00049111089283960315,-0.90517085819202692
primary_assignment,Cerrado,cr_balance_index,1995,2000,0,LH,42,10676,10181,0.0039340576995129262,0.0041253314998526665,-39.03904825103568
primary_assignment,Cerrado,cr_balance_index,1995,2000,0,not_significant,8638,10676,10181,0.80910453353315848,0.84844317846969841,-7175.8946529691648
primary_assignment,Cerrado,cr_balance_index,1995,2000,0,island,0,10676,10181,0,0,0
primary_assignment,Cerrado,cr_balance_index,1995,2000,0,not_applicable,495,10676,10181,0.046365680029973773,,0
primary_assignment,Cerrado,cr_balance_index,2000,2005,0,HH,1995,10676,10306,0.18686774072686399,0.19357655734523579,1138.5632252194323
primary_assignment,Cerrado,cr_balance_index,2000,2005,0,LL,35,10676,10306,0.0032783814162607719,0.0033960799534251893,-33.577366591662951
primary_assignment,Cerrado,cr_balance_index,2000,2005,0,HL,9,10676,10306,0.0008430123641813413,0.00087327770230933438,2.237354380403374
primary_assignment,Cerrado,cr_balance_index,2000,2005,0,LH,58,10676,10306,0.0054327463469464217,0.0056277896371045993,-51.56608558766213
primary_assignment,Cerrado,cr_balance_index,2000,2005,0,not_significant,8209,10676,10306,0.76892094417384793,0.7965262953619251,-6574.2063441697737
primary_assignment,Cerrado,cr_balance_index,2000,2005,0,island,0,10676,10306,0,0,0
primary_assignment,Cerrado,cr_balance_index,2000,2005,0,not_applicable,370,10676,10306,0.034657174971899588,,0
primary_assignment,Cerrado,cr_balance_index,2005,2010,0,HH,2158,10676,10343,0.20213563132259274,0.20864352702310743,1307.8524304327059
primary_assignment,Cerrado,cr_balance_index,2005,2010,0,LL,13,10676,10343,0.0012176845260397152,0.0012568887170066711,-12.223279219418538
primary_assignment,Cerrado,cr_balance_index,2005,2010,0,HL,5,10676,10343,0.00046834020232296739,0.00048341873731025815,1.7319166029545405
primary_assignment,Cerrado,cr_balance_index,2005,2010,0,LH,53,10676,10343,0.0049644061446234549,0.0051242386154887361,-44.552311332770543
primary_assignment,Cerrado,cr_balance_index,2005,2010,0,not_significant,8114,10676,10343,0.76002248032971154,0.78449192690708691,-5951.532125543682
primary_assignment,Cerrado,cr_balance_index,2005,2010,0,island,0,10676,10343,0,0,0
primary_assignment,Cerrado,cr_balance_index,2005,2010,0,not_applicable,333,10676,10343,0.031191457474709628,,0
primary_assignment,Cerrado,cr_balance_index,2010,2015,0,HH,2626,10676,10412,0.24597227426002247,0.25220898962735305,1707.7146192960486
primary_assignment,Cerrado,cr_balance_index,2010,2015,0,LL,977,10676,10412,0.091513675533907837,0.093834037648866692,-969.98686185584904
primary_assignment,Cerrado,cr_balance_index,2010,2015,0,HL,5,10676,10412,0.00046834020232296739,0.00048021513638109872,-0.53146684239695374
primary_assignment,Cerrado,cr_balance_index,2010,2015,0,LH,95,10676,10412,0.0088984638441363811,0.0091240875912408752,-73.800773234976091
primary_assignment,Cerrado,cr_balance_index,2010,2015,0,not_significant,6709,10676,10412,0.62841888347695762,0.64435266999615826,-4228.3583697879167
primary_assignment,Cerrado,cr_balance_index,2010,2015,0,island,0,10676,10412,0,0,0
primary_assignment,Cerrado,cr_balance_index,2010,2015,0,not_applicable,264,10676,10412,0.024728362682652678,,0
primary_assignment,Cerrado,cr_balance_index,2015,2020,0,HH,2557,10676,10452,0.23950917946796554,0.24464217374665137,1447.0032302914724
primary_assignment,Cerrado,cr_balance_index,2015,2020,0,LL,909,10676,10452,0.085144248782315468,0.086969001148105629,-900.84485278986062
primary_assignment,Cerrado,cr_balance_index,2015,2020,0,HL,10,10676,10452,0.00093668040464593477,0.0009567546880979717,-0.7312032831133044
primary_assignment,Cerrado,cr_balance_index,2015,2020,0,LH,114,10676,10452,0.010678156612963657,0.010907003444316877,-86.029520743631807
primary_assignment,Cerrado,cr_balance_index,2015,2020,0,not_significant,6862,10676,10452,0.64275009366804048,0.6565250669728282,-4035.6107327519626
primary_assignment,Cerrado,cr_balance_index,2015,2020,0,island,0,10676,10452,0,0,0
primary_assignment,Cerrado,cr_balance_index,2015,2020,0,not_applicable,224,10676,10452,0.02098164106406894,,0
primary_assignment,Cerrado,cr_balance_index,2020,2025,1,HH,1848,10676,10544,0.17309853877856876,0.17526555386949924,859.27402256081746
primary_assignment,Cerrado,cr_balance_index,2020,2025,1,LL,782,10676,10544,0.0732484076433121,0.074165402124430957,-778.99853429506015
primary_assignment,Cerrado,cr_balance_index,2020,2025,1,HL,3,10676,10544,0.00028100412139378045,0.00028452200303490138,1.6808034529466473
primary_assignment,Cerrado,cr_balance_index,2020,2025,1,LH,97,10676,10544,0.0090857999250655679,0.0091995447647951444,-82.747193686629359
primary_assignment,Cerrado,cr_balance_index,2020,2025,1,not_significant,7814,10676,10544,0.73192206819033345,0.74108497723823974,-5842.5123764688697
primary_assignment,Cerrado,cr_balance_index,2020,2025,1,island,0,10676,10544,0,0,0
primary_assignment,Cerrado,cr_balance_index,2020,2025,1,not_applicable,132,10676,10544,0.012364181341326339,,0
primary_assignment,Cerrado,nat_tmp_endpoint_ha,1985,1990,0,HH,397,10676,10676,0.037186212064443613,0.037186212064443613,671346.08764691907
primary_assignment,Cerrado,nat_tmp_endpoint_ha,1985,1990,0,LL,151,10676,10676,0.014143874110153616,0.014143874110153616,92.397249534726143
primary_assignment,Cerrado,nat_tmp_endpoint_ha,1985,1990,0,HL,5,10676,10676,0.00046834020232296739,0.00046834020232296739,378.68731814622879
primary_assignment,Cerrado,nat_tmp_endpoint_ha,1985,1990,0,LH,38,10676,10676,0.0035593855376545524,0.0035593855376545524,485.86652290292227
primary_assignment,Cerrado,nat_tmp_endpoint_ha,1985,1990,0,not_significant,10085,10676,10676,0.94464218808542522,0.94464218808542522,648838.20782615081
primary_assignment,Cerrado,nat_tmp_endpoint_ha,1985,1990,0,island,0,10676,10676,0,0,0
primary_assignment,Cerrado,nat_tmp_endpoint_ha,1985,1990,0,not_applicable,0,10676,10676,0,,0
primary_assignment,Cerrado,nat_tmp_endpoint_ha,1990,1995,0,HH,439,10676,10676,0.041120269763956538,0.041120269763956538,585787.06105757901
primary_assignment,Cerrado,nat_tmp_endpoint_ha,1990,1995,0,LL,131,10676,10676,0.012270513300861745,0.012270513300861745,84.109815034796213
primary_assignment,Cerrado,nat_tmp_endpoint_ha,1990,1995,0,HL,3,10676,10676,0.00028100412139378045,0.00028100412139378045,218.5250863669842
primary_assignment,Cerrado,nat_tmp_endpoint_ha,1990,1995,0,LH,37,10676,10676,0.0034657174971899586,0.0034657174971899586,351.17003805035472
primary_assignment,Cerrado,nat_tmp_endpoint_ha,1990,1995,0,not_significant,10066,10676,10676,0.94286249531659794,0.94286249531659794,469004.07311994652
primary_assignment,Cerrado,nat_tmp_endpoint_ha,1990,1995,0,island,0,10676,10676,0,0,0
primary_assignment,Cerrado,nat_tmp_endpoint_ha,1990,1995,0,not_applicable,0,10676,10676,0,,0
primary_assignment,Cerrado,nat_tmp_endpoint_ha,1995,2000,0,HH,496,10676,10676,0.046459348070438368,0.046459348070438368,612443.62251860846
primary_assignment,Cerrado,nat_tmp_endpoint_ha,1995,2000,0,LL,2030,10676,10676,0.19014612214312476,0.19014612214312476,542.71911615878344
primary_assignment,Cerrado,nat_tmp_endpoint_ha,1995,2000,0,HL,6,10676,10676,0.00056200824278756091,0.00056200824278756091,707.35095649212599
primary_assignment,Cerrado,nat_tmp_endpoint_ha,1995,2000,0,LH,91,10676,10676,0.008523791682278006,0.008523791682278006,654.94504360986116
primary_assignment,Cerrado,nat_tmp_endpoint_ha,1995,2000,0,not_significant,8053,10676,10676,0.75430872986137132,0.75430872986137132,310038.56528304378
primary_assignment,Cerrado,nat_tmp_endpoint_ha,1995,2000,0,island,0,10676,10676,0,0,0
primary_assignment,Cerrado,nat_tmp_endpoint_ha,1995,2000,0,not_applicable,0,10676,10676,0,,0
primary_assignment,Cerrado,nat_tmp_endpoint_ha,2000,2005,0,HH,158,10676,10676,0.01479955039340577,0.01479955039340577,334342.02546155389
primary_assignment,Cerrado,nat_tmp_endpoint_ha,2000,2005,0,LL,48,10676,10676,0.0044960659423004872,0.0044960659423004872,500.36489690095186
primary_assignment,Cerrado,nat_tmp_endpoint_ha,2000,2005,0,HL,3,10676,10676,0.00028100412139378045,0.00028100412139378045,312.83201979845762
primary_assignment,Cerrado,nat_tmp_endpoint_ha,2000,2005,0,LH,8,10676,10676,0.00074934432371674784,0.00074934432371674784,135.49656633524336
primary_assignment,Cerrado,nat_tmp_endpoint_ha,2000,2005,0,not_significant,10459,10676,10676,0.97967403521918317,0.97967403521918317,1068500.5903780714
primary_assignment,Cerrado,nat_tmp_endpoint_ha,2000,2005,0,island,0,10676,10676,0,0,0
primary_assignment,Cerrado,nat_tmp_endpoint_ha,2000,2005,0,not_applicable,0,10676,10676,0,,0
primary_assignment,Cerrado,nat_tmp_endpoint_ha,2005,2010,0,HH,451,10676,10676,0.042244286249531658,0.042244286249531658,504598.79129820107
primary_assignment,Cerrado,nat_tmp_endpoint_ha,2005,2010,0,LL,1142,10676,10676,0.10696890221056575,0.10696890221056575,410.91045748784262
primary_assignment,Cerrado,nat_tmp_endpoint_ha,2005,2010,0,HL,5,10676,10676,0.00046834020232296739,0.00046834020232296739,2944.1965772733092
primary_assignment,Cerrado,nat_tmp_endpoint_ha,2005,2010,0,LH,110,10676,10676,0.010303484451105283,0.010303484451105283,729.17243117482644
primary_assignment,Cerrado,nat_tmp_endpoint_ha,2005,2010,0,not_significant,8968,10676,10676,0.84001498688647436,0.84001498688647436,282678.95544582431
primary_assignment,Cerrado,nat_tmp_endpoint_ha,2005,2010,0,island,0,10676,10676,0,0,0
primary_assignment,Cerrado,nat_tmp_endpoint_ha,2005,2010,0,not_applicable,0,10676,10676,0,,0
primary_assignment,Cerrado,nat_tmp_endpoint_ha,2010,2015,0,HH,103,10676,10676,0.009647808167853128,0.009647808167853128,246423.74177118108
primary_assignment,Cerrado,nat_tmp_endpoint_ha,2010,2015,0,LL,25,10676,10676,0.002341701011614837,0.002341701011614837,119.17860000075078
primary_assignment,Cerrado,nat_tmp_endpoint_ha,2010,2015,0,HL,3,10676,10676,0.00028100412139378045,0.00028100412139378045,650.0975030362606
primary_assignment,Cerrado,nat_tmp_endpoint_ha,2010,2015,0,LH,9,10676,10676,0.0008430123641813413,0.0008430123641813413,117.80431667572142
primary_assignment,Cerrado,nat_tmp_endpoint_ha,2010,2015,0,not_significant,10536,10676,10676,0.98688647433495691,0.98688647433495691,871600.48148101673
primary_assignment,Cerrado,nat_tmp_endpoint_ha,2010,2015,0,island,0,10676,10676,0,0,0
primary_assignment,Cerrado,nat_tmp_endpoint_ha,2010,2015,0,not_applicable,0,10676,10676,0,,0
primary_assignment,Cerrado,nat_tmp_endpoint_ha,2015,2020,0,HH,46,10676,10676,0.0043087298613713005,0.0043087298613713005,34336.944383050293
primary_assignment,Cerrado,nat_tmp_endpoint_ha,2015,2020,0,LL,45,10676,10676,0.0042150618209067063,0.0042150618209067063,170.7835975587368
primary_assignment,Cerrado,nat_tmp_endpoint_ha,2015,2020,0,HL,4,10676,10676,0.00037467216185837392,0.00037467216185837392,143.06261695921421
primary_assignment,Cerrado,nat_tmp_endpoint_ha,2015,2020,0,LH,11,10676,10676,0.0010303484451105282,0.0010303484451105282,123.59658209734104
primary_assignment,Cerrado,nat_tmp_endpoint_ha,2015,2020,0,not_significant,10570,10676,10676,0.99007118771075309,0.99007118771075309,458229.38711415482
primary_assignment,Cerrado,nat_tmp_endpoint_ha,2015,2020,0,island,0,10676,10676,0,0,0
primary_assignment,Cerrado,nat_tmp_endpoint_ha,2015,2020,0,not_applicable,0,10676,10676,0,,0
primary_assignment,Cerrado,nat_tmp_endpoint_ha,2020,2025,1,HH,378,10676,10676,0.035406519295616334,0.035406519295616334,294413.47465065942
primary_assignment,Cerrado,nat_tmp_endpoint_ha,2020,2025,1,LL,880,10676,10676,0.082427875608842266,0.082427875608842266,107.66426741331816
primary_assignment,Cerrado,nat_tmp_endpoint_ha,2020,2025,1,HL,7,10676,10676,0.00065567628325215437,0.00065567628325215437,443.3733684271574
primary_assignment,Cerrado,nat_tmp_endpoint_ha,2020,2025,1,LH,112,10676,10676,0.01049082053203447,0.01049082053203447,843.38315305864694
primary_assignment,Cerrado,nat_tmp_endpoint_ha,2020,2025,1,not_significant,9299,10676,10676,0.87101910828025475,0.87101910828025475,191189.5165639825
primary_assignment,Cerrado,nat_tmp_endpoint_ha,2020,2025,1,island,0,10676,10676,0,0,0
primary_assignment,Cerrado,nat_tmp_endpoint_ha,2020,2025,1,not_applicable,0,10676,10676,0,,0
primary_assignment,Cerrado,net_cr_balance_ha,1985,1990,0,HH,322,10676,10676,0.030161109029599099,0.030161109029599099,436823.43276081904
primary_assignment,Cerrado,net_cr_balance_ha,1985,1990,0,LL,1347,10676,10676,0.12617085050580742,0.12617085050580742,-4164557.4168077549
primary_assignment,Cerrado,net_cr_balance_ha,1985,1990,0,HL,10,10676,10676,0.00093668040464593477,0.00093668040464593477,-3621.9682480088341
primary_assignment,Cerrado,net_cr_balance_ha,1985,1990,0,LH,10,10676,10676,0.00093668040464593477,0.00093668040464593477,-10225.326267195625
primary_assignment,Cerrado,net_cr_balance_ha,1985,1990,0,not_significant,8987,10676,10676,0.84179467965530164,0.84179467965530164,-6223335.0113577517
primary_assignment,Cerrado,net_cr_balance_ha,1985,1990,0,island,0,10676,10676,0,0,0
primary_assignment,Cerrado,net_cr_balance_ha,1985,1990,0,not_applicable,0,10676,10676,0,,0
primary_assignment,Cerrado,net_cr_balance_ha,1990,1995,0,HH,713,10676,10676,0.066785312851255149,0.066785312851255149,591837.02800805541
primary_assignment,Cerrado,net_cr_balance_ha,1990,1995,0,LL,806,10676,10676,0.07549644061446234,0.07549644061446234,-2016641.5383948232
primary_assignment,Cerrado,net_cr_balance_ha,1990,1995,0,HL,15,10676,10676,0.0014050206069689021,0.0014050206069689021,-3950.1440583225844
primary_assignment,Cerrado,net_cr_balance_ha,1990,1995,0,LH,7,10676,10676,0.00065567628325215437,0.00065567628325215437,-5289.9142931816632
primary_assignment,Cerrado,net_cr_balance_ha,1990,1995,0,not_significant,9135,10676,10676,0.85565754964406149,0.85565754964406149,-5907357.368170293
primary_assignment,Cerrado,net_cr_balance_ha,1990,1995,0,island,0,10676,10676,0,0,0
primary_assignment,Cerrado,net_cr_balance_ha,1990,1995,0,not_applicable,0,10676,10676,0,,0
primary_assignment,Cerrado,net_cr_balance_ha,1995,2000,0,HH,884,10676,10676,0.082802547770700632,0.082802547770700632,648741.7742065707
primary_assignment,Cerrado,net_cr_balance_ha,1995,2000,0,LL,256,10676,10676,0.023979018358935931,0.023979018358935931,-517411.34571657906
primary_assignment,Cerrado,net_cr_balance_ha,1995,2000,0,HL,8,10676,10676,0.00074934432371674784,0.00074934432371674784,-3306.9016704606952
primary_assignment,Cerrado,net_cr_balance_ha,1995,2000,0,LH,12,10676,10676,0.0011240164855751218,0.0011240164855751218,-10117.863511768568
primary_assignment,Cerrado,net_cr_balance_ha,1995,2000,0,not_significant,9516,10676,10676,0.89134507306107158,0.89134507306107158,-5138329.242755454
primary_assignment,Cerrado,net_cr_balance_ha,1995,2000,0,island,0,10676,10676,0,0,0
primary_assignment,Cerrado,net_cr_balance_ha,1995,2000,0,not_applicable,0,10676,10676,0,,0
primary_assignment,Cerrado,net_cr_balance_ha,2000,2005,0,HH,1095,10676,10676,0.10256650430872986,0.10256650430872986,1331547.7469188394
primary_assignment,Cerrado,net_cr_balance_ha,2000,2005,0,LL,117,10676,10676,0.010959160734357437,0.010959160734357437,-283391.43890059897
primary_assignment,Cerrado,net_cr_balance_ha,2000,2005,0,HL,2,10676,10676,0.00018733608092918696,0.00018733608092918696,-876.5647003571778
primary_assignment,Cerrado,net_cr_balance_ha,2000,2005,0,LH,10,10676,10676,0.00093668040464593477,0.00093668040464593477,-10285.80654123659
primary_assignment,Cerrado,net_cr_balance_ha,2000,2005,0,not_significant,9452,10676,10676,0.88535031847133761,0.88535031847133761,-4539068.1663008435
primary_assignment,Cerrado,net_cr_balance_ha,2000,2005,0,island,0,10676,10676,0,0,0
primary_assignment,Cerrado,net_cr_balance_ha,2000,2005,0,not_applicable,0,10676,10676,0,,0
primary_assignment,Cerrado,net_cr_balance_ha,2005,2010,0,HH,763,10676,10676,0.071468714874484821,0.071468714874484821,702865.96482377697
primary_assignment,Cerrado,net_cr_balance_ha,2005,2010,0,LL,197,10676,10676,0.018452603971524914,0.018452603971524914,-311127.8455745877
primary_assignment,Cerrado,net_cr_balance_ha,2005,2010,0,HL,2,10676,10676,0.00018733608092918696,0.00018733608092918696,66.896966700548148
primary_assignment,Cerrado,net_cr_balance_ha,2005,2010,0,LH,3,10676,10676,0.00028100412139378045,0.00028100412139378045,-2476.3740203459474
primary_assignment,Cerrado,net_cr_balance_ha,2005,2010,0,not_significant,9711,10676,10676,0.90961034095166726,0.90961034095166726,-2540407.1166164558
primary_assignment,Cerrado,net_cr_balance_ha,2005,2010,0,island,0,10676,10676,0,0,0
primary_assignment,Cerrado,net_cr_balance_ha,2005,2010,0,not_applicable,0,10676,10676,0,,0
primary_assignment,Cerrado,net_cr_balance_ha,2010,2015,0,HH,590,10676,10676,0.055264143874110154,0.055264143874110154,865971.5714095328
primary_assignment,Cerrado,net_cr_balance_ha,2010,2015,0,LL,676,10676,10676,0.063319595354065186,0.063319595354065186,-958542.5706219147
primary_assignment,Cerrado,net_cr_balance_ha,2010,2015,0,HL,6,10676,10676,0.00056200824278756091,0.00056200824278756091,422.41200972769218
primary_assignment,Cerrado,net_cr_balance_ha,2010,2015,0,LH,7,10676,10676,0.00065567628325215437,0.00065567628325215437,-2961.7307552621937
primary_assignment,Cerrado,net_cr_balance_ha,2010,2015,0,not_significant,9397,10676,10676,0.8801985762457849,0.8801985762457849,-1234097.0139587824
primary_assignment,Cerrado,net_cr_balance_ha,2010,2015,0,island,0,10676,10676,0,0,0
primary_assignment,Cerrado,net_cr_balance_ha,2010,2015,0,not_applicable,0,10676,10676,0,,0
primary_assignment,Cerrado,net_cr_balance_ha,2015,2020,0,HH,406,10676,10676,0.038029224428624955,0.038029224428624955,457665.41174047213
primary_assignment,Cerrado,net_cr_balance_ha,2015,2020,0,LL,228,10676,10676,0.021356313225927313,0.021356313225927313,-342615.42863557924
primary_assignment,Cerrado,net_cr_balance_ha,2015,2020,0,HL,1,10676,10676,9.366804046459348e-05,9.366804046459348e-05,-103.64211524777554
primary_assignment,Cerrado,net_cr_balance_ha,2015,2020,0,LH,7,10676,10676,0.00065567628325215437,0.00065567628325215437,-1963.4539630583397
primary_assignment,Cerrado,net_cr_balance_ha,2015,2020,0,not_significant,10034,10676,10676,0.93986511802173101,0.93986511802173101,-1598022.4258840526
primary_assignment,Cerrado,net_cr_balance_ha,2015,2020,0,island,0,10676,10676,0,0,0
primary_assignment,Cerrado,net_cr_balance_ha,2015,2020,0,not_applicable,0,10676,10676,0,,0
primary_assignment,Cerrado,net_cr_balance_ha,2020,2025,1,HH,329,10676,10676,0.030816785312851255,0.030816785312851255,203567.58876742021
primary_assignment,Cerrado,net_cr_balance_ha,2020,2025,1,LL,241,10676,10676,0.022573997751967029,0.022573997751967029,-423207.18180806958
primary_assignment,Cerrado,net_cr_balance_ha,2020,2025,1,HL,7,10676,10676,0.00065567628325215437,0.00065567628325215437,1733.56373206789
primary_assignment,Cerrado,net_cr_balance_ha,2020,2025,1,LH,4,10676,10676,0.00037467216185837392,0.00037467216185837392,-2238.8598358200456
primary_assignment,Cerrado,net_cr_balance_ha,2020,2025,1,not_significant,10095,10676,10676,0.94557886849007122,0.94557886849007122,-3657139.7768166312
primary_assignment,Cerrado,net_cr_balance_ha,2020,2025,1,island,0,10676,10676,0,0,0
primary_assignment,Cerrado,net_cr_balance_ha,2020,2025,1,not_applicable,0,10676,10676,0,,0
primary_assignment,Cerrado,replenishment_ha,1985,1990,0,HH,2288,10676,10676,0.21431247658298988,0.21431247658298988,6179970.3333019773
primary_assignment,Cerrado,replenishment_ha,1985,1990,0,LL,1042,10676,10676,0.097602098164106407,0.097602098164106407,14083.868267187301
primary_assignment,Cerrado,replenishment_ha,1985,1990,0,HL,2,10676,10676,0.00018733608092918696,0.00018733608092918696,2090.5633508754713
primary_assignment,Cerrado,replenishment_ha,1985,1990,0,LH,39,10676,10676,0.0036530535781191457,0.0036530535781191457,16749.854392295667
primary_assignment,Cerrado,replenishment_ha,1985,1990,0,not_significant,7305,10676,10676,0.68424503559385541,0.68424503559385541,5178767.1697841361
primary_assignment,Cerrado,replenishment_ha,1985,1990,0,island,0,10676,10676,0,0,0
primary_assignment,Cerrado,replenishment_ha,1985,1990,0,not_applicable,0,10676,10676,0,,0
primary_assignment,Cerrado,replenishment_ha,1990,1995,0,HH,1396,10676,10676,0.1307605844885725,0.1307605844885725,3249369.6703156549
primary_assignment,Cerrado,replenishment_ha,1990,1995,0,LL,1006,10676,10676,0.094230048707381039,0.094230048707381039,20385.93956512534
primary_assignment,Cerrado,replenishment_ha,1990,1995,0,HL,2,10676,10676,0.00018733608092918696,0.00018733608092918696,1556.1944976981072
primary_assignment,Cerrado,replenishment_ha,1990,1995,0,LH,43,10676,10676,0.0040277257399775196,0.0040277257399775196,19507.460066879965
primary_assignment,Cerrado,replenishment_ha,1990,1995,0,not_significant,8229,10676,10676,0.77079430498313972,0.77079430498313972,5620926.9727163073
primary_assignment,Cerrado,replenishment_ha,1990,1995,0,island,0,10676,10676,0,0,0
primary_assignment,Cerrado,replenishment_ha,1990,1995,0,not_applicable,0,10676,10676,0,,0
primary_assignment,Cerrado,replenishment_ha,1995,2000,0,HH,600,10676,10676,0.056200824278756091,0.056200824278756091,1153485.1857847855
primary_assignment,Cerrado,replenishment_ha,1995,2000,0,LL,1115,10676,10676,0.10443986511802172,0.10443986511802172,21532.608384751016
primary_assignment,Cerrado,replenishment_ha,1995,2000,0,HL,0,10676,10676,0,0,0
primary_assignment,Cerrado,replenishment_ha,1995,2000,0,LH,31,10676,10676,0.002903709254402398,0.002903709254402398,13675.553037545087
primary_assignment,Cerrado,replenishment_ha,1995,2000,0,not_significant,8930,10676,10676,0.8364556013488198,0.8364556013488198,5502474.8668983513
primary_assignment,Cerrado,replenishment_ha,1995,2000,0,island,0,10676,10676,0,0,0
primary_assignment,Cerrado,replenishment_ha,1995,2000,0,not_applicable,0,10676,10676,0,,0
primary_assignment,Cerrado,replenishment_ha,2000,2005,0,HH,286,10676,10676,0.026789059572873735,0.026789059572873735,608840.3152107494
primary_assignment,Cerrado,replenishment_ha,2000,2005,0,LL,1423,10676,10676,0.13328962158111651,0.13328962158111651,45118.536557198451
primary_assignment,Cerrado,replenishment_ha,2000,2005,0,HL,2,10676,10676,0.00018733608092918696,0.00018733608092918696,2107.377542474223
primary_assignment,Cerrado,replenishment_ha,2000,2005,0,LH,6,10676,10676,0.00056200824278756091,0.00056200824278756091,3091.9610014888003
primary_assignment,Cerrado,replenishment_ha,2000,2005,0,not_significant,8959,10676,10676,0.83917197452229297,0.83917197452229297,5683874.2656469075
primary_assignment,Cerrado,replenishment_ha,2000,2005,0,island,0,10676,10676,0,0,0
primary_assignment,Cerrado,replenishment_ha,2000,2005,0,not_applicable,0,10676,10676,0,,0
primary_assignment,Cerrado,replenishment_ha,2005,2010,0,HH,374,10676,10676,0.035031847133757961,0.035031847133757961,549804.20172869577
primary_assignment,Cerrado,replenishment_ha,2005,2010,0,LL,1096,10676,10676,0.10266017234919446,0.10266017234919446,21059.359190608768
primary_assignment,Cerrado,replenishment_ha,2005,2010,0,HL,2,10676,10676,0.00018733608092918696,0.00018733608092918696,1155.2821565710155
primary_assignment,Cerrado,replenishment_ha,2005,2010,0,LH,7,10676,10676,0.00065567628325215437,0.00065567628325215437,1791.3360573842247
primary_assignment,Cerrado,replenishment_ha,2005,2010,0,not_significant,9197,10676,10676,0.86146496815286622,0.86146496815286622,3605349.4480731068
primary_assignment,Cerrado,replenishment_ha,2005,2010,0,island,0,10676,10676,0,0,0
primary_assignment,Cerrado,replenishment_ha,2005,2010,0,not_applicable,0,10676,10676,0,,0
primary_assignment,Cerrado,replenishment_ha,2010,2015,0,HH,973,10676,10676,0.091139003372049457,0.091139003372049457,1380099.4746808039
primary_assignment,Cerrado,replenishment_ha,2010,2015,0,LL,926,10676,10676,0.086736605470213557,0.086736605470213557,14233.972486459274
primary_assignment,Cerrado,replenishment_ha,2010,2015,0,HL,7,10676,10676,0.00065567628325215437,0.00065567628325215437,3801.3850381802404
primary_assignment,Cerrado,replenishment_ha,2010,2015,0,LH,20,10676,10676,0.0018733608092918695,0.0018733608092918695,4477.7987644057075
primary_assignment,Cerrado,replenishment_ha,2010,2015,0,not_significant,8750,10676,10676,0.8195953540651929,0.8195953540651929,3017562.2076898874
primary_assignment,Cerrado,replenishment_ha,2010,2015,0,island,0,10676,10676,0,0,0
primary_assignment,Cerrado,replenishment_ha,2010,2015,0,not_applicable,0,10676,10676,0,,0
primary_assignment,Cerrado,replenishment_ha,2015,2020,0,HH,410,10676,10676,0.038403896590483329,0.038403896590483329,601879.79986763536
primary_assignment,Cerrado,replenishment_ha,2015,2020,0,LL,942,10676,10676,0.088235294117647065,0.088235294117647065,16313.041542126093
primary_assignment,Cerrado,replenishment_ha,2015,2020,0,HL,9,10676,10676,0.0008430123641813413,0.0008430123641813413,5391.6165224945717
primary_assignment,Cerrado,replenishment_ha,2015,2020,0,LH,4,10676,10676,0.00037467216185837392,0.00037467216185837392,478.28145465339514
primary_assignment,Cerrado,replenishment_ha,2015,2020,0,not_significant,9311,10676,10676,0.87214312476582989,0.87214312476582989,3250478.9899670007
primary_assignment,Cerrado,replenishment_ha,2015,2020,0,island,0,10676,10676,0,0,0
primary_assignment,Cerrado,replenishment_ha,2015,2020,0,not_applicable,0,10676,10676,0,,0
primary_assignment,Cerrado,replenishment_ha,2020,2025,1,HH,779,10676,10676,0.072967403521918328,0.072967403521918328,1196152.365546959
primary_assignment,Cerrado,replenishment_ha,2020,2025,1,LL,1118,10676,10676,0.10472086923941551,0.10472086923941551,26152.437884186093
primary_assignment,Cerrado,replenishment_ha,2020,2025,1,HL,1,10676,10676,9.366804046459348e-05,9.366804046459348e-05,1186.6768633382576
primary_assignment,Cerrado,replenishment_ha,2020,2025,1,LH,27,10676,10676,0.0025290370925440241,0.0025290370925440241,6435.2921690317344
primary_assignment,Cerrado,replenishment_ha,2020,2025,1,not_significant,8751,10676,10676,0.81968902210565753,0.81968902210565753,3730339.4136719652
primary_assignment,Cerrado,replenishment_ha,2020,2025,1,island,0,10676,10676,0,0,0
primary_assignment,Cerrado,replenishment_ha,2020,2025,1,not_applicable,0,10676,10676,0,,0
single_biome_sensitivity,Amazon,consolidation_ha,1985,1990,0,HH,0,13920,13920,0,0,0
single_biome_sensitivity,Amazon,consolidation_ha,1985,1990,0,LL,0,13920,13920,0,0,0
single_biome_sensitivity,Amazon,consolidation_ha,1985,1990,0,HL,0,13920,13920,0,0,0
single_biome_sensitivity,Amazon,consolidation_ha,1985,1990,0,LH,0,13920,13920,0,0,0
single_biome_sensitivity,Amazon,consolidation_ha,1985,1990,0,not_significant,13920,13920,13920,1,1,19241.558632667773
single_biome_sensitivity,Amazon,consolidation_ha,1985,1990,0,island,0,13920,13920,0,0,0
single_biome_sensitivity,Amazon,consolidation_ha,1985,1990,0,not_applicable,0,13920,13920,0,,0
single_biome_sensitivity,Amazon,consolidation_ha,1990,1995,0,HH,8,13920,13920,0.00057471264367816091,0.00057471264367816091,6363.7790152971647
single_biome_sensitivity,Amazon,consolidation_ha,1990,1995,0,LL,9,13920,13920,0.00064655172413793103,0.00064655172413793103,45.939689464867115
single_biome_sensitivity,Amazon,consolidation_ha,1990,1995,0,HL,1,13920,13920,7.1839080459770114e-05,7.1839080459770114e-05,170.43086802959442
single_biome_sensitivity,Amazon,consolidation_ha,1990,1995,0,LH,0,13920,13920,0,0,0
single_biome_sensitivity,Amazon,consolidation_ha,1990,1995,0,not_significant,13902,13920,13920,0.99870689655172418,0.99870689655172418,50456.686727390639
single_biome_sensitivity,Amazon,consolidation_ha,1990,1995,0,island,0,13920,13920,0,0,0
single_biome_sensitivity,Amazon,consolidation_ha,1990,1995,0,not_applicable,0,13920,13920,0,,0
single_biome_sensitivity,Amazon,consolidation_ha,1995,2000,0,HH,19,13920,13920,0.0013649425287356322,0.0013649425287356322,20554.35715515304
single_biome_sensitivity,Amazon,consolidation_ha,1995,2000,0,LL,1,13920,13920,7.1839080459770114e-05,7.1839080459770114e-05,1.2405346855521202
single_biome_sensitivity,Amazon,consolidation_ha,1995,2000,0,HL,0,13920,13920,0,0,0
single_biome_sensitivity,Amazon,consolidation_ha,1995,2000,0,LH,0,13920,13920,0,0,0
single_biome_sensitivity,Amazon,consolidation_ha,1995,2000,0,not_significant,13900,13920,13920,0.99856321839080464,0.99856321839080464,98988.34693052838
single_biome_sensitivity,Amazon,consolidation_ha,1995,2000,0,island,0,13920,13920,0,0,0
single_biome_sensitivity,Amazon,consolidation_ha,1995,2000,0,not_applicable,0,13920,13920,0,,0
single_biome_sensitivity,Amazon,consolidation_ha,2000,2005,0,HH,128,13920,13920,0.0091954022988505746,0.0091954022988505746,225709.48912768386
single_biome_sensitivity,Amazon,consolidation_ha,2000,2005,0,LL,84,13920,13920,0.0060344827586206896,0.0060344827586206896,547.18539229780436
single_biome_sensitivity,Amazon,consolidation_ha,2000,2005,0,HL,0,13920,13920,0,0,0
single_biome_sensitivity,Amazon,consolidation_ha,2000,2005,0,LH,16,13920,13920,0.0011494252873563218,0.0011494252873563218,654.37284545866294
single_biome_sensitivity,Amazon,consolidation_ha,2000,2005,0,not_significant,13692,13920,13920,0.98362068965517246,0.98362068965517246,384928.0369614035
single_biome_sensitivity,Amazon,consolidation_ha,2000,2005,0,island,0,13920,13920,0,0,0
single_biome_sensitivity,Amazon,consolidation_ha,2000,2005,0,not_applicable,0,13920,13920,0,,0
single_biome_sensitivity,Amazon,consolidation_ha,2005,2010,0,HH,466,13920,13920,0.033477011494252876,0.033477011494252876,512706.93851369928
single_biome_sensitivity,Amazon,consolidation_ha,2005,2010,0,LL,8053,13920,13920,0.57852011494252875,0.57852011494252875,448.90303102880716
single_biome_sensitivity,Amazon,consolidation_ha,2005,2010,0,HL,0,13920,13920,0,0,0
single_biome_sensitivity,Amazon,consolidation_ha,2005,2010,0,LH,55,13920,13920,0.0039511494252873567,0.0039511494252873567,2448.5724073613969
single_biome_sensitivity,Amazon,consolidation_ha,2005,2010,0,not_significant,5346,13920,13920,0.38405172413793104,0.38405172413793104,225192.30625937728
single_biome_sensitivity,Amazon,consolidation_ha,2005,2010,0,island,0,13920,13920,0,0,0
single_biome_sensitivity,Amazon,consolidation_ha,2005,2010,0,not_applicable,0,13920,13920,0,,0
single_biome_sensitivity,Amazon,consolidation_ha,2010,2015,0,HH,331,13920,13920,0.023778735632183908,0.023778735632183908,792852.0258798732
single_biome_sensitivity,Amazon,consolidation_ha,2010,2015,0,LL,45,13920,13920,0.0032327586206896551,0.0032327586206896551,474.18090761452913
single_biome_sensitivity,Amazon,consolidation_ha,2010,2015,0,HL,1,13920,13920,7.1839080459770114e-05,7.1839080459770114e-05,407.41074474900961
single_biome_sensitivity,Amazon,consolidation_ha,2010,2015,0,LH,14,13920,13920,0.0010057471264367816,0.0010057471264367816,843.48354403776852
single_biome_sensitivity,Amazon,consolidation_ha,2010,2015,0,not_significant,13529,13920,13920,0.9719109195402299,0.9719109195402299,982233.59740045865
single_biome_sensitivity,Amazon,consolidation_ha,2010,2015,0,island,0,13920,13920,0,0,0
single_biome_sensitivity,Amazon,consolidation_ha,2010,2015,0,not_applicable,0,13920,13920,0,,0
single_biome_sensitivity,Amazon,consolidation_ha,2015,2020,0,HH,160,13920,13920,0.011494252873563218,0.011494252873563218,298672.01240907423
single_biome_sensitivity,Amazon,consolidation_ha,2015,2020,0,LL,10,13920,13920,0.00071839080459770114,0.00071839080459770114,21.881526216864586
single_biome_sensitivity,Amazon,consolidation_ha,2015,2020,0,HL,0,13920,13920,0,0,0
single_biome_sensitivity,Amazon,consolidation_ha,2015,2020,0,LH,8,13920,13920,0.00057471264367816091,0.00057471264367816091,433.15876383118189
single_biome_sensitivity,Amazon,consolidation_ha,2015,2020,0,not_significant,13742,13920,13920,0.98721264367816097,0.98721264367816097,1138310.4958307736
single_biome_sensitivity,Amazon,consolidation_ha,2015,2020,0,island,0,13920,13920,0,0,0
single_biome_sensitivity,Amazon,consolidation_ha,2015,2020,0,not_applicable,0,13920,13920,0,,0
single_biome_sensitivity,Amazon,consolidation_ha,2020,2025,1,HH,214,13920,13920,0.015373563218390805,0.015373563218390805,247666.6442736274
single_biome_sensitivity,Amazon,consolidation_ha,2020,2025,1,LL,3,13920,13920,0.00021551724137931034,0.00021551724137931034,19.789441213011742
single_biome_sensitivity,Amazon,consolidation_ha,2020,2025,1,HL,0,13920,13920,0,0,0
single_biome_sensitivity,Amazon,consolidation_ha,2020,2025,1,LH,6,13920,13920,0.00043103448275862068,0.00043103448275862068,115.31558695721861
single_biome_sensitivity,Amazon,consolidation_ha,2020,2025,1,not_significant,13697,13920,13920,0.98397988505747125,0.98397988505747125,679180.42095747346
single_biome_sensitivity,Amazon,consolidation_ha,2020,2025,1,island,0,13920,13920,0,0,0
single_biome_sensitivity,Amazon,consolidation_ha,2020,2025,1,not_applicable,0,13920,13920,0,,0
single_biome_sensitivity,Amazon,cr_balance_index,1985,1990,0,HH,25,13920,7508,0.0017959770114942528,0.0033297815663292487,0.21591843503668784
single_biome_sensitivity,Amazon,cr_balance_index,1985,1990,0,LL,975,13920,7508,0.070043103448275856,0.1298614810868407,-974.86402356134965
single_biome_sensitivity,Amazon,cr_balance_index,1985,1990,0,HL,4,13920,7508,0.00028735632183908046,0.00053276505061267978,-0.79404232526703844
single_biome_sensitivity,Amazon,cr_balance_index,1985,1990,0,LH,12,13920,7508,0.00086206896551724137,0.0015982951518380393,-11.875323729112894
single_biome_sensitivity,Amazon,cr_balance_index,1985,1990,0,not_significant,6492,13920,7508,0.4663793103448276,0.86467767714437938,-6412.0005104328429
single_biome_sensitivity,Amazon,cr_balance_index,1985,1990,0,island,0,13920,7508,0,0,0
single_biome_sensitivity,Amazon,cr_balance_index,1985,1990,0,not_applicable,6412,13920,7508,0.460632183908046,,0
single_biome_sensitivity,Amazon,cr_balance_index,1990,1995,0,HH,26,13920,8385,0.001867816091954023,0.0031007751937984496,0.84872761115178763
single_biome_sensitivity,Amazon,cr_balance_index,1990,1995,0,LL,5,13920,8385,0.00035919540229885057,0.0005963029218843172,-4.9132625754234907
single_biome_sensitivity,Amazon,cr_balance_index,1990,1995,0,HL,2,13920,8385,0.00014367816091954023,0.0002385211687537269,-1.1024515231578982
single_biome_sensitivity,Amazon,cr_balance_index,1990,1995,0,LH,9,13920,8385,0.00064655172413793103,0.0010733452593917709,-8.4428842222338396
single_biome_sensitivity,Amazon,cr_balance_index,1990,1995,0,not_significant,8343,13920,8385,0.59935344827586212,0.99499105545617172,-8180.9219023148135
single_biome_sensitivity,Amazon,cr_balance_index,1990,1995,0,island,0,13920,8385,0,0,0
single_biome_sensitivity,Amazon,cr_balance_index,1990,1995,0,not_applicable,5535,13920,8385,0.39762931034482757,,0
single_biome_sensitivity,Amazon,cr_balance_index,1995,2000,0,HH,36,13920,8994,0.0025862068965517241,0.0040026684456304206,2.9791971179294001
single_biome_sensitivity,Amazon,cr_balance_index,1995,2000,0,LL,19,13920,8994,0.0013649425287356322,0.0021125194574160553,-18.908875499613373
single_biome_sensitivity,Amazon,cr_balance_index,1995,2000,0,HL,4,13920,8994,0.00028735632183908046,0.00044474093840338001,-2.5829054377217502
single_biome_sensitivity,Amazon,cr_balance_index,1995,2000,0,LH,6,13920,8994,0.00043103448275862068,0.00066711140760506999,-5.7222550074954937
single_biome_sensitivity,Amazon,cr_balance_index,1995,2000,0,not_significant,8929,13920,8994,0.64145114942528736,0.99277295975094504,-8694.6990656130656
single_biome_sensitivity,Amazon,cr_balance_index,1995,2000,0,island,0,13920,8994,0,0,0
single_biome_sensitivity,Amazon,cr_balance_index,1995,2000,0,not_applicable,4926,13920,8994,0.35387931034482761,,0
single_biome_sensitivity,Amazon,cr_balance_index,2000,2005,0,HH,191,13920,9809,0.013721264367816092,0.019471913548781732,80.209854901021174
single_biome_sensitivity,Amazon,cr_balance_index,2000,2005,0,LL,54,13920,9809,0.0038793103448275862,0.005505148333163421,-53.465405073698662
single_biome_sensitivity,Amazon,cr_balance_index,2000,2005,0,HL,0,13920,9809,0,0,0
single_biome_sensitivity,Amazon,cr_balance_index,2000,2005,0,LH,22,13920,9809,0.0015804597701149425,0.00224283820980732,-19.911774210393737
single_biome_sensitivity,Amazon,cr_balance_index,2000,2005,0,not_significant,9542,13920,9809,0.68548850574712639,0.97278009990824754,-9070.9181099148609
single_biome_sensitivity,Amazon,cr_balance_index,2000,2005,0,island,0,13920,9809,0,0,0
single_biome_sensitivity,Amazon,cr_balance_index,2000,2005,0,not_applicable,4111,13920,9809,0.29533045977011496,,0
single_biome_sensitivity,Amazon,cr_balance_index,2005,2010,0,HH,591,13920,10019,0.04245689655172414,0.058987922946401837,345.82115484492817
single_biome_sensitivity,Amazon,cr_balance_index,2005,2010,0,LL,17,13920,10019,0.0012212643678160919,0.0016967761253618126,-16.558545226902272
single_biome_sensitivity,Amazon,cr_balance_index,2005,2010,0,HL,5,13920,10019,0.00035919540229885057,0.0004990518015770037,1.403486648410921
single_biome_sensitivity,Amazon,cr_balance_index,2005,2010,0,LH,38,13920,10019,0.0027298850574712643,0.0037927936919852283,-32.567527473540771
single_biome_sensitivity,Amazon,cr_balance_index,2005,2010,0,not_significant,9368,13920,10019,0.67298850574712643,0.93502345543467413,-8715.5351735110398
single_biome_sensitivity,Amazon,cr_balance_index,2005,2010,0,island,0,13920,10019,0,0,0
single_biome_sensitivity,Amazon,cr_balance_index,2005,2010,0,not_applicable,3901,13920,10019,0.28024425287356319,,0
single_biome_sensitivity,Amazon,cr_balance_index,2010,2015,0,HH,1065,13920,10167,0.076508620689655166,0.1047506639126586,731.97761604490756
single_biome_sensitivity,Amazon,cr_balance_index,2010,2015,0,LL,3238,13920,10167,0.23261494252873563,0.31848136126684373,-3231.9429481769448
single_biome_sensitivity,Amazon,cr_balance_index,2010,2015,0,HL,9,13920,10167,0.00064655172413793103,0.00088521687813514314,1.6984411637385892
single_biome_sensitivity,Amazon,cr_balance_index,2010,2015,0,LH,56,13920,10167,0.0040229885057471264,0.0055080161306186679,-46.736120840067613
single_biome_sensitivity,Amazon,cr_balance_index,2010,2015,0,not_significant,5799,13920,10167,0.41659482758620692,0.57037474181174386,-4825.6104441473817
single_biome_sensitivity,Amazon,cr_balance_index,2010,2015,0,island,0,13920,10167,0,0,0
single_biome_sensitivity,Amazon,cr_balance_index,2010,2015,0,not_applicable,3753,13920,10167,0.26961206896551726,,0
single_biome_sensitivity,Amazon,cr_balance_index,2015,2020,0,HH,1101,13920,10475,0.079094827586206895,0.10510739856801909,683.2153775178009
single_biome_sensitivity,Amazon,cr_balance_index,2015,2020,0,LL,3572,13920,10475,0.25660919540229887,0.34100238663484489,-3560.6396564259203
single_biome_sensitivity,Amazon,cr_balance_index,2015,2020,0,HL,6,13920,10475,0.00043103448275862068,0.00057279236276849637,0.4274976665851547
single_biome_sensitivity,Amazon,cr_balance_index,2015,2020,0,LH,84,13920,10475,0.0060344827586206896,0.0080190930787589505,-66.975356435641544
single_biome_sensitivity,Amazon,cr_balance_index,2015,2020,0,not_significant,5712,13920,10475,0.41034482758620688,0.54529832935560862,-4533.3270745704867
single_biome_sensitivity,Amazon,cr_balance_index,2015,2020,0,island,0,13920,10475,0,0,0
single_biome_sensitivity,Amazon,cr_balance_index,2015,2020,0,not_applicable,3445,13920,10475,0.24748563218390804,,0
single_biome_sensitivity,Amazon,cr_balance_index,2020,2025,1,HH,1048,13920,11225,0.075287356321839083,0.093363028953229399,491.76507684341266
single_biome_sensitivity,Amazon,cr_balance_index,2020,2025,1,LL,3514,13920,11225,0.25244252873563217,0.31305122494432069,-3510.2267731340285
single_biome_sensitivity,Amazon,cr_balance_index,2020,2025,1,HL,8,13920,11225,0.00057471264367816091,0.00071269487750556793,0.6574510180042934
single_biome_sensitivity,Amazon,cr_balance_index,2020,2025,1,LH,98,13920,11225,0.0070402298850574712,0.0087305122494432067,-87.203023767355077
single_biome_sensitivity,Amazon,cr_balance_index,2020,2025,1,not_significant,6557,13920,11225,0.47104885057471263,0.58414253897550117,-5681.3191503632224
single_biome_sensitivity,Amazon,cr_balance_index,2020,2025,1,island,0,13920,11225,0,0,0
single_biome_sensitivity,Amazon,cr_balance_index,2020,2025,1,not_applicable,2695,13920,11225,0.19360632183908047,,0
single_biome_sensitivity,Amazon,nat_tmp_endpoint_ha,1985,1990,0,HH,12,13920,13920,0.00086206896551724137,0.00086206896551724137,23273.798988527262
single_biome_sensitivity,Amazon,nat_tmp_endpoint_ha,1985,1990,0,LL,1639,13920,13920,0.11774425287356322,0.11774425287356322,104.34998160600662
single_biome_sensitivity,Amazon,nat_tmp_endpoint_ha,1985,1990,0,HL,0,13920,13920,0,0,0
single_biome_sensitivity,Amazon,nat_tmp_endpoint_ha,1985,1990,0,LH,1,13920,13920,7.1839080459770114e-05,7.1839080459770114e-05,7.3364343419671059
single_biome_sensitivity,Amazon,nat_tmp_endpoint_ha,1985,1990,0,not_significant,12268,13920,13920,0.8813218390804598,0.8813218390804598,35185.810429491539
single_biome_sensitivity,Amazon,nat_tmp_endpoint_ha,1985,1990,0,island,0,13920,13920,0,0,0
single_biome_sensitivity,Amazon,nat_tmp_endpoint_ha,1985,1990,0,not_applicable,0,13920,13920,0,,0
single_biome_sensitivity,Amazon,nat_tmp_endpoint_ha,1990,1995,0,HH,24,13920,13920,0.0017241379310344827,0.0017241379310344827,27608.43234163108
single_biome_sensitivity,Amazon,nat_tmp_endpoint_ha,1990,1995,0,LL,1629,13920,13920,0.11702586206896552,0.11702586206896552,36.428344041518137
single_biome_sensitivity,Amazon,nat_tmp_endpoint_ha,1990,1995,0,HL,0,13920,13920,0,0,0
single_biome_sensitivity,Amazon,nat_tmp_endpoint_ha,1990,1995,0,LH,3,13920,13920,0.00021551724137931034,0.00021551724137931034,20.570333367469264
single_biome_sensitivity,Amazon,nat_tmp_endpoint_ha,1990,1995,0,not_significant,12264,13920,13920,0.88103448275862073,0.88103448275862073,56055.604835570033
single_biome_sensitivity,Amazon,nat_tmp_endpoint_ha,1990,1995,0,island,0,13920,13920,0,0,0
single_biome_sensitivity,Amazon,nat_tmp_endpoint_ha,1990,1995,0,not_applicable,0,13920,13920,0,,0
single_biome_sensitivity,Amazon,nat_tmp_endpoint_ha,1995,2000,0,HH,114,13920,13920,0.0081896551724137939,0.0081896551724137939,154700.70227219522
single_biome_sensitivity,Amazon,nat_tmp_endpoint_ha,1995,2000,0,LL,9694,13920,13920,0.69640804597701145,0.69640804597701145,587.36378344148397
single_biome_sensitivity,Amazon,nat_tmp_endpoint_ha,1995,2000,0,HL,4,13920,13920,0.00028735632183908046,0.00028735632183908046,222.39609833061695
single_biome_sensitivity,Amazon,nat_tmp_endpoint_ha,1995,2000,0,LH,23,13920,13920,0.0016522988505747126,0.0016522988505747126,195.72197613654768
single_biome_sensitivity,Amazon,nat_tmp_endpoint_ha,1995,2000,0,not_significant,4085,13920,13920,0.29346264367816094,0.29346264367816094,67267.770778724545
single_biome_sensitivity,Amazon,nat_tmp_endpoint_ha,1995,2000,0,island,0,13920,13920,0,0,0
single_biome_sensitivity,Amazon,nat_tmp_endpoint_ha,1995,2000,0,not_applicable,0,13920,13920,0,,0
single_biome_sensitivity,Amazon,nat_tmp_endpoint_ha,2000,2005,0,HH,160,13920,13920,0.011494252873563218,0.011494252873563218,417584.92684231122
single_biome_sensitivity,Amazon,nat_tmp_endpoint_ha,2000,2005,0,LL,47,13920,13920,0.0033764367816091954,0.0033764367816091954,161.230324216187
single_biome_sensitivity,Amazon,nat_tmp_endpoint_ha,2000,2005,0,HL,0,13920,13920,0,0,0
single_biome_sensitivity,Amazon,nat_tmp_endpoint_ha,2000,2005,0,LH,4,13920,13920,0.00028735632183908046,0.00028735632183908046,20.11933001107445
single_biome_sensitivity,Amazon,nat_tmp_endpoint_ha,2000,2005,0,not_significant,13709,13920,13920,0.98484195402298846,0.98484195402298846,334877.29513087793
single_biome_sensitivity,Amazon,nat_tmp_endpoint_ha,2000,2005,0,island,0,13920,13920,0,0,0
single_biome_sensitivity,Amazon,nat_tmp_endpoint_ha,2000,2005,0,not_applicable,0,13920,13920,0,,0
single_biome_sensitivity,Amazon,nat_tmp_endpoint_ha,2005,2010,0,HH,55,13920,13920,0.0039511494252873567,0.0039511494252873567,30170.085335287018
single_biome_sensitivity,Amazon,nat_tmp_endpoint_ha,2005,2010,0,LL,8262,13920,13920,0.59353448275862064,0.59353448275862064,399.59577007591724
single_biome_sensitivity,Amazon,nat_tmp_endpoint_ha,2005,2010,0,HL,1,13920,13920,7.1839080459770114e-05,7.1839080459770114e-05,39.411445192992687
single_biome_sensitivity,Amazon,nat_tmp_endpoint_ha,2005,2010,0,LH,9,13920,13920,0.00064655172413793103,0.00064655172413793103,154.4793822687046
single_biome_sensitivity,Amazon,nat_tmp_endpoint_ha,2005,2010,0,not_significant,5593,13920,13920,0.40179597701149428,0.40179597701149428,107043.06130837559
single_biome_sensitivity,Amazon,nat_tmp_endpoint_ha,2005,2010,0,island,0,13920,13920,0,0,0
single_biome_sensitivity,Amazon,nat_tmp_endpoint_ha,2005,2010,0,not_applicable,0,13920,13920,0,,0
single_biome_sensitivity,Amazon,nat_tmp_endpoint_ha,2010,2015,0,HH,0,13920,13920,0,0,0
single_biome_sensitivity,Amazon,nat_tmp_endpoint_ha,2010,2015,0,LL,61,13920,13920,0.0043821839080459774,0.0043821839080459774,199.71196790784597
single_biome_sensitivity,Amazon,nat_tmp_endpoint_ha,2010,2015,0,HL,2,13920,13920,0.00014367816091954023,0.00014367816091954023,146.6718546620771
single_biome_sensitivity,Amazon,nat_tmp_endpoint_ha,2010,2015,0,LH,0,13920,13920,0,0,0
single_biome_sensitivity,Amazon,nat_tmp_endpoint_ha,2010,2015,0,not_significant,13857,13920,13920,0.99547413793103445,0.99547413793103445,226280.48702464777
single_biome_sensitivity,Amazon,nat_tmp_endpoint_ha,2010,2015,0,island,0,13920,13920,0,0,0
single_biome_sensitivity,Amazon,nat_tmp_endpoint_ha,2010,2015,0,not_applicable,0,13920,13920,0,,0
single_biome_sensitivity,Amazon,nat_tmp_endpoint_ha,2015,2020,0,HH,34,13920,13920,0.0024425287356321839,0.0024425287356321839,25180.581802931491
single_biome_sensitivity,Amazon,nat_tmp_endpoint_ha,2015,2020,0,LL,124,13920,13920,0.0089080459770114941,0.0089080459770114941,369.36407989263535
single_biome_sensitivity,Amazon,nat_tmp_endpoint_ha,2015,2020,0,HL,3,13920,13920,0.00021551724137931034,0.00021551724137931034,204.83522818237543
single_biome_sensitivity,Amazon,nat_tmp_endpoint_ha,2015,2020,0,LH,1,13920,13920,7.1839080459770114e-05,7.1839080459770114e-05,21.00389580098437
single_biome_sensitivity,Amazon,nat_tmp_endpoint_ha,2015,2020,0,not_significant,13758,13920,13920,0.98836206896551726,0.98836206896551726,207448.62822210984
single_biome_sensitivity,Amazon,nat_tmp_endpoint_ha,2015,2020,0,island,0,13920,13920,0,0,0
single_biome_sensitivity,Amazon,nat_tmp_endpoint_ha,2015,2020,0,not_applicable,0,13920,13920,0,,0
single_biome_sensitivity,Amazon,nat_tmp_endpoint_ha,2020,2025,1,HH,134,13920,13920,0.0096264367816091961,0.0096264367816091961,60725.259269098613
single_biome_sensitivity,Amazon,nat_tmp_endpoint_ha,2020,2025,1,LL,7768,13920,13920,0.55804597701149428,0.55804597701149428,174.8312548995018
single_biome_sensitivity,Amazon,nat_tmp_endpoint_ha,2020,2025,1,HL,2,13920,13920,0.00014367816091954023,0.00014367816091954023,86.829048536717892
single_biome_sensitivity,Amazon,nat_tmp_endpoint_ha,2020,2025,1,LH,11,13920,13920,0.00079022988505747125,0.00079022988505747125,98.90425421957876
single_biome_sensitivity,Amazon,nat_tmp_endpoint_ha,2020,2025,1,not_significant,6005,13920,13920,0.43139367816091956,0.43139367816091956,122447.64023522823
single_biome_sensitivity,Amazon,nat_tmp_endpoint_ha,2020,2025,1,island,0,13920,13920,0,0,0
single_biome_sensitivity,Amazon,nat_tmp_endpoint_ha,2020,2025,1,not_applicable,0,13920,13920,0,,0
single_biome_sensitivity,Amazon,net_cr_balance_ha,1985,1990,0,HH,0,13920,13920,0,0,0
single_biome_sensitivity,Amazon,net_cr_balance_ha,1985,1990,0,LL,447,13920,13920,0.032112068965517243,0.032112068965517243,-1440451.3927644072
single_biome_sensitivity,Amazon,net_cr_balance_ha,1985,1990,0,HL,9,13920,13920,0.00064655172413793103,0.00064655172413793103,-4003.4799046841617
single_biome_sensitivity,Amazon,net_cr_balance_ha,1985,1990,0,LH,0,13920,13920,0,0,0
single_biome_sensitivity,Amazon,net_cr_balance_ha,1985,1990,0,not_significant,13464,13920,13920,0.96724137931034482,0.96724137931034482,-3333601.0550146424
single_biome_sensitivity,Amazon,net_cr_balance_ha,1985,1990,0,island,0,13920,13920,0,0,0
single_biome_sensitivity,Amazon,net_cr_balance_ha,1985,1990,0,not_applicable,0,13920,13920,0,,0
single_biome_sensitivity,Amazon,net_cr_balance_ha,1990,1995,0,HH,3,13920,13920,0.00021551724137931034,0.00021551724137931034,1527.5699766769712
single_biome_sensitivity,Amazon,net_cr_balance_ha,1990,1995,0,LL,1305,13920,13920,0.09375,0.09375,-4146113.3086710144
single_biome_sensitivity,Amazon,net_cr_balance_ha,1990,1995,0,HL,29,13920,13920,0.0020833333333333333,0.0020833333333333333,-10775.321849554395
single_biome_sensitivity,Amazon,net_cr_balance_ha,1990,1995,0,LH,1,13920,13920,7.1839080459770114e-05,7.1839080459770114e-05,-774.61025723619196
single_biome_sensitivity,Amazon,net_cr_balance_ha,1990,1995,0,not_significant,12582,13920,13920,0.9038793103448276,0.9038793103448276,-3390157.1652167225
single_biome_sensitivity,Amazon,net_cr_balance_ha,1990,1995,0,island,0,13920,13920,0,0,0
single_biome_sensitivity,Amazon,net_cr_balance_ha,1990,1995,0,not_applicable,0,13920,13920,0,,0
single_biome_sensitivity,Amazon,net_cr_balance_ha,1995,2000,0,HH,9,13920,13920,0.00064655172413793103,0.00064655172413793103,3533.01757368571
single_biome_sensitivity,Amazon,net_cr_balance_ha,1995,2000,0,LL,1591,13920,13920,0.11429597701149426,0.11429597701149426,-4491803.2823468223
single_biome_sensitivity,Amazon,net_cr_balance_ha,1995,2000,0,HL,37,13920,13920,0.0026580459770114942,0.0026580459770114942,-10642.665018119415
single_biome_sensitivity,Amazon,net_cr_balance_ha,1995,2000,0,LH,1,13920,13920,7.1839080459770114e-05,7.1839080459770114e-05,-766.26431180127679
single_biome_sensitivity,Amazon,net_cr_balance_ha,1995,2000,0,not_significant,12282,13920,13920,0.88232758620689655,0.88232758620689655,-4017379.9966465971
single_biome_sensitivity,Amazon,net_cr_balance_ha,1995,2000,0,island,0,13920,13920,0,0,0
single_biome_sensitivity,Amazon,net_cr_balance_ha,1995,2000,0,not_applicable,0,13920,13920,0,,0
single_biome_sensitivity,Amazon,net_cr_balance_ha,2000,2005,0,HH,108,13920,13920,0.0077586206896551723,0.0077586206896551723,139452.30283610764
single_biome_sensitivity,Amazon,net_cr_balance_ha,2000,2005,0,LL,1563,13920,13920,0.11228448275862069,0.11228448275862069,-4836110.8612049669
single_biome_sensitivity,Amazon,net_cr_balance_ha,2000,2005,0,HL,44,13920,13920,0.003160919540229885,0.003160919540229885,-8555.1814960651536
single_biome_sensitivity,Amazon,net_cr_balance_ha,2000,2005,0,LH,14,13920,13920,0.0010057471264367816,0.0010057471264367816,-21698.598374147423
single_biome_sensitivity,Amazon,net_cr_balance_ha,2000,2005,0,not_significant,12191,13920,13920,0.8757902298850575,0.8757902298850575,-4949087.5943224458
single_biome_sensitivity,Amazon,net_cr_balance_ha,2000,2005,0,island,0,13920,13920,0,0,0
single_biome_sensitivity,Amazon,net_cr_balance_ha,2000,2005,0,not_applicable,0,13920,13920,0,,0
single_biome_sensitivity,Amazon,net_cr_balance_ha,2005,2010,0,HH,329,13920,13920,0.023635057471264369,0.023635057471264369,327537.48089187843
single_biome_sensitivity,Amazon,net_cr_balance_ha,2005,2010,0,LL,1153,13920,13920,0.082830459770114939,0.082830459770114939,-2428064.9090519673
single_biome_sensitivity,Amazon,net_cr_balance_ha,2005,2010,0,HL,29,13920,13920,0.0020833333333333333,0.0020833333333333333,-1167.5010007948563
single_biome_sensitivity,Amazon,net_cr_balance_ha,2005,2010,0,LH,9,13920,13920,0.00064655172413793103,0.00064655172413793103,-6775.0732698264947
single_biome_sensitivity,Amazon,net_cr_balance_ha,2005,2010,0,not_significant,12400,13920,13920,0.89080459770114939,0.89080459770114939,-2868395.3500947556
single_biome_sensitivity,Amazon,net_cr_balance_ha,2005,2010,0,island,0,13920,13920,0,0,0
single_biome_sensitivity,Amazon,net_cr_balance_ha,2005,2010,0,not_applicable,0,13920,13920,0,,0
single_biome_sensitivity,Amazon,net_cr_balance_ha,2010,2015,0,HH,506,13920,13920,0.036350574712643677,0.036350574712643677,929232.0915379863
single_biome_sensitivity,Amazon,net_cr_balance_ha,2010,2015,0,LL,960,13920,13920,0.068965517241379309,0.068965517241379309,-1603903.5146532536
single_biome_sensitivity,Amazon,net_cr_balance_ha,2010,2015,0,HL,18,13920,13920,0.0012931034482758621,0.0012931034482758621,-575.16660957912018
single_biome_sensitivity,Amazon,net_cr_balance_ha,2010,2015,0,LH,17,13920,13920,0.0012212643678160919,0.0012212643678160919,-7690.1358942176776
single_biome_sensitivity,Amazon,net_cr_balance_ha,2010,2015,0,not_significant,12419,13920,13920,0.89216954022988504,0.89216954022988504,-1691909.1913743312
single_biome_sensitivity,Amazon,net_cr_balance_ha,2010,2015,0,island,0,13920,13920,0,0,0
single_biome_sensitivity,Amazon,net_cr_balance_ha,2010,2015,0,not_applicable,0,13920,13920,0,,0
single_biome_sensitivity,Amazon,net_cr_balance_ha,2015,2020,0,HH,425,13920,13920,0.0305316091954023,0.0305316091954023,512555.25103355589
single_biome_sensitivity,Amazon,net_cr_balance_ha,2015,2020,0,LL,844,13920,13920,0.060632183908045978,0.060632183908045978,-1729355.0212232368
single_biome_sensitivity,Amazon,net_cr_balance_ha,2015,2020,0,HL,32,13920,13920,0.0022988505747126436,0.0022988505747126436,-898.14738110645703
single_biome_sensitivity,Amazon,net_cr_balance_ha,2015,2020,0,LH,22,13920,13920,0.0015804597701149425,0.0015804597701149425,-14449.75069666771
single_biome_sensitivity,Amazon,net_cr_balance_ha,2015,2020,0,not_significant,12597,13920,13920,0.90495689655172418,0.90495689655172418,-2367866.2119320948
single_biome_sensitivity,Amazon,net_cr_balance_ha,2015,2020,0,island,0,13920,13920,0,0,0
single_biome_sensitivity,Amazon,net_cr_balance_ha,2015,2020,0,not_applicable,0,13920,13920,0,,0
single_biome_sensitivity,Amazon,net_cr_balance_ha,2020,2025,1,HH,392,13920,13920,0.028160919540229885,0.028160919540229885,306034.87295745767
single_biome_sensitivity,Amazon,net_cr_balance_ha,2020,2025,1,LL,401,13920,13920,0.028807471264367817,0.028807471264367817,-930394.38422229153
single_biome_sensitivity,Amazon,net_cr_balance_ha,2020,2025,1,HL,25,13920,13920,0.0017959770114942528,0.0017959770114942528,-1994.439076188178
single_biome_sensitivity,Amazon,net_cr_balance_ha,2020,2025,1,LH,16,13920,13920,0.0011494252873563218,0.0011494252873563218,-9768.3230197554112
single_biome_sensitivity,Amazon,net_cr_balance_ha,2020,2025,1,not_significant,13086,13920,13920,0.94008620689655176,0.94008620689655176,-3399683.7572617456
single_biome_sensitivity,Amazon,net_cr_balance_ha,2020,2025,1,island,0,13920,13920,0,0,0
single_biome_sensitivity,Amazon,net_cr_balance_ha,2020,2025,1,not_applicable,0,13920,13920,0,,0
single_biome_sensitivity,Amazon,replenishment_ha,1985,1990,0,HH,716,13920,13920,0.051436781609195403,0.051436781609195403,1987343.9779194414
single_biome_sensitivity,Amazon,replenishment_ha,1985,1990,0,LL,6444,13920,13920,0.46293103448275863,0.46293103448275863,33623.680827749122
single_biome_sensitivity,Amazon,replenishment_ha,1985,1990,0,HL,2,13920,13920,0.00014367816091954023,0.00014367816091954023,1864.2356304238533
single_biome_sensitivity,Amazon,replenishment_ha,1985,1990,0,LH,22,13920,13920,0.0015804597701149425,0.0015804597701149425,9540.9229478153211
single_biome_sensitivity,Amazon,replenishment_ha,1985,1990,0,not_significant,6736,13920,13920,0.48390804597701148,0.48390804597701148,2764924.6689909715
single_biome_sensitivity,Amazon,replenishment_ha,1985,1990,0,island,0,13920,13920,0,0,0
single_biome_sensitivity,Amazon,replenishment_ha,1985,1990,0,not_applicable,0,13920,13920,0,,0
single_biome_sensitivity,Amazon,replenishment_ha,1990,1995,0,HH,1545,13920,13920,0.11099137931034483,0.11099137931034483,4666493.4239538405
single_biome_sensitivity,Amazon,replenishment_ha,1990,1995,0,LL,5213,13920,13920,0.37449712643678162,0.37449712643678162,40194.497655374515
single_biome_sensitivity,Amazon,replenishment_ha,1990,1995,0,HL,2,13920,13920,0.00014367816091954023,0.00014367816091954023,1699.3525745321722
single_biome_sensitivity,Amazon,replenishment_ha,1990,1995,0,LH,58,13920,13920,0.0041666666666666666,0.0041666666666666666,20532.953151576541
single_biome_sensitivity,Amazon,replenishment_ha,1990,1995,0,not_significant,7102,13920,13920,0.51020114942528738,0.51020114942528738,2874409.4449827084
single_biome_sensitivity,Amazon,replenishment_ha,1990,1995,0,island,0,13920,13920,0,0,0
single_biome_sensitivity,Amazon,replenishment_ha,1990,1995,0,not_applicable,0,13920,13920,0,,0
single_biome_sensitivity,Amazon,replenishment_ha,1995,2000,0,HH,1944,13920,13920,0.1396551724137931,0.1396551724137931,5211885.0518272333
single_biome_sensitivity,Amazon,replenishment_ha,1995,2000,0,LL,4420,13920,13920,0.31752873563218392,0.31752873563218392,31821.778059128013
single_biome_sensitivity,Amazon,replenishment_ha,1995,2000,0,HL,2,13920,13920,0.00014367816091954023,0.00014367816091954023,2257.0905567627328
single_biome_sensitivity,Amazon,replenishment_ha,1995,2000,0,LH,86,13920,13920,0.0061781609195402298,0.0061781609195402298,28455.79947968345
single_biome_sensitivity,Amazon,replenishment_ha,1995,2000,0,not_significant,7468,13920,13920,0.53649425287356323,0.53649425287356323,3362183.4154472137
single_biome_sensitivity,Amazon,replenishment_ha,1995,2000,0,island,0,13920,13920,0,0,0
single_biome_sensitivity,Amazon,replenishment_ha,1995,2000,0,not_applicable,0,13920,13920,0,,0
single_biome_sensitivity,Amazon,replenishment_ha,2000,2005,0,HH,2027,13920,13920,0.14561781609195401,0.14561781609195401,5888728.7608046774
single_biome_sensitivity,Amazon,replenishment_ha,2000,2005,0,LL,4107,13920,13920,0.29504310344827589,0.29504310344827589,47416.94958551912
single_biome_sensitivity,Amazon,replenishment_ha,2000,2005,0,HL,5,13920,13920,0.00035919540229885057,0.00035919540229885057,5011.8759838094902
single_biome_sensitivity,Amazon,replenishment_ha,2000,2005,0,LH,105,13920,13920,0.0075431034482758624,0.0075431034482758624,32076.840579364114
single_biome_sensitivity,Amazon,replenishment_ha,2000,2005,0,not_significant,7676,13920,13920,0.5514367816091954,0.5514367816091954,4314604.5899349907
single_biome_sensitivity,Amazon,replenishment_ha,2000,2005,0,island,0,13920,13920,0,0,0
single_biome_sensitivity,Amazon,replenishment_ha,2000,2005,0,not_applicable,0,13920,13920,0,,0
single_biome_sensitivity,Amazon,replenishment_ha,2005,2010,0,HH,1462,13920,13920,0.10502873563218391,0.10502873563218391,2883631.4419592116
single_biome_sensitivity,Amazon,replenishment_ha,2005,2010,0,LL,3292,13920,13920,0.23649425287356321,0.23649425287356321,22272.416994308755
single_biome_sensitivity,Amazon,replenishment_ha,2005,2010,0,HL,2,13920,13920,0.00014367816091954023,0.00014367816091954023,1855.9804547887516
single_biome_sensitivity,Amazon,replenishment_ha,2005,2010,0,LH,72,13920,13920,0.0051724137931034482,0.0051724137931034482,15985.994953523987
single_biome_sensitivity,Amazon,replenishment_ha,2005,2010,0,not_significant,9092,13920,13920,0.65316091954022992,0.65316091954022992,2793916.2383750998
single_biome_sensitivity,Amazon,replenishment_ha,2005,2010,0,island,0,13920,13920,0,0,0
single_biome_sensitivity,Amazon,replenishment_ha,2005,2010,0,not_applicable,0,13920,13920,0,,0
single_biome_sensitivity,Amazon,replenishment_ha,2010,2015,0,HH,1022,13920,13920,0.073419540229885061,0.073419540229885061,1720827.0844700085
single_biome_sensitivity,Amazon,replenishment_ha,2010,2015,0,LL,3311,13920,13920,0.23785919540229886,0.23785919540229886,20678.431850043056
single_biome_sensitivity,Amazon,replenishment_ha,2010,2015,0,HL,1,13920,13920,7.1839080459770114e-05,7.1839080459770114e-05,437.49506222848208
single_biome_sensitivity,Amazon,replenishment_ha,2010,2015,0,LH,58,13920,13920,0.0041666666666666666,0.0041666666666666666,10535.961889889428
single_biome_sensitivity,Amazon,replenishment_ha,2010,2015,0,not_significant,9528,13920,13920,0.68448275862068964,0.68448275862068964,2399177.6421979587
single_biome_sensitivity,Amazon,replenishment_ha,2010,2015,0,island,0,13920,13920,0,0,0
single_biome_sensitivity,Amazon,replenishment_ha,2010,2015,0,not_applicable,0,13920,13920,0,,0
single_biome_sensitivity,Amazon,replenishment_ha,2015,2020,0,HH,1054,13920,13920,0.075718390804597704,0.075718390804597704,2056200.0682436239
single_biome_sensitivity,Amazon,replenishment_ha,2015,2020,0,LL,3638,13920,13920,0.26135057471264367,0.26135057471264367,22996.212762139417
single_biome_sensitivity,Amazon,replenishment_ha,2015,2020,0,HL,3,13920,13920,0.00021551724137931034,0.00021551724137931034,2975.9786080379113
single_biome_sensitivity,Amazon,replenishment_ha,2015,2020,0,LH,75,13920,13920,0.005387931034482759,0.005387931034482759,11866.894519018864
single_biome_sensitivity,Amazon,replenishment_ha,2015,2020,0,not_significant,9150,13920,13920,0.65732758620689657,0.65732758620689657,2943412.2745966259
single_biome_sensitivity,Amazon,replenishment_ha,2015,2020,0,island,0,13920,13920,0,0,0
single_biome_sensitivity,Amazon,replenishment_ha,2015,2020,0,not_applicable,0,13920,13920,0,,0
single_biome_sensitivity,Amazon,replenishment_ha,2020,2025,1,HH,869,13920,13920,0.062428160919540232,0.062428160919540232,1618496.9285863717
single_biome_sensitivity,Amazon,replenishment_ha,2020,2025,1,LL,3495,13920,13920,0.25107758620689657,0.25107758620689657,37938.74315735008
single_biome_sensitivity,Amazon,replenishment_ha,2020,2025,1,HL,11,13920,13920,0.00079022988505747125,0.00079022988505747125,7154.0268930773818
single_biome_sensitivity,Amazon,replenishment_ha,2020,2025,1,LH,71,13920,13920,0.0051005747126436785,0.0051005747126436785,12689.831776717423
single_biome_sensitivity,Amazon,replenishment_ha,2020,2025,1,not_significant,9474,13920,13920,0.68060344827586206,0.68060344827586206,3286508.6704682782
single_biome_sensitivity,Amazon,replenishment_ha,2020,2025,1,island,0,13920,13920,0,0,0
single_biome_sensitivity,Amazon,replenishment_ha,2020,2025,1,not_applicable,0,13920,13920,0,,0
single_biome_sensitivity,Cerrado,consolidation_ha,1985,1990,0,HH,259,10387,10387,0.024935014922499277,0.024935014922499277,544291.75120081729
single_biome_sensitivity,Cerrado,consolidation_ha,1985,1990,0,LL,0,10387,10387,0,0,0
single_biome_sensitivity,Cerrado,consolidation_ha,1985,1990,0,HL,1,10387,10387,9.6274188889958599e-05,9.6274188889958599e-05,192.83323274552825
single_biome_sensitivity,Cerrado,consolidation_ha,1985,1990,0,LH,2,10387,10387,0.0001925483777799172,0.0001925483777799172,54.93298748167706
single_biome_sensitivity,Cerrado,consolidation_ha,1985,1990,0,not_significant,10125,10387,10387,0.97477616251083088,0.97477616251083088,869203.78524079476
single_biome_sensitivity,Cerrado,consolidation_ha,1985,1990,0,island,0,10387,10387,0,0,0
single_biome_sensitivity,Cerrado,consolidation_ha,1985,1990,0,not_applicable,0,10387,10387,0,,0
single_biome_sensitivity,Cerrado,consolidation_ha,1990,1995,0,HH,486,10387,10387,0.046789255800519881,0.046789255800519881,642446.30716788082
single_biome_sensitivity,Cerrado,consolidation_ha,1990,1995,0,LL,11,10387,10387,0.0010590160777895446,0.0010590160777895446,49.762841657330007
single_biome_sensitivity,Cerrado,consolidation_ha,1990,1995,0,HL,5,10387,10387,0.00048137094444979301,0.00048137094444979301,501.52279431372881
single_biome_sensitivity,Cerrado,consolidation_ha,1990,1995,0,LH,7,10387,10387,0.00067391932222971018,0.00067391932222971018,208.50797419986304
single_biome_sensitivity,Cerrado,consolidation_ha,1990,1995,0,not_significant,9878,10387,10387,0.95099643785501109,0.95099643785501109,907001.74718563573
single_biome_sensitivity,Cerrado,consolidation_ha,1990,1995,0,island,0,10387,10387,0,0,0
single_biome_sensitivity,Cerrado,consolidation_ha,1990,1995,0,not_applicable,0,10387,10387,0,,0
single_biome_sensitivity,Cerrado,consolidation_ha,1995,2000,0,HH,684,10387,10387,0.065851545200731679,0.065851545200731679,765396.21992354165
single_biome_sensitivity,Cerrado,consolidation_ha,1995,2000,0,LL,3,10387,10387,0.00028882256666987578,0.00028882256666987578,36.330257773399353
single_biome_sensitivity,Cerrado,consolidation_ha,1995,2000,0,HL,0,10387,10387,0,0,0
single_biome_sensitivity,Cerrado,consolidation_ha,1995,2000,0,LH,8,10387,10387,0.0007701935111196688,0.0007701935111196688,143.59206556052555
single_biome_sensitivity,Cerrado,consolidation_ha,1995,2000,0,not_significant,9692,10387,10387,0.93308943872147876,0.93308943872147876,883748.8378558883
single_biome_sensitivity,Cerrado,consolidation_ha,1995,2000,0,island,0,10387,10387,0,0,0
single_biome_sensitivity,Cerrado,consolidation_ha,1995,2000,0,not_applicable,0,10387,10387,0,,0
single_biome_sensitivity,Cerrado,consolidation_ha,2000,2005,0,HH,803,10387,10387,0.077308173678636752,0.077308173678636752,1345136.0779860925
single_biome_sensitivity,Cerrado,consolidation_ha,2000,2005,0,LL,66,10387,10387,0.0063540964667372678,0.0063540964667372678,886.54365120828152
single_biome_sensitivity,Cerrado,consolidation_ha,2000,2005,0,HL,2,10387,10387,0.0001925483777799172,0.0001925483777799172,585.58340335637331
single_biome_sensitivity,Cerrado,consolidation_ha,2000,2005,0,LH,11,10387,10387,0.0010590160777895446,0.0010590160777895446,1160.0668295958753
single_biome_sensitivity,Cerrado,consolidation_ha,2000,2005,0,not_significant,9505,10387,10387,0.91508616539905652,0.91508616539905652,1458423.6060824839
single_biome_sensitivity,Cerrado,consolidation_ha,2000,2005,0,island,0,10387,10387,0,0,0
single_biome_sensitivity,Cerrado,consolidation_ha,2000,2005,0,not_applicable,0,10387,10387,0,,0
single_biome_sensitivity,Cerrado,consolidation_ha,2005,2010,0,HH,1185,10387,10387,0.11408491383460094,0.11408491383460094,1071227.2615922736
single_biome_sensitivity,Cerrado,consolidation_ha,2005,2010,0,LL,1066,10387,10387,0.10262828535669587,0.10262828535669587,424.75169422781352
single_biome_sensitivity,Cerrado,consolidation_ha,2005,2010,0,HL,1,10387,10387,9.6274188889958599e-05,9.6274188889958599e-05,128.55317825824022
single_biome_sensitivity,Cerrado,consolidation_ha,2005,2010,0,LH,71,10387,10387,0.0068354674111870605,0.0068354674111870605,3694.8631584476602
single_biome_sensitivity,Cerrado,consolidation_ha,2005,2010,0,not_significant,8064,10387,10387,0.77635505920862613,0.77635505920862613,914226.39146873611
single_biome_sensitivity,Cerrado,consolidation_ha,2005,2010,0,island,0,10387,10387,0,0,0
single_biome_sensitivity,Cerrado,consolidation_ha,2005,2010,0,not_applicable,0,10387,10387,0,,0
single_biome_sensitivity,Cerrado,consolidation_ha,2010,2015,0,HH,244,10387,10387,0.0234909020891499,0.0234909020891499,502937.81828630471
single_biome_sensitivity,Cerrado,consolidation_ha,2010,2015,0,LL,27,10387,10387,0.0025994031000288824,0.0025994031000288824,269.01200098544359
single_biome_sensitivity,Cerrado,consolidation_ha,2010,2015,0,HL,0,10387,10387,0,0,0
single_biome_sensitivity,Cerrado,consolidation_ha,2010,2015,0,LH,3,10387,10387,0.00028882256666987578,0.00028882256666987578,303.34446000436355
single_biome_sensitivity,Cerrado,consolidation_ha,2010,2015,0,not_significant,10113,10387,10387,0.97362087224415139,0.97362087224415139,2505754.7356880708
single_biome_sensitivity,Cerrado,consolidation_ha,2010,2015,0,island,0,10387,10387,0,0,0
single_biome_sensitivity,Cerrado,consolidation_ha,2010,2015,0,not_applicable,0,10387,10387,0,,0
single_biome_sensitivity,Cerrado,consolidation_ha,2015,2020,0,HH,114,10387,10387,0.01097525753345528,0.01097525753345528,205329.13670349881
single_biome_sensitivity,Cerrado,consolidation_ha,2015,2020,0,LL,3,10387,10387,0.00028882256666987578,0.00028882256666987578,76.970308638729293
single_biome_sensitivity,Cerrado,consolidation_ha,2015,2020,0,HL,0,10387,10387,0,0,0
single_biome_sensitivity,Cerrado,consolidation_ha,2015,2020,0,LH,0,10387,10387,0,0,0
single_biome_sensitivity,Cerrado,consolidation_ha,2015,2020,0,not_significant,10270,10387,10387,0.98873591989987486,0.98873591989987486,2136701.5518878978
single_biome_sensitivity,Cerrado,consolidation_ha,2015,2020,0,island,0,10387,10387,0,0,0
single_biome_sensitivity,Cerrado,consolidation_ha,2015,2020,0,not_applicable,0,10387,10387,0,,0
single_biome_sensitivity,Cerrado,consolidation_ha,2020,2025,1,HH,110,10387,10387,0.010590160777895445,0.010590160777895445,119805.21533979807
single_biome_sensitivity,Cerrado,consolidation_ha,2020,2025,1,LL,1,10387,10387,9.6274188889958599e-05,9.6274188889958599e-05,1.0176087692379951
single_biome_sensitivity,Cerrado,consolidation_ha,2020,2025,1,HL,0,10387,10387,0,0,0
single_biome_sensitivity,Cerrado,consolidation_ha,2020,2025,1,LH,3,10387,10387,0.00028882256666987578,0.00028882256666987578,39.590991969318949
single_biome_sensitivity,Cerrado,consolidation_ha,2020,2025,1,not_significant,10273,10387,10387,0.9890247424665447,0.9890247424665447,931705.17335184524
single_biome_sensitivity,Cerrado,consolidation_ha,2020,2025,1,island,0,10387,10387,0,0,0
single_biome_sensitivity,Cerrado,consolidation_ha,2020,2025,1,not_applicable,0,10387,10387,0,,0
single_biome_sensitivity,Cerrado,cr_balance_index,1985,1990,0,HH,875,10387,9589,0.084239915278713773,0.091250391073104606,198.69054069632048
single_biome_sensitivity,Cerrado,cr_balance_index,1985,1990,0,LL,471,10387,9589,0.045345142967170501,0.049118781937636878,-470.76205767104739
single_biome_sensitivity,Cerrado,cr_balance_index,1985,1990,0,HL,11,10387,9589,0.0010590160777895446,0.0011471477734904577,-5.8125177317344345
single_biome_sensitivity,Cerrado,cr_balance_index,1985,1990,0,LH,36,10387,9589,0.0034658708000385096,0.0037543018041505893,-34.980378119722381
single_biome_sensitivity,Cerrado,cr_balance_index,1985,1990,0,not_significant,8196,10387,9589,0.78906325214210071,0.85472937741161747,-7525.800768359124
single_biome_sensitivity,Cerrado,cr_balance_index,1985,1990,0,island,0,10387,9589,0,0,0
single_biome_sensitivity,Cerrado,cr_balance_index,1985,1990,0,not_applicable,798,10387,9589,0.076826802734186961,,0
single_biome_sensitivity,Cerrado,cr_balance_index,1990,1995,0,HH,1286,10387,9783,0.12380860691248677,0.1314525196769907,486.22012323700488
single_biome_sensitivity,Cerrado,cr_balance_index,1990,1995,0,LL,8,10387,9783,0.0007701935111196688,0.00081774506797505878,-7.6517498093937917
single_biome_sensitivity,Cerrado,cr_balance_index,1990,1995,0,HL,15,10387,9783,0.0014441128333493791,0.0015332720024532351,-3.3400254018771474
single_biome_sensitivity,Cerrado,cr_balance_index,1990,1995,0,LH,32,10387,9783,0.0030807740444786752,0.0032709802719002351,-30.52274981111956
single_biome_sensitivity,Cerrado,cr_balance_index,1990,1995,0,not_significant,8442,10387,9783,0.81274670260903048,0.86292548298068072,-7456.7142391695779
single_biome_sensitivity,Cerrado,cr_balance_index,1990,1995,0,island,0,10387,9783,0,0,0
single_biome_sensitivity,Cerrado,cr_balance_index,1990,1995,0,not_applicable,604,10387,9783,0.058149610089534995,,0
single_biome_sensitivity,Cerrado,cr_balance_index,1995,2000,0,HH,1448,10387,9908,0.13940502551266007,0.14614452967299152,672.64656388017625
single_biome_sensitivity,Cerrado,cr_balance_index,1995,2000,0,LL,27,10387,9908,0.0025994031000288824,0.0027250706499798143,-26.015818148790856
single_biome_sensitivity,Cerrado,cr_balance_index,1995,2000,0,HL,5,10387,9908,0.00048137094444979301,0.00050464271295922489,-0.90517085819202692
single_biome_sensitivity,Cerrado,cr_balance_index,1995,2000,0,LH,42,10387,9908,0.0040435159333782611,0.0042389987888574888,-39.03904825103568
single_biome_sensitivity,Cerrado,cr_balance_index,1995,2000,0,not_significant,8386,10387,9908,0.8073553480311928,0.84638675817521192,-6961.4711602821344
single_biome_sensitivity,Cerrado,cr_balance_index,1995,2000,0,island,0,10387,9908,0,0,0
single_biome_sensitivity,Cerrado,cr_balance_index,1995,2000,0,not_applicable,479,10387,9908,0.046115336478290171,,0
single_biome_sensitivity,Cerrado,cr_balance_index,2000,2005,0,HH,1959,10387,10030,0.18860113603542891,0.19531405782652045,1127.3412083836818
single_biome_sensitivity,Cerrado,cr_balance_index,2000,2005,0,LL,34,10387,10030,0.0032733224222585926,0.0033898305084745762,-32.581956454980158
single_biome_sensitivity,Cerrado,cr_balance_index,2000,2005,0,HL,9,10387,10030,0.00086646770000962741,0.00089730807577268195,2.237354380403374
single_biome_sensitivity,Cerrado,cr_balance_index,2000,2005,0,LH,57,10387,10030,0.0054876287667276402,0.0056829511465603189,-50.79242994739063
single_biome_sensitivity,Cerrado,cr_balance_index,2000,2005,0,not_significant,7971,10387,10030,0.76740155964185996,0.79471585244267196,-6375.0578996883787
single_biome_sensitivity,Cerrado,cr_balance_index,2000,2005,0,island,0,10387,10030,0,0,0
single_biome_sensitivity,Cerrado,cr_balance_index,2000,2005,0,not_applicable,357,10387,10030,0.034369885433715219,,0
single_biome_sensitivity,Cerrado,cr_balance_index,2005,2010,0,HH,2102,10387,10065,0.20236834504669299,0.20884252359662195,1281.4605088894546
single_biome_sensitivity,Cerrado,cr_balance_index,2005,2010,0,LL,13,10387,10065,0.0012515644555694619,0.0012916045702930949,-12.223279219418538
single_biome_sensitivity,Cerrado,cr_balance_index,2005,2010,0,HL,5,10387,10065,0.00048137094444979301,0.00049677098857426726,1.7319166029545405
single_biome_sensitivity,Cerrado,cr_balance_index,2005,2010,0,LH,52,10387,10065,0.0050062578222778474,0.0051664182811723795,-43.737367803447249
single_biome_sensitivity,Cerrado,cr_balance_index,2005,2010,0,not_significant,7893,10387,10065,0.75989217290844324,0.78420268256333825,-5780.9143485368677
single_biome_sensitivity,Cerrado,cr_balance_index,2005,2010,0,island,0,10387,10065,0,0,0
single_biome_sensitivity,Cerrado,cr_balance_index,2005,2010,0,not_applicable,322,10387,10065,0.031000288822566668,,0
single_biome_sensitivity,Cerrado,cr_balance_index,2010,2015,0,HH,2545,10387,10137,0.24501781072494463,0.25106047153990335,1656.4883796974218
single_biome_sensitivity,Cerrado,cr_balance_index,2010,2015,0,LL,956,10387,10137,0.092038124578800423,0.094307980664890989,-949.30052139183033
single_biome_sensitivity,Cerrado,cr_balance_index,2010,2015,0,HL,5,10387,10137,0.00048137094444979301,0.00049324257669922068,-0.53146684239695374
single_biome_sensitivity,Cerrado,cr_balance_index,2010,2015,0,LH,92,10387,10137,0.008857225377876192,0.0090756634112656599,-71.739675625845138
single_biome_sensitivity,Cerrado,cr_balance_index,2010,2015,0,not_significant,6539,10387,10137,0.62953692115143933,0.64506264180724082,-4109.4784493918996
single_biome_sensitivity,Cerrado,cr_balance_index,2010,2015,0,island,0,10387,10137,0,0,0
single_biome_sensitivity,Cerrado,cr_balance_index,2010,2015,0,not_applicable,250,10387,10137,0.024068547222489651,,0
single_biome_sensitivity,Cerrado,cr_balance_index,2015,2020,0,HH,2498,10387,10177,0.2404929238471166,0.24545543873440109,1423.6827757550345
single_biome_sensitivity,Cerrado,cr_balance_index,2015,2020,0,LL,889,10387,10177,0.085587753923173193,0.087353837083619934,-881.1561238412869
single_biome_sensitivity,Cerrado,cr_balance_index,2015,2020,0,HL,10,10387,10177,0.00096274188889958602,0.00098260784121057291,-0.7312032831133044
single_biome_sensitivity,Cerrado,cr_balance_index,2015,2020,0,LH,111,10387,10177,0.010686434966785405,0.010906947037437359,-83.66732903896127
single_biome_sensitivity,Cerrado,cr_balance_index,2015,2020,0,not_significant,6669,10387,10177,0.64205256570713387,0.65530116930333104,-3918.3398114470983
single_biome_sensitivity,Cerrado,cr_balance_index,2015,2020,0,island,0,10387,10177,0,0,0
single_biome_sensitivity,Cerrado,cr_balance_index,2015,2020,0,not_applicable,210,10387,10177,0.020217579666891305,,0
single_biome_sensitivity,Cerrado,cr_balance_index,2020,2025,1,HH,1794,10387,10264,0.17271589486858574,0.17478565861262665,840.92636704326003
single_biome_sensitivity,Cerrado,cr_balance_index,2020,2025,1,LL,763,10387,10264,0.07345720612303841,0.074337490257209662,-760.14072152780795
single_biome_sensitivity,Cerrado,cr_balance_index,2020,2025,1,HL,3,10387,10264,0.00028882256666987578,0.00029228371005455964,1.6808034529466473
single_biome_sensitivity,Cerrado,cr_balance_index,2020,2025,1,LH,92,10387,10264,0.008857225377876192,0.0089633671083398283,-78.550994604683453
single_biome_sensitivity,Cerrado,cr_balance_index,2020,2025,1,not_significant,7612,10387,10264,0.73283912583036492,0.74162120031176926,-5689.0473502315763
single_biome_sensitivity,Cerrado,cr_balance_index,2020,2025,1,island,0,10387,10264,0,0,0
single_biome_sensitivity,Cerrado,cr_balance_index,2020,2025,1,not_applicable,123,10387,10264,0.011841725233464908,,0
single_biome_sensitivity,Cerrado,nat_tmp_endpoint_ha,1985,1990,0,HH,369,10387,10387,0.035525175700394727,0.035525175700394727,625160.49342968152
single_biome_sensitivity,Cerrado,nat_tmp_endpoint_ha,1985,1990,0,LL,148,10387,10387,0.014248579955713873,0.014248579955713873,92.397249534726143
single_biome_sensitivity,Cerrado,nat_tmp_endpoint_ha,1985,1990,0,HL,5,10387,10387,0.00048137094444979301,0.00048137094444979301,378.68731814622879
single_biome_sensitivity,Cerrado,nat_tmp_endpoint_ha,1985,1990,0,LH,35,10387,10387,0.0033695966111485509,0.0033695966111485509,398.84746281595204
single_biome_sensitivity,Cerrado,nat_tmp_endpoint_ha,1985,1990,0,not_significant,9830,10387,10387,0.94637527678829303,0.94637527678829303,622728.58711275586
single_biome_sensitivity,Cerrado,nat_tmp_endpoint_ha,1985,1990,0,island,0,10387,10387,0,0,0
single_biome_sensitivity,Cerrado,nat_tmp_endpoint_ha,1985,1990,0,not_applicable,0,10387,10387,0,,0
single_biome_sensitivity,Cerrado,nat_tmp_endpoint_ha,1990,1995,0,HH,398,10387,10387,0.038317127178203521,0.038317127178203521,524332.25654312503
single_biome_sensitivity,Cerrado,nat_tmp_endpoint_ha,1990,1995,0,LL,128,10387,10387,0.012323096177914701,0.012323096177914701,84.109815034796213
single_biome_sensitivity,Cerrado,nat_tmp_endpoint_ha,1990,1995,0,HL,3,10387,10387,0.00028882256666987578,0.00028882256666987578,218.5250863669842
single_biome_sensitivity,Cerrado,nat_tmp_endpoint_ha,1990,1995,0,LH,35,10387,10387,0.0033695966111485509,0.0033695966111485509,318.54699302946824
single_biome_sensitivity,Cerrado,nat_tmp_endpoint_ha,1990,1995,0,not_significant,9823,10387,10387,0.94570135746606332,0.94570135746606332,449449.81402985979
single_biome_sensitivity,Cerrado,nat_tmp_endpoint_ha,1990,1995,0,island,0,10387,10387,0,0,0
single_biome_sensitivity,Cerrado,nat_tmp_endpoint_ha,1990,1995,0,not_applicable,0,10387,10387,0,,0
single_biome_sensitivity,Cerrado,nat_tmp_endpoint_ha,1995,2000,0,HH,455,10387,10387,0.043804755944931162,0.043804755944931162,558996.34952346375
single_biome_sensitivity,Cerrado,nat_tmp_endpoint_ha,1995,2000,0,LL,1952,10387,10387,0.1879272167131992,0.1879272167131992,539.87546452134848
single_biome_sensitivity,Cerrado,nat_tmp_endpoint_ha,1995,2000,0,HL,6,10387,10387,0.00057764513333975157,0.00057764513333975157,707.35095649212599
single_biome_sensitivity,Cerrado,nat_tmp_endpoint_ha,1995,2000,0,LH,90,10387,10387,0.0086646770000962745,0.0086646770000962745,638.19938613824991
single_biome_sensitivity,Cerrado,nat_tmp_endpoint_ha,1995,2000,0,not_significant,7884,10387,10387,0.7590257052084336,0.7590257052084336,296665.29697527288
single_biome_sensitivity,Cerrado,nat_tmp_endpoint_ha,1995,2000,0,island,0,10387,10387,0,0,0
single_biome_sensitivity,Cerrado,nat_tmp_endpoint_ha,1995,2000,0,not_applicable,0,10387,10387,0,,0
single_biome_sensitivity,Cerrado,nat_tmp_endpoint_ha,2000,2005,0,HH,140,10387,10387,0.013478386444594204,0.013478386444594204,295803.35939951427
single_biome_sensitivity,Cerrado,nat_tmp_endpoint_ha,2000,2005,0,LL,45,10387,10387,0.0043323385000481373,0.0043323385000481373,468.25616139173508
single_biome_sensitivity,Cerrado,nat_tmp_endpoint_ha,2000,2005,0,HL,3,10387,10387,0.00028882256666987578,0.00028882256666987578,312.83201979845762
single_biome_sensitivity,Cerrado,nat_tmp_endpoint_ha,2000,2005,0,LH,8,10387,10387,0.0007701935111196688,0.0007701935111196688,135.49656633524336
single_biome_sensitivity,Cerrado,nat_tmp_endpoint_ha,2000,2005,0,not_significant,10191,10387,10387,0.98113025897756811,0.98113025897756811,1010434.0979251973
single_biome_sensitivity,Cerrado,nat_tmp_endpoint_ha,2000,2005,0,island,0,10387,10387,0,0,0
single_biome_sensitivity,Cerrado,nat_tmp_endpoint_ha,2000,2005,0,not_applicable,0,10387,10387,0,,0
single_biome_sensitivity,Cerrado,nat_tmp_endpoint_ha,2005,2010,0,HH,444,10387,10387,0.04274573986714162,0.04274573986714162,503366.27185453806
single_biome_sensitivity,Cerrado,nat_tmp_endpoint_ha,2005,2010,0,LL,1112,10387,10387,0.10705689804563397,0.10705689804563397,403.07484443827587
single_biome_sensitivity,Cerrado,nat_tmp_endpoint_ha,2005,2010,0,HL,5,10387,10387,0.00048137094444979301,0.00048137094444979301,2944.1965772733092
single_biome_sensitivity,Cerrado,nat_tmp_endpoint_ha,2005,2010,0,LH,110,10387,10387,0.010590160777895445,0.010590160777895445,729.17243117482644
single_biome_sensitivity,Cerrado,nat_tmp_endpoint_ha,2005,2010,0,not_significant,8716,10387,10387,0.8391258303648792,0.8391258303648792,264351.51666940702
single_biome_sensitivity,Cerrado,nat_tmp_endpoint_ha,2005,2010,0,island,0,10387,10387,0,0,0
single_biome_sensitivity,Cerrado,nat_tmp_endpoint_ha,2005,2010,0,not_applicable,0,10387,10387,0,,0
single_biome_sensitivity,Cerrado,nat_tmp_endpoint_ha,2010,2015,0,HH,103,10387,10387,0.0099162414556657353,0.0099162414556657353,246423.74177118108
single_biome_sensitivity,Cerrado,nat_tmp_endpoint_ha,2010,2015,0,LL,24,10387,10387,0.0023105805333590063,0.0023105805333590063,117.21515716106867
single_biome_sensitivity,Cerrado,nat_tmp_endpoint_ha,2010,2015,0,HL,3,10387,10387,0.00028882256666987578,0.00028882256666987578,650.0975030362606
single_biome_sensitivity,Cerrado,nat_tmp_endpoint_ha,2010,2015,0,LH,9,10387,10387,0.00086646770000962741,0.00086646770000962741,117.80431667572142
single_biome_sensitivity,Cerrado,nat_tmp_endpoint_ha,2010,2015,0,not_significant,10248,10387,10387,0.98661788774429571,0.98661788774429571,850542.84893295937
single_biome_sensitivity,Cerrado,nat_tmp_endpoint_ha,2010,2015,0,island,0,10387,10387,0,0,0
single_biome_sensitivity,Cerrado,nat_tmp_endpoint_ha,2010,2015,0,not_applicable,0,10387,10387,0,,0
single_biome_sensitivity,Cerrado,nat_tmp_endpoint_ha,2015,2020,0,HH,46,10387,10387,0.004428612688938096,0.004428612688938096,34336.944383050293
single_biome_sensitivity,Cerrado,nat_tmp_endpoint_ha,2015,2020,0,LL,44,10387,10387,0.0042360643111581785,0.0042360643111581785,170.69441063702106
single_biome_sensitivity,Cerrado,nat_tmp_endpoint_ha,2015,2020,0,HL,4,10387,10387,0.0003850967555598344,0.0003850967555598344,143.06261695921421
single_biome_sensitivity,Cerrado,nat_tmp_endpoint_ha,2015,2020,0,LH,11,10387,10387,0.0010590160777895446,0.0010590160777895446,123.59658209734104
single_biome_sensitivity,Cerrado,nat_tmp_endpoint_ha,2015,2020,0,not_significant,10282,10387,10387,0.98989121016655435,0.98989121016655435,445611.14415134094
single_biome_sensitivity,Cerrado,nat_tmp_endpoint_ha,2015,2020,0,island,0,10387,10387,0,0,0
single_biome_sensitivity,Cerrado,nat_tmp_endpoint_ha,2015,2020,0,not_applicable,0,10387,10387,0,,0
single_biome_sensitivity,Cerrado,nat_tmp_endpoint_ha,2020,2025,1,HH,375,10387,10387,0.036102820833734478,0.036102820833734478,293206.40451416722
single_biome_sensitivity,Cerrado,nat_tmp_endpoint_ha,2020,2025,1,LL,861,10387,10387,0.082892076634254352,0.082892076634254352,107.66426741331816
single_biome_sensitivity,Cerrado,nat_tmp_endpoint_ha,2020,2025,1,HL,7,10387,10387,0.00067391932222971018,0.00067391932222971018,443.3733684271574
single_biome_sensitivity,Cerrado,nat_tmp_endpoint_ha,2020,2025,1,LH,111,10387,10387,0.010686434966785405,0.010686434966785405,823.00210684929391
single_biome_sensitivity,Cerrado,nat_tmp_endpoint_ha,2020,2025,1,not_significant,9033,10387,10387,0.86964474824299609,0.86964474824299609,182823.64863586577
single_biome_sensitivity,Cerrado,nat_tmp_endpoint_ha,2020,2025,1,island,0,10387,10387,0,0,0
single_biome_sensitivity,Cerrado,nat_tmp_endpoint_ha,2020,2025,1,not_applicable,0,10387,10387,0,,0
single_biome_sensitivity,Cerrado,net_cr_balance_ha,1985,1990,0,HH,322,10387,10387,0.031000288822566668,0.031000288822566668,436823.43276081904
single_biome_sensitivity,Cerrado,net_cr_balance_ha,1985,1990,0,LL,1335,10387,10387,0.12852604216809474,0.12852604216809474,-4135916.9858547598
single_biome_sensitivity,Cerrado,net_cr_balance_ha,1985,1990,0,HL,10,10387,10387,0.00096274188889958602,0.00096274188889958602,-3621.9682480088341
single_biome_sensitivity,Cerrado,net_cr_balance_ha,1985,1990,0,LH,10,10387,10387,0.00096274188889958602,0.00096274188889958602,-10225.326267195625
single_biome_sensitivity,Cerrado,net_cr_balance_ha,1985,1990,0,not_significant,8710,10387,10387,0.8385481852315394,0.8385481852315394,-6056671.0832997803
single_biome_sensitivity,Cerrado,net_cr_balance_ha,1985,1990,0,island,0,10387,10387,0,0,0
single_biome_sensitivity,Cerrado,net_cr_balance_ha,1985,1990,0,not_applicable,0,10387,10387,0,,0
single_biome_sensitivity,Cerrado,net_cr_balance_ha,1990,1995,0,HH,710,10387,10387,0.068354674111870614,0.068354674111870614,592345.47626865783
single_biome_sensitivity,Cerrado,net_cr_balance_ha,1990,1995,0,LL,765,10387,10387,0.073649754500818329,0.073649754500818329,-1915358.1732992292
single_biome_sensitivity,Cerrado,net_cr_balance_ha,1990,1995,0,HL,13,10387,10387,0.0012515644555694619,0.0012515644555694619,-2961.4763923150945
single_biome_sensitivity,Cerrado,net_cr_balance_ha,1990,1995,0,LH,7,10387,10387,0.00067391932222971018,0.00067391932222971018,-5289.9142931816632
single_biome_sensitivity,Cerrado,net_cr_balance_ha,1990,1995,0,not_significant,8892,10387,10387,0.85607008760951186,0.85607008760951186,-5776877.1026069596
single_biome_sensitivity,Cerrado,net_cr_balance_ha,1990,1995,0,island,0,10387,10387,0,0,0
single_biome_sensitivity,Cerrado,net_cr_balance_ha,1990,1995,0,not_applicable,0,10387,10387,0,,0
single_biome_sensitivity,Cerrado,net_cr_balance_ha,1995,2000,0,HH,882,10387,10387,0.084913834600943483,0.084913834600943483,648765.92573739984
single_biome_sensitivity,Cerrado,net_cr_balance_ha,1995,2000,0,LL,230,10387,10387,0.02214306344469048,0.02214306344469048,-472220.06580770551
single_biome_sensitivity,Cerrado,net_cr_balance_ha,1995,2000,0,HL,6,10387,10387,0.00057764513333975157,0.00057764513333975157,-2316.5466252828055
single_biome_sensitivity,Cerrado,net_cr_balance_ha,1995,2000,0,LH,12,10387,10387,0.0011552902666795031,0.0011552902666795031,-10117.863511768568
single_biome_sensitivity,Cerrado,net_cr_balance_ha,1995,2000,0,not_significant,9257,10387,10387,0.89121016655434682,0.89121016655434682,-4990001.4885518597
single_biome_sensitivity,Cerrado,net_cr_balance_ha,1995,2000,0,island,0,10387,10387,0,0,0
single_biome_sensitivity,Cerrado,net_cr_balance_ha,1995,2000,0,not_applicable,0,10387,10387,0,,0
single_biome_sensitivity,Cerrado,net_cr_balance_ha,2000,2005,0,HH,1093,10387,10387,0.10522768845672476,0.10522768845672476,1330395.4190952142
single_biome_sensitivity,Cerrado,net_cr_balance_ha,2000,2005,0,LL,103,10387,10387,0.0099162414556657353,0.0099162414556657353,-248106.0646017816
single_biome_sensitivity,Cerrado,net_cr_balance_ha,2000,2005,0,HL,1,10387,10387,9.6274188889958599e-05,9.6274188889958599e-05,-368.55030427665685
single_biome_sensitivity,Cerrado,net_cr_balance_ha,2000,2005,0,LH,10,10387,10387,0.00096274188889958602,0.00096274188889958602,-10285.80654123659
single_biome_sensitivity,Cerrado,net_cr_balance_ha,2000,2005,0,not_significant,9180,10387,10387,0.88379705400982,0.88379705400982,-4354608.1897037961
single_biome_sensitivity,Cerrado,net_cr_balance_ha,2000,2005,0,island,0,10387,10387,0,0,0
single_biome_sensitivity,Cerrado,net_cr_balance_ha,2000,2005,0,not_applicable,0,10387,10387,0,,0
single_biome_sensitivity,Cerrado,net_cr_balance_ha,2005,2010,0,HH,754,10387,10387,0.072590738423028781,0.072590738423028781,699002.35814935644
single_biome_sensitivity,Cerrado,net_cr_balance_ha,2005,2010,0,LL,172,10387,10387,0.016559160489072879,0.016559160489072879,-273585.57081106713
single_biome_sensitivity,Cerrado,net_cr_balance_ha,2005,2010,0,HL,2,10387,10387,0.0001925483777799172,0.0001925483777799172,66.896966700548148
single_biome_sensitivity,Cerrado,net_cr_balance_ha,2005,2010,0,LH,2,10387,10387,0.0001925483777799172,0.0001925483777799172,-1865.40676742199
single_biome_sensitivity,Cerrado,net_cr_balance_ha,2005,2010,0,not_significant,9457,10387,10387,0.91046500433233846,0.91046500433233846,-2453097.5135793486
single_biome_sensitivity,Cerrado,net_cr_balance_ha,2005,2010,0,island,0,10387,10387,0,0,0
single_biome_sensitivity,Cerrado,net_cr_balance_ha,2005,2010,0,not_applicable,0,10387,10387,0,,0
single_biome_sensitivity,Cerrado,net_cr_balance_ha,2010,2015,0,HH,576,10387,10387,0.055453932800616154,0.055453932800616154,840046.49541077716
single_biome_sensitivity,Cerrado,net_cr_balance_ha,2010,2015,0,LL,633,10387,10387,0.060941561567343795,0.060941561567343795,-894893.15329237306
single_biome_sensitivity,Cerrado,net_cr_balance_ha,2010,2015,0,HL,6,10387,10387,0.00057764513333975157,0.00057764513333975157,422.41200972769218
single_biome_sensitivity,Cerrado,net_cr_balance_ha,2010,2015,0,LH,5,10387,10387,0.00048137094444979301,0.00048137094444979301,-2531.9615111196449
single_biome_sensitivity,Cerrado,net_cr_balance_ha,2010,2015,0,not_significant,9167,10387,10387,0.8825454895542505,0.8825454895542505,-1189944.3494345024
single_biome_sensitivity,Cerrado,net_cr_balance_ha,2010,2015,0,island,0,10387,10387,0,0,0
single_biome_sensitivity,Cerrado,net_cr_balance_ha,2010,2015,0,not_applicable,0,10387,10387,0,,0
single_biome_sensitivity,Cerrado,net_cr_balance_ha,2015,2020,0,HH,399,10387,10387,0.03841340136709348,0.03841340136709348,449329.7274647833
single_biome_sensitivity,Cerrado,net_cr_balance_ha,2015,2020,0,LL,217,10387,10387,0.020891498989121016,0.020891498989121016,-320925.84011790552
single_biome_sensitivity,Cerrado,net_cr_balance_ha,2015,2020,0,HL,1,10387,10387,9.6274188889958599e-05,9.6274188889958599e-05,-103.64211524777554
single_biome_sensitivity,Cerrado,net_cr_balance_ha,2015,2020,0,LH,7,10387,10387,0.00067391932222971018,0.00067391932222971018,-1963.4539630583397
single_biome_sensitivity,Cerrado,net_cr_balance_ha,2015,2020,0,not_significant,9763,10387,10387,0.93992490613266588,0.93992490613266588,-1496254.4772714099
single_biome_sensitivity,Cerrado,net_cr_balance_ha,2015,2020,0,island,0,10387,10387,0,0,0
single_biome_sensitivity,Cerrado,net_cr_balance_ha,2015,2020,0,not_applicable,0,10387,10387,0,,0
single_biome_sensitivity,Cerrado,net_cr_balance_ha,2020,2025,1,HH,322,10387,10387,0.031000288822566668,0.031000288822566668,203893.76222656586
single_biome_sensitivity,Cerrado,net_cr_balance_ha,2020,2025,1,LL,232,10387,10387,0.022335611822470396,0.022335611822470396,-403227.68538183108
single_biome_sensitivity,Cerrado,net_cr_balance_ha,2020,2025,1,HL,7,10387,10387,0.00067391932222971018,0.00067391932222971018,1733.56373206789
single_biome_sensitivity,Cerrado,net_cr_balance_ha,2020,2025,1,LH,4,10387,10387,0.0003850967555598344,0.0003850967555598344,-2238.8598358200456
single_biome_sensitivity,Cerrado,net_cr_balance_ha,2020,2025,1,not_significant,9822,10387,10387,0.94560508327717341,0.94560508327717341,-3516344.499208801
single_biome_sensitivity,Cerrado,net_cr_balance_ha,2020,2025,1,island,0,10387,10387,0,0,0
single_biome_sensitivity,Cerrado,net_cr_balance_ha,2020,2025,1,not_applicable,0,10387,10387,0,,0
single_biome_sensitivity,Cerrado,replenishment_ha,1985,1990,0,HH,2260,10387,10387,0.21757966689130645,0.21757966689130645,6121393.1444910672
single_biome_sensitivity,Cerrado,replenishment_ha,1985,1990,0,LL,1022,10387,10387,0.098392221045537687,0.098392221045537687,13884.562774272934
single_biome_sensitivity,Cerrado,replenishment_ha,1985,1990,0,HL,2,10387,10387,0.0001925483777799172,0.0001925483777799172,2090.5633508754713
single_biome_sensitivity,Cerrado,replenishment_ha,1985,1990,0,LH,38,10387,10387,0.0036584191778184271,0.0036584191778184271,16636.731744530214
single_biome_sensitivity,Cerrado,replenishment_ha,1985,1990,0,not_significant,7065,10387,10387,0.68017714450755751,0.68017714450755751,5029350.2312100194
single_biome_sensitivity,Cerrado,replenishment_ha,1985,1990,0,island,0,10387,10387,0,0,0
single_biome_sensitivity,Cerrado,replenishment_ha,1985,1990,0,not_applicable,0,10387,10387,0,,0
single_biome_sensitivity,Cerrado,replenishment_ha,1990,1995,0,HH,1342,10387,10387,0.12919996149032445,0.12919996149032445,3124333.4738103901
single_biome_sensitivity,Cerrado,replenishment_ha,1990,1995,0,LL,988,10387,10387,0.095118898623279102,0.095118898623279102,20212.381298604578
single_biome_sensitivity,Cerrado,replenishment_ha,1990,1995,0,HL,2,10387,10387,0.0001925483777799172,0.0001925483777799172,1556.1944976981072
single_biome_sensitivity,Cerrado,replenishment_ha,1990,1995,0,LH,38,10387,10387,0.0036584191778184271,0.0036584191778184271,17307.312344993126
single_biome_sensitivity,Cerrado,replenishment_ha,1990,1995,0,not_significant,8017,10387,10387,0.77183017233079809,0.77183017233079809,5494939.6763350293
single_biome_sensitivity,Cerrado,replenishment_ha,1990,1995,0,island,0,10387,10387,0,0,0
single_biome_sensitivity,Cerrado,replenishment_ha,1990,1995,0,not_applicable,0,10387,10387,0,,0
single_biome_sensitivity,Cerrado,replenishment_ha,1995,2000,0,HH,560,10387,10387,0.053913545778376815,0.053913545778376815,1082637.1956508048
single_biome_sensitivity,Cerrado,replenishment_ha,1995,2000,0,LL,1102,10387,10387,0.10609415615673438,0.10609415615673438,21514.351163262625
single_biome_sensitivity,Cerrado,replenishment_ha,1995,2000,0,HL,0,10387,10387,0,0,0
single_biome_sensitivity,Cerrado,replenishment_ha,1995,2000,0,LH,26,10387,10387,0.0025031289111389237,0.0025031289111389237,11107.1763044499
single_biome_sensitivity,Cerrado,replenishment_ha,1995,2000,0,not_significant,8699,10387,10387,0.83748916915374993,0.83748916915374993,5359956.2957434636
single_biome_sensitivity,Cerrado,replenishment_ha,1995,2000,0,island,0,10387,10387,0,0,0
single_biome_sensitivity,Cerrado,replenishment_ha,1995,2000,0,not_applicable,0,10387,10387,0,,0
single_biome_sensitivity,Cerrado,replenishment_ha,2000,2005,0,HH,252,10387,10387,0.024261095600269567,0.024261095600269567,535241.65939228632
single_biome_sensitivity,Cerrado,replenishment_ha,2000,2005,0,LL,1413,10387,10387,0.13603542890151152,0.13603542890151152,45104.093045421912
single_biome_sensitivity,Cerrado,replenishment_ha,2000,2005,0,HL,2,10387,10387,0.0001925483777799172,0.0001925483777799172,2107.377542474223
single_biome_sensitivity,Cerrado,replenishment_ha,2000,2005,0,LH,5,10387,10387,0.00048137094444979301,0.00048137094444979301,2561.6929032875628
single_biome_sensitivity,Cerrado,replenishment_ha,2000,2005,0,not_significant,8715,10387,10387,0.83902955617598918,0.83902955617598918,5504150.2471251432
single_biome_sensitivity,Cerrado,replenishment_ha,2000,2005,0,island,0,10387,10387,0,0,0
single_biome_sensitivity,Cerrado,replenishment_ha,2000,2005,0,not_applicable,0,10387,10387,0,,0
single_biome_sensitivity,Cerrado,replenishment_ha,2005,2010,0,HH,335,10387,10387,0.032251853278136129,0.032251853278136129,492614.58501299203
single_biome_sensitivity,Cerrado,replenishment_ha,2005,2010,0,LL,1083,10387,10387,0.10426494656782517,0.10426494656782517,20925.667811235842
single_biome_sensitivity,Cerrado,replenishment_ha,2005,2010,0,HL,2,10387,10387,0.0001925483777799172,0.0001925483777799172,1155.2821565710155
single_biome_sensitivity,Cerrado,replenishment_ha,2005,2010,0,LH,6,10387,10387,0.00057764513333975157,0.00057764513333975157,1591.1991455725304
single_biome_sensitivity,Cerrado,replenishment_ha,2005,2010,0,not_significant,8961,10387,10387,0.86271300664291906,0.86271300664291906,3502894.3230073527
single_biome_sensitivity,Cerrado,replenishment_ha,2005,2010,0,island,0,10387,10387,0,0,0
single_biome_sensitivity,Cerrado,replenishment_ha,2005,2010,0,not_applicable,0,10387,10387,0,,0
single_biome_sensitivity,Cerrado,replenishment_ha,2010,2015,0,HH,921,10387,10387,0.088668527967651872,0.088668527967651872,1304403.6098806551
single_biome_sensitivity,Cerrado,replenishment_ha,2010,2015,0,LL,905,10387,10387,0.087128140945412533,0.087128140945412533,13990.823521105096
single_biome_sensitivity,Cerrado,replenishment_ha,2010,2015,0,HL,6,10387,10387,0.00057764513333975157,0.00057764513333975157,3237.4917715023839
single_biome_sensitivity,Cerrado,replenishment_ha,2010,2015,0,LH,19,10387,10387,0.0018292095889092135,0.0018292095889092135,4204.3260425038497
single_biome_sensitivity,Cerrado,replenishment_ha,2010,2015,0,not_significant,8536,10387,10387,0.82179647636468667,0.82179647636468667,2930329.2160370885
single_biome_sensitivity,Cerrado,replenishment_ha,2010,2015,0,island,0,10387,10387,0,0,0
single_biome_sensitivity,Cerrado,replenishment_ha,2010,2015,0,not_applicable,0,10387,10387,0,,0
single_biome_sensitivity,Cerrado,replenishment_ha,2015,2020,0,HH,378,10387,10387,0.03639164340040435,0.03639164340040435,548678.70334367896
single_biome_sensitivity,Cerrado,replenishment_ha,2015,2020,0,LL,916,10387,10387,0.088187157023202081,0.088187157023202081,16083.047960847616
single_biome_sensitivity,Cerrado,replenishment_ha,2015,2020,0,HL,9,10387,10387,0.00086646770000962741,0.00086646770000962741,5391.6165224945717
single_biome_sensitivity,Cerrado,replenishment_ha,2015,2020,0,LH,4,10387,10387,0.0003850967555598344,0.0003850967555598344,478.28145465339514
single_biome_sensitivity,Cerrado,replenishment_ha,2015,2020,0,not_significant,9080,10387,10387,0.87416963512082413,0.87416963512082413,3141393.6956211994
single_biome_sensitivity,Cerrado,replenishment_ha,2015,2020,0,island,0,10387,10387,0,0,0
single_biome_sensitivity,Cerrado,replenishment_ha,2015,2020,0,not_applicable,0,10387,10387,0,,0
single_biome_sensitivity,Cerrado,replenishment_ha,2020,2025,1,HH,740,10387,10387,0.07124289977856936,0.07124289977856936,1125965.5345809762
single_biome_sensitivity,Cerrado,replenishment_ha,2020,2025,1,LL,1085,10387,10387,0.10445749494560508,0.10445749494560508,25717.214841268105
single_biome_sensitivity,Cerrado,replenishment_ha,2020,2025,1,HL,1,10387,10387,9.6274188889958599e-05,9.6274188889958599e-05,1186.6768633382576
single_biome_sensitivity,Cerrado,replenishment_ha,2020,2025,1,LH,27,10387,10387,0.0025994031000288824,0.0025994031000288824,6435.2921690317344
single_biome_sensitivity,Cerrado,replenishment_ha,2020,2025,1,not_significant,8534,10387,10387,0.82160392798690673,0.82160392798690673,3608429.997305586
single_biome_sensitivity,Cerrado,replenishment_ha,2020,2025,1,island,0,10387,10387,0,0,0
single_biome_sensitivity,Cerrado,replenishment_ha,2020,2025,1,not_applicable,0,10387,10387,0,,0
