grid_code,support_scope,t0,t1,interval,diagnostic_interval,metric,selected_cells,defined_cells,selected_support_ha,defined_support_ha,defined_support_fraction,weighted_mean,weighted_std,q00,q10,q25,q50,q75,q90,q99,q100
hex20k_canonical,primary_ge_50pct,1985,1990,1985_1990,0,consolidation_density_per_10kha,24889,24889,497776400.4434159,497776400.4434159,1.0,29.129624829700095,146.4463602518157,0.0,0.0,0.0,0.0,0.0,26.542212863983487,695.3725376868932,2984.7580113439344
hex20k_canonical,primary_ge_50pct,1985,1990,1985_1990,0,replenishment_density_per_10kha,24889,24889,497776400.4434159,497776400.4434159,1.0,330.0174891781233,535.2239716269153,0.0,0.0,0.0,50.801178623799565,482.34542203007095,1042.1943281332715,2332.836094862776,6331.853422632467
hex20k_canonical,primary_ge_50pct,1985,1990,1985_1990,0,nat_tmp_density_per_10kha,24889,24889,497776400.4434159,497776400.4434159,1.0,28.16486190062316,161.58867964496747,0.0,0.0,0.0,0.0,0.0,23.500926957911073,727.4671590969191,4574.090666130184
hex20k_canonical,primary_ge_50pct,1985,1990,1985_1990,0,net_cr_balance_density_per_10kha,24889,24889,497776400.4434159,497776400.4434159,1.0,-300.8878643484232,546.1434469378744,-6331.853422632467,-1013.0630767273207,-441.242958593112,-33.59956763248655,0.0,0.0,432.19658603836064,2642.430888847279
hex20k_canonical,primary_ge_50pct,1985,1990,1985_1990,0,cr_balance_index,24889,17626,497776400.4434159,352517450.4695679,0.7081843376977046,-0.8910051693999765,0.33450529081383223,-1.0,-1.0,-1.0,-1.0,-0.9969072754297538,-0.7027742055113158,0.7767025780059371,1.0
hex20k_canonical,primary_ge_50pct,1985,1990,1985_1990,0,consolidation_rate_initial_pasture,24889,16421,497776400.4434159,328417621.74968463,0.6597693692532077,0.024978618067512098,0.0948335121939946,0.0,0.0,0.0,0.0,0.0011035955795585203,0.04989476068879784,0.5228774120999695,1.0
hex20k_canonical,primary_ge_50pct,1985,1990,1985_1990,0,replenishment_rate_initial_native,24889,24885,497776400.4434159,497696401.2681242,0.9998392869263782,0.055679969771847304,0.09329571195044403,0.0,0.0,0.0,0.005999449357502428,0.07613151740645152,0.19040167888973286,0.39996389773723134,1.0
hex20k_canonical,primary_ge_50pct,1985,1990,1985_1990,0,nat_tmp_intensity_initial_native,24889,24885,497776400.4434159,497696401.2681242,0.9998392869263782,0.004908708773483446,0.024995001517347626,0.0,0.0,0.0,0.0,0.0,0.004683249641022812,0.11809362792466914,0.6613392092440042
hex20k_canonical,sensitivity_ge_25pct,1985,1990,1985_1990,0,consolidation_density_per_10kha,24889,24889,497776400.4434159,497776400.4434159,1.0,29.129624829700095,146.4463602518157,0.0,0.0,0.0,0.0,0.0,26.542212863983487,695.3725376868932,2984.7580113439344
hex20k_canonical,sensitivity_ge_25pct,1985,1990,1985_1990,0,replenishment_density_per_10kha,24889,24889,497776400.4434159,497776400.4434159,1.0,330.0174891781233,535.2239716269153,0.0,0.0,0.0,50.801178623799565,482.34542203007095,1042.1943281332715,2332.836094862776,6331.853422632467
hex20k_canonical,sensitivity_ge_25pct,1985,1990,1985_1990,0,nat_tmp_density_per_10kha,24889,24889,497776400.4434159,497776400.4434159,1.0,28.16486190062316,161.58867964496747,0.0,0.0,0.0,0.0,0.0,23.500926957911073,727.4671590969191,4574.090666130184
hex20k_canonical,sensitivity_ge_25pct,1985,1990,1985_1990,0,net_cr_balance_density_per_10kha,24889,24889,497776400.4434159,497776400.4434159,1.0,-300.8878643484232,546.1434469378744,-6331.853422632467,-1013.0630767273207,-441.242958593112,-33.59956763248655,0.0,0.0,432.19658603836064,2642.430888847279
hex20k_canonical,sensitivity_ge_25pct,1985,1990,1985_1990,0,cr_balance_index,24889,17626,497776400.4434159,352517450.4695679,0.7081843376977046,-0.8910051693999765,0.33450529081383223,-1.0,-1.0,-1.0,-1.0,-0.9969072754297538,-0.7027742055113158,0.7767025780059371,1.0
hex20k_canonical,sensitivity_ge_25pct,1985,1990,1985_1990,0,consolidation_rate_initial_pasture,24889,16421,497776400.4434159,328417621.74968463,0.6597693692532077,0.024978618067512098,0.0948335121939946,0.0,0.0,0.0,0.0,0.0011035955795585203,0.04989476068879784,0.5228774120999695,1.0
hex20k_canonical,sensitivity_ge_25pct,1985,1990,1985_1990,0,replenishment_rate_initial_native,24889,24885,497776400.4434159,497696401.2681242,0.9998392869263782,0.055679969771847304,0.09329571195044403,0.0,0.0,0.0,0.005999449357502428,0.07613151740645152,0.19040167888973286,0.39996389773723134,1.0
hex20k_canonical,sensitivity_ge_25pct,1985,1990,1985_1990,0,nat_tmp_intensity_initial_native,24889,24885,497776400.4434159,497696401.2681242,0.9998392869263782,0.004908708773483446,0.024995001517347626,0.0,0.0,0.0,0.0,0.0,0.004683249641022812,0.11809362792466914,0.6613392092440042
hex20k_canonical,sensitivity_ge_75pct,1985,1990,1985_1990,0,consolidation_density_per_10kha,24889,24889,497776400.4434159,497776400.4434159,1.0,29.129624829700095,146.4463602518157,0.0,0.0,0.0,0.0,0.0,26.542212863983487,695.3725376868932,2984.7580113439344
hex20k_canonical,sensitivity_ge_75pct,1985,1990,1985_1990,0,replenishment_density_per_10kha,24889,24889,497776400.4434159,497776400.4434159,1.0,330.0174891781233,535.2239716269153,0.0,0.0,0.0,50.801178623799565,482.34542203007095,1042.1943281332715,2332.836094862776,6331.853422632467
hex20k_canonical,sensitivity_ge_75pct,1985,1990,1985_1990,0,nat_tmp_density_per_10kha,24889,24889,497776400.4434159,497776400.4434159,1.0,28.16486190062316,161.58867964496747,0.0,0.0,0.0,0.0,0.0,23.500926957911073,727.4671590969191,4574.090666130184
hex20k_canonical,sensitivity_ge_75pct,1985,1990,1985_1990,0,net_cr_balance_density_per_10kha,24889,24889,497776400.4434159,497776400.4434159,1.0,-300.8878643484232,546.1434469378744,-6331.853422632467,-1013.0630767273207,-441.242958593112,-33.59956763248655,0.0,0.0,432.19658603836064,2642.430888847279
hex20k_canonical,sensitivity_ge_75pct,1985,1990,1985_1990,0,cr_balance_index,24889,17626,497776400.4434159,352517450.4695679,0.7081843376977046,-0.8910051693999765,0.33450529081383223,-1.0,-1.0,-1.0,-1.0,-0.9969072754297538,-0.7027742055113158,0.7767025780059371,1.0
hex20k_canonical,sensitivity_ge_75pct,1985,1990,1985_1990,0,consolidation_rate_initial_pasture,24889,16421,497776400.4434159,328417621.74968463,0.6597693692532077,0.024978618067512098,0.0948335121939946,0.0,0.0,0.0,0.0,0.0011035955795585203,0.04989476068879784,0.5228774120999695,1.0
hex20k_canonical,sensitivity_ge_75pct,1985,1990,1985_1990,0,replenishment_rate_initial_native,24889,24885,497776400.4434159,497696401.2681242,0.9998392869263782,0.055679969771847304,0.09329571195044403,0.0,0.0,0.0,0.005999449357502428,0.07613151740645152,0.19040167888973286,0.39996389773723134,1.0
hex20k_canonical,sensitivity_ge_75pct,1985,1990,1985_1990,0,nat_tmp_intensity_initial_native,24889,24885,497776400.4434159,497696401.2681242,0.9998392869263782,0.004908708773483446,0.024995001517347626,0.0,0.0,0.0,0.0,0.0,0.004683249641022812,0.11809362792466914,0.6613392092440042
hex20k_canonical,primary_ge_50pct,1990,1995,1990_1995,0,consolidation_density_per_10kha,24889,24889,497776400.4434159,497776400.4434159,1.0,32.92113897063326,130.69057230550757,0.0,0.0,0.0,0.0,0.2187795922157547,56.10260491135623,707.2389146735031,2440.86479383603
hex20k_canonical,primary_ge_50pct,1990,1995,1990_1995,0,replenishment_density_per_10kha,24889,24889,497776400.4434159,497776400.4434159,1.0,338.58012802860804,526.656263712051,0.0,0.0,0.04444925100268896,79.6324084554816,486.0327373421794,1055.616995830768,2267.1697742506763,5431.1449881238295
hex20k_canonical,primary_ge_50pct,1990,1995,1990_1995,0,nat_tmp_density_per_10kha,24889,24889,497776400.4434159,497776400.4434159,1.0,23.727494328430424,131.94586561892456,0.0,0.0,0.0,0.0,0.0,18.55907289756682,677.0051582750597,3433.684026793611
hex20k_canonical,primary_ge_50pct,1990,1995,1990_1995,0,net_cr_balance_density_per_10kha,24889,24889,497776400.4434159,497776400.4434159,1.0,-305.65898905797474,544.1941020405599,-5428.476627734633,-1035.6573716136088,-449.3555981998524,-48.8713945439755,0.0,0.0,526.9045351518181,2358.0883258794124
hex20k_canonical,primary_ge_50pct,1990,1995,1990_1995,0,cr_balance_index,24889,18713,497776400.4434159,374257286.5680661,0.7518582364183602,-0.8364243696711781,0.42245346246889365,-1.0,-1.0,-1.0,-1.0,-0.9798804874014171,-0.37862551759902413,0.9061252752112036,1.0
hex20k_canonical,primary_ge_50pct,1990,1995,1990_1995,0,consolidation_rate_initial_pasture,24889,17871,497776400.4434159,357417406.146045,0.7180280258920672,0.027889118816612827,0.0971340949906507,0.0,0.0,0.0,0.0,0.0032499710612803145,0.06514063478943712,0.519528190898104,1.0
hex20k_canonical,primary_ge_50pct,1990,1995,1990_1995,0,replenishment_rate_initial_native,24889,24884,497776400.4434159,497676401.01979774,0.999799107744905,0.05722556603665394,0.08877823704496537,0.0,0.0,4.654582639478339e-06,0.011486913196921326,0.08695500359466665,0.17587060750513328,0.38735329185611395,0.8237510699466192
hex20k_canonical,primary_ge_50pct,1990,1995,1990_1995,0,nat_tmp_intensity_initial_native,24889,24884,497776400.4434159,497676401.01979774,0.999799107744905,0.004341242785894097,0.023338264924866556,0.0,0.0,0.0,0.0,0.0,0.004571555128524095,0.10619627205980807,0.5850801283844504
hex20k_canonical,sensitivity_ge_25pct,1990,1995,1990_1995,0,consolidation_density_per_10kha,24889,24889,497776400.4434159,497776400.4434159,1.0,32.92113897063326,130.69057230550757,0.0,0.0,0.0,0.0,0.2187795922157547,56.10260491135623,707.2389146735031,2440.86479383603
hex20k_canonical,sensitivity_ge_25pct,1990,1995,1990_1995,0,replenishment_density_per_10kha,24889,24889,497776400.4434159,497776400.4434159,1.0,338.58012802860804,526.656263712051,0.0,0.0,0.04444925100268896,79.6324084554816,486.0327373421794,1055.616995830768,2267.1697742506763,5431.1449881238295
hex20k_canonical,sensitivity_ge_25pct,1990,1995,1990_1995,0,nat_tmp_density_per_10kha,24889,24889,497776400.4434159,497776400.4434159,1.0,23.727494328430424,131.94586561892456,0.0,0.0,0.0,0.0,0.0,18.55907289756682,677.0051582750597,3433.684026793611
hex20k_canonical,sensitivity_ge_25pct,1990,1995,1990_1995,0,net_cr_balance_density_per_10kha,24889,24889,497776400.4434159,497776400.4434159,1.0,-305.65898905797474,544.1941020405599,-5428.476627734633,-1035.6573716136088,-449.3555981998524,-48.8713945439755,0.0,0.0,526.9045351518181,2358.0883258794124
hex20k_canonical,sensitivity_ge_25pct,1990,1995,1990_1995,0,cr_balance_index,24889,18713,497776400.4434159,374257286.5680661,0.7518582364183602,-0.8364243696711781,0.42245346246889365,-1.0,-1.0,-1.0,-1.0,-0.9798804874014171,-0.37862551759902413,0.9061252752112036,1.0
hex20k_canonical,sensitivity_ge_25pct,1990,1995,1990_1995,0,consolidation_rate_initial_pasture,24889,17871,497776400.4434159,357417406.146045,0.7180280258920672,0.027889118816612827,0.0971340949906507,0.0,0.0,0.0,0.0,0.0032499710612803145,0.06514063478943712,0.519528190898104,1.0
hex20k_canonical,sensitivity_ge_25pct,1990,1995,1990_1995,0,replenishment_rate_initial_native,24889,24884,497776400.4434159,497676401.01979774,0.999799107744905,0.05722556603665394,0.08877823704496537,0.0,0.0,4.654582639478339e-06,0.011486913196921326,0.08695500359466665,0.17587060750513328,0.38735329185611395,0.8237510699466192
hex20k_canonical,sensitivity_ge_25pct,1990,1995,1990_1995,0,nat_tmp_intensity_initial_native,24889,24884,497776400.4434159,497676401.01979774,0.999799107744905,0.004341242785894097,0.023338264924866556,0.0,0.0,0.0,0.0,0.0,0.004571555128524095,0.10619627205980807,0.5850801283844504
hex20k_canonical,sensitivity_ge_75pct,1990,1995,1990_1995,0,consolidation_density_per_10kha,24889,24889,497776400.4434159,497776400.4434159,1.0,32.92113897063326,130.69057230550757,0.0,0.0,0.0,0.0,0.2187795922157547,56.10260491135623,707.2389146735031,2440.86479383603
hex20k_canonical,sensitivity_ge_75pct,1990,1995,1990_1995,0,replenishment_density_per_10kha,24889,24889,497776400.4434159,497776400.4434159,1.0,338.58012802860804,526.656263712051,0.0,0.0,0.04444925100268896,79.6324084554816,486.0327373421794,1055.616995830768,2267.1697742506763,5431.1449881238295
hex20k_canonical,sensitivity_ge_75pct,1990,1995,1990_1995,0,nat_tmp_density_per_10kha,24889,24889,497776400.4434159,497776400.4434159,1.0,23.727494328430424,131.94586561892456,0.0,0.0,0.0,0.0,0.0,18.55907289756682,677.0051582750597,3433.684026793611
hex20k_canonical,sensitivity_ge_75pct,1990,1995,1990_1995,0,net_cr_balance_density_per_10kha,24889,24889,497776400.4434159,497776400.4434159,1.0,-305.65898905797474,544.1941020405599,-5428.476627734633,-1035.6573716136088,-449.3555981998524,-48.8713945439755,0.0,0.0,526.9045351518181,2358.0883258794124
hex20k_canonical,sensitivity_ge_75pct,1990,1995,1990_1995,0,cr_balance_index,24889,18713,497776400.4434159,374257286.5680661,0.7518582364183602,-0.8364243696711781,0.42245346246889365,-1.0,-1.0,-1.0,-1.0,-0.9798804874014171,-0.37862551759902413,0.9061252752112036,1.0
hex20k_canonical,sensitivity_ge_75pct,1990,1995,1990_1995,0,consolidation_rate_initial_pasture,24889,17871,497776400.4434159,357417406.146045,0.7180280258920672,0.027889118816612827,0.0971340949906507,0.0,0.0,0.0,0.0,0.0032499710612803145,0.06514063478943712,0.519528190898104,1.0
hex20k_canonical,sensitivity_ge_75pct,1990,1995,1990_1995,0,replenishment_rate_initial_native,24889,24884,497776400.4434159,497676401.01979774,0.999799107744905,0.05722556603665394,0.08877823704496537,0.0,0.0,4.654582639478339e-06,0.011486913196921326,0.08695500359466665,0.17587060750513328,0.38735329185611395,0.8237510699466192
hex20k_canonical,sensitivity_ge_75pct,1990,1995,1990_1995,0,nat_tmp_intensity_initial_native,24889,24884,497776400.4434159,497676401.01979774,0.999799107744905,0.004341242785894097,0.023338264924866556,0.0,0.0,0.0,0.0,0.0,0.004571555128524095,0.10619627205980807,0.5850801283844504
hex20k_canonical,primary_ge_50pct,1995,2000,1995_2000,0,consolidation_density_per_10kha,24889,24889,497776400.4434159,497776400.4434159,1.0,36.35267025980447,132.92358246447657,0.0,0.0,0.0,0.0,1.7473503049746784,74.40290118242551,717.6913409197956,2164.3930471796284
hex20k_canonical,primary_ge_50pct,1995,2000,1995_2000,0,replenishment_density_per_10kha,24889,24889,497776400.4434159,497776400.4434159,1.0,314.3283880330638,473.4475680648126,0.0,0.0,1.062029217182317,95.60398554979619,447.59793669213303,952.3212728486259,2119.713750884297,5015.263774461928
hex20k_canonical,primary_ge_50pct,1995,2000,1995_2000,0,nat_tmp_density_per_10kha,24889,24889,497776400.4434159,497776400.4434159,1.0,24.603669384477225,153.12050012469237,0.0,0.0,0.0,0.0,0.39221761423893325,13.45288495097024,679.1774713066915,7554.379228527893
hex20k_canonical,primary_ge_50pct,1995,2000,1995_2000,0,net_cr_balance_density_per_10kha,24889,24889,497776400.4434159,497776400.4434159,1.0,-277.97571777325936,496.0940620735152,-5015.263774461928,-937.0366440968062,-419.6541787515335,-60.566462485006454,0.0,0.0,564.6773811413632,2131.4999262226156
hex20k_canonical,primary_ge_50pct,1995,2000,1995_2000,0,cr_balance_index,24889,19453,497776400.4434159,389057189.4453644,0.7815902664304593,-0.7973368086768553,0.47161995831839465,-1.0,-1.0,-1.0,-1.0,-0.946843846101674,-0.10629859167243338,0.9342105186530151,1.0
hex20k_canonical,primary_ge_50pct,1995,2000,1995_2000,0,consolidation_rate_initial_pasture,24889,18949,497776400.4434159,378977250.23168516,0.76134033251495,0.027844698686870433,0.09492938505184327,0.0,0.0,0.0,0.0,0.00450130375212004,0.06597582525572908,0.525743241440048,1.0
hex20k_canonical,primary_ge_50pct,1995,2000,1995_2000,0,replenishment_rate_initial_native,24889,24885,497776400.4434159,497696401.25850683,0.9998392869070575,0.055850593357161846,0.08567100459178764,0.0,0.0,0.00011722397867088675,0.01660812649852517,0.08037102412694778,0.163253679461325,0.39322858232757557,0.8577270638268909
hex20k_canonical,primary_ge_50pct,1995,2000,1995_2000,0,nat_tmp_intensity_initial_native,24889,24885,497776400.4434159,497696401.25850683,0.9998392869070575,0.004367362409914863,0.024436690839281055,0.0,0.0,0.0,0.0,6.978505591051459e-05,0.0036622432737035537,0.1163031306500942,0.7586477296828137
hex20k_canonical,sensitivity_ge_25pct,1995,2000,1995_2000,0,consolidation_density_per_10kha,24889,24889,497776400.4434159,497776400.4434159,1.0,36.35267025980447,132.92358246447657,0.0,0.0,0.0,0.0,1.7473503049746784,74.40290118242551,717.6913409197956,2164.3930471796284
hex20k_canonical,sensitivity_ge_25pct,1995,2000,1995_2000,0,replenishment_density_per_10kha,24889,24889,497776400.4434159,497776400.4434159,1.0,314.3283880330638,473.4475680648126,0.0,0.0,1.062029217182317,95.60398554979619,447.59793669213303,952.3212728486259,2119.713750884297,5015.263774461928
hex20k_canonical,sensitivity_ge_25pct,1995,2000,1995_2000,0,nat_tmp_density_per_10kha,24889,24889,497776400.4434159,497776400.4434159,1.0,24.603669384477225,153.12050012469237,0.0,0.0,0.0,0.0,0.39221761423893325,13.45288495097024,679.1774713066915,7554.379228527893
hex20k_canonical,sensitivity_ge_25pct,1995,2000,1995_2000,0,net_cr_balance_density_per_10kha,24889,24889,497776400.4434159,497776400.4434159,1.0,-277.97571777325936,496.0940620735152,-5015.263774461928,-937.0366440968062,-419.6541787515335,-60.566462485006454,0.0,0.0,564.6773811413632,2131.4999262226156
hex20k_canonical,sensitivity_ge_25pct,1995,2000,1995_2000,0,cr_balance_index,24889,19453,497776400.4434159,389057189.4453644,0.7815902664304593,-0.7973368086768553,0.47161995831839465,-1.0,-1.0,-1.0,-1.0,-0.946843846101674,-0.10629859167243338,0.9342105186530151,1.0
hex20k_canonical,sensitivity_ge_25pct,1995,2000,1995_2000,0,consolidation_rate_initial_pasture,24889,18949,497776400.4434159,378977250.23168516,0.76134033251495,0.027844698686870433,0.09492938505184327,0.0,0.0,0.0,0.0,0.00450130375212004,0.06597582525572908,0.525743241440048,1.0
hex20k_canonical,sensitivity_ge_25pct,1995,2000,1995_2000,0,replenishment_rate_initial_native,24889,24885,497776400.4434159,497696401.25850683,0.9998392869070575,0.055850593357161846,0.08567100459178764,0.0,0.0,0.00011722397867088675,0.01660812649852517,0.08037102412694778,0.163253679461325,0.39322858232757557,0.8577270638268909
hex20k_canonical,sensitivity_ge_25pct,1995,2000,1995_2000,0,nat_tmp_intensity_initial_native,24889,24885,497776400.4434159,497696401.25850683,0.9998392869070575,0.004367362409914863,0.024436690839281055,0.0,0.0,0.0,0.0,6.978505591051459e-05,0.0036622432737035537,0.1163031306500942,0.7586477296828137
hex20k_canonical,sensitivity_ge_75pct,1995,2000,1995_2000,0,consolidation_density_per_10kha,24889,24889,497776400.4434159,497776400.4434159,1.0,36.35267025980447,132.92358246447657,0.0,0.0,0.0,0.0,1.7473503049746784,74.40290118242551,717.6913409197956,2164.3930471796284
hex20k_canonical,sensitivity_ge_75pct,1995,2000,1995_2000,0,replenishment_density_per_10kha,24889,24889,497776400.4434159,497776400.4434159,1.0,314.3283880330638,473.4475680648126,0.0,0.0,1.062029217182317,95.60398554979619,447.59793669213303,952.3212728486259,2119.713750884297,5015.263774461928
hex20k_canonical,sensitivity_ge_75pct,1995,2000,1995_2000,0,nat_tmp_density_per_10kha,24889,24889,497776400.4434159,497776400.4434159,1.0,24.603669384477225,153.12050012469237,0.0,0.0,0.0,0.0,0.39221761423893325,13.45288495097024,679.1774713066915,7554.379228527893
hex20k_canonical,sensitivity_ge_75pct,1995,2000,1995_2000,0,net_cr_balance_density_per_10kha,24889,24889,497776400.4434159,497776400.4434159,1.0,-277.97571777325936,496.0940620735152,-5015.263774461928,-937.0366440968062,-419.6541787515335,-60.566462485006454,0.0,0.0,564.6773811413632,2131.4999262226156
hex20k_canonical,sensitivity_ge_75pct,1995,2000,1995_2000,0,cr_balance_index,24889,19453,497776400.4434159,389057189.4453644,0.7815902664304593,-0.7973368086768553,0.47161995831839465,-1.0,-1.0,-1.0,-1.0,-0.946843846101674,-0.10629859167243338,0.9342105186530151,1.0
hex20k_canonical,sensitivity_ge_75pct,1995,2000,1995_2000,0,consolidation_rate_initial_pasture,24889,18949,497776400.4434159,378977250.23168516,0.76134033251495,0.027844698686870433,0.09492938505184327,0.0,0.0,0.0,0.0,0.00450130375212004,0.06597582525572908,0.525743241440048,1.0
hex20k_canonical,sensitivity_ge_75pct,1995,2000,1995_2000,0,replenishment_rate_initial_native,24889,24885,497776400.4434159,497696401.25850683,0.9998392869070575,0.055850593357161846,0.08567100459178764,0.0,0.0,0.00011722397867088675,0.01660812649852517,0.08037102412694778,0.163253679461325,0.39322858232757557,0.8577270638268909
hex20k_canonical,sensitivity_ge_75pct,1995,2000,1995_2000,0,nat_tmp_intensity_initial_native,24889,24885,497776400.4434159,497696401.25850683,0.9998392869070575,0.004367362409914863,0.024436690839281055,0.0,0.0,0.0,0.0,6.978505591051459e-05,0.0036622432737035537,0.1163031306500942,0.7586477296828137
hex20k_canonical,primary_ge_50pct,2000,2005,2000_2005,0,consolidation_density_per_10kha,24889,24889,497776400.4434159,497776400.4434159,1.0,70.39868953415623,228.04161433581532,0.0,0.0,0.0,0.0,6.460716569308624,190.6657195949598,1208.5966975607907,4322.349525952622
hex20k_canonical,primary_ge_50pct,2000,2005,2000_2005,0,replenishment_density_per_10kha,24889,24889,497776400.4434159,497776400.4434159,1.0,340.0283147201305,507.39310288147027,0.0,0.0,3.6797250260199643,120.55774568736793,486.6449392333608,973.6059320267415,2361.044496535258,6258.657337426761
hex20k_canonical,primary_ge_50pct,2000,2005,2000_2005,0,nat_tmp_density_per_10kha,24889,24889,497776400.4434159,497776400.4434159,1.0,46.10075419269791,226.66874585996723,0.0,0.0,0.0,0.0,1.6012351827892282,40.65593251474869,1142.1084969192775,5241.454483667107
hex20k_canonical,primary_ge_50pct,2000,2005,2000_2005,0,net_cr_balance_density_per_10kha,24889,24889,497776400.4434159,497776400.4434159,1.0,-269.62962518597425,567.339507094128,-6258.657337426761,-952.2006202163217,-442.5892911997948,-66.87965497699774,0.0,13.849130926258962,1042.660164705681,4274.391588083714
hex20k_canonical,primary_ge_50pct,2000,2005,2000_2005,0,cr_balance_index,24889,20394,497776400.4434159,407877045.8311608,0.8193981182471219,-0.7244047470006093,0.5593445531605777,-1.0,-1.0,-1.0,-1.0,-0.860293401925057,0.35224451766082454,0.9701571517894839,1.0
hex20k_canonical,primary_ge_50pct,2000,2005,2000_2005,0,consolidation_rate_initial_pasture,24889,19645,497776400.4434159,392897162.50178784,0.7893045193621026,0.04734950546612943,0.13265422716995973,0.0,0.0,0.0,0.0,0.012362987516571253,0.14930586202410795,0.728443337314204,1.0
hex20k_canonical,primary_ge_50pct,2000,2005,2000_2005,0,replenishment_rate_initial_native,24889,24886,497776400.4434159,497716401.5068334,0.9998794660885308,0.060470693710069905,0.08707856997766081,0.0,0.0,0.00047437043569540575,0.022590422860041783,0.08725865087199773,0.17565090985457912,0.39021602914454206,1.0
hex20k_canonical,primary_ge_50pct,2000,2005,2000_2005,0,nat_tmp_intensity_initial_native,24889,24886,497776400.4434159,497716401.5068334,0.9998794660885308,0.007739466054463721,0.03474713190257861,0.0,0.0,0.0,0.0,0.0003078527957425676,0.010231746978427781,0.18423260278465456,0.6771252536941003
hex20k_canonical,sensitivity_ge_25pct,2000,2005,2000_2005,0,consolidation_density_per_10kha,24889,24889,497776400.4434159,497776400.4434159,1.0,70.39868953415623,228.04161433581532,0.0,0.0,0.0,0.0,6.460716569308624,190.6657195949598,1208.5966975607907,4322.349525952622
hex20k_canonical,sensitivity_ge_25pct,2000,2005,2000_2005,0,replenishment_density_per_10kha,24889,24889,497776400.4434159,497776400.4434159,1.0,340.0283147201305,507.39310288147027,0.0,0.0,3.6797250260199643,120.55774568736793,486.6449392333608,973.6059320267415,2361.044496535258,6258.657337426761
hex20k_canonical,sensitivity_ge_25pct,2000,2005,2000_2005,0,nat_tmp_density_per_10kha,24889,24889,497776400.4434159,497776400.4434159,1.0,46.10075419269791,226.66874585996723,0.0,0.0,0.0,0.0,1.6012351827892282,40.65593251474869,1142.1084969192775,5241.454483667107
hex20k_canonical,sensitivity_ge_25pct,2000,2005,2000_2005,0,net_cr_balance_density_per_10kha,24889,24889,497776400.4434159,497776400.4434159,1.0,-269.62962518597425,567.339507094128,-6258.657337426761,-952.2006202163217,-442.5892911997948,-66.87965497699774,0.0,13.849130926258962,1042.660164705681,4274.391588083714
hex20k_canonical,sensitivity_ge_25pct,2000,2005,2000_2005,0,cr_balance_index,24889,20394,497776400.4434159,407877045.8311608,0.8193981182471219,-0.7244047470006093,0.5593445531605777,-1.0,-1.0,-1.0,-1.0,-0.860293401925057,0.35224451766082454,0.9701571517894839,1.0
hex20k_canonical,sensitivity_ge_25pct,2000,2005,2000_2005,0,consolidation_rate_initial_pasture,24889,19645,497776400.4434159,392897162.50178784,0.7893045193621026,0.04734950546612943,0.13265422716995973,0.0,0.0,0.0,0.0,0.012362987516571253,0.14930586202410795,0.728443337314204,1.0
hex20k_canonical,sensitivity_ge_25pct,2000,2005,2000_2005,0,replenishment_rate_initial_native,24889,24886,497776400.4434159,497716401.5068334,0.9998794660885308,0.060470693710069905,0.08707856997766081,0.0,0.0,0.00047437043569540575,0.022590422860041783,0.08725865087199773,0.17565090985457912,0.39021602914454206,1.0
hex20k_canonical,sensitivity_ge_25pct,2000,2005,2000_2005,0,nat_tmp_intensity_initial_native,24889,24886,497776400.4434159,497716401.5068334,0.9998794660885308,0.007739466054463721,0.03474713190257861,0.0,0.0,0.0,0.0,0.0003078527957425676,0.010231746978427781,0.18423260278465456,0.6771252536941003
hex20k_canonical,sensitivity_ge_75pct,2000,2005,2000_2005,0,consolidation_density_per_10kha,24889,24889,497776400.4434159,497776400.4434159,1.0,70.39868953415623,228.04161433581532,0.0,0.0,0.0,0.0,6.460716569308624,190.6657195949598,1208.5966975607907,4322.349525952622
hex20k_canonical,sensitivity_ge_75pct,2000,2005,2000_2005,0,replenishment_density_per_10kha,24889,24889,497776400.4434159,497776400.4434159,1.0,340.0283147201305,507.39310288147027,0.0,0.0,3.6797250260199643,120.55774568736793,486.6449392333608,973.6059320267415,2361.044496535258,6258.657337426761
hex20k_canonical,sensitivity_ge_75pct,2000,2005,2000_2005,0,nat_tmp_density_per_10kha,24889,24889,497776400.4434159,497776400.4434159,1.0,46.10075419269791,226.66874585996723,0.0,0.0,0.0,0.0,1.6012351827892282,40.65593251474869,1142.1084969192775,5241.454483667107
hex20k_canonical,sensitivity_ge_75pct,2000,2005,2000_2005,0,net_cr_balance_density_per_10kha,24889,24889,497776400.4434159,497776400.4434159,1.0,-269.62962518597425,567.339507094128,-6258.657337426761,-952.2006202163217,-442.5892911997948,-66.87965497699774,0.0,13.849130926258962,1042.660164705681,4274.391588083714
hex20k_canonical,sensitivity_ge_75pct,2000,2005,2000_2005,0,cr_balance_index,24889,20394,497776400.4434159,407877045.8311608,0.8193981182471219,-0.7244047470006093,0.5593445531605777,-1.0,-1.0,-1.0,-1.0,-0.860293401925057,0.35224451766082454,0.9701571517894839,1.0
hex20k_canonical,sensitivity_ge_75pct,2000,2005,2000_2005,0,consolidation_rate_initial_pasture,24889,19645,497776400.4434159,392897162.50178784,0.7893045193621026,0.04734950546612943,0.13265422716995973,0.0,0.0,0.0,0.0,0.012362987516571253,0.14930586202410795,0.728443337314204,1.0
hex20k_canonical,sensitivity_ge_75pct,2000,2005,2000_2005,0,replenishment_rate_initial_native,24889,24886,497776400.4434159,497716401.5068334,0.9998794660885308,0.060470693710069905,0.08707856997766081,0.0,0.0,0.00047437043569540575,0.022590422860041783,0.08725865087199773,0.17565090985457912,0.39021602914454206,1.0
hex20k_canonical,sensitivity_ge_75pct,2000,2005,2000_2005,0,nat_tmp_intensity_initial_native,24889,24886,497776400.4434159,497716401.5068334,0.9998794660885308,0.007739466054463721,0.03474713190257861,0.0,0.0,0.0,0.0,0.0003078527957425676,0.010231746978427781,0.18423260278465456,0.6771252536941003
hex20k_canonical,primary_ge_50pct,2005,2010,2005_2010,0,consolidation_density_per_10kha,24889,24889,497776400.4434159,497776400.4434159,1.0,56.77030834478791,168.09506492147702,0.0,0.0,0.0,0.0,16.75088247365372,177.16021961300385,830.0139717230392,2979.232788334413
hex20k_canonical,primary_ge_50pct,2005,2010,2005_2010,0,replenishment_density_per_10kha,24889,24889,497776400.4434159,497776400.4434159,1.0,202.0596507347242,315.62638308527045,0.0,0.0,3.9597656452305126,71.70031803847766,274.92175081810007,572.7063951765914,1453.7949786161262,4967.947193363589
hex20k_canonical,primary_ge_50pct,2005,2010,2005_2010,0,nat_tmp_density_per_10kha,24889,24889,497776400.4434159,497776400.4434159,1.0,18.988950002974356,130.86271181607472,0.0,0.0,0.0,0.0,1.3861344746706235,16.916096850800344,402.7887519489676,5410.6428309404555
hex20k_canonical,primary_ge_50pct,2005,2010,2005_2010,0,net_cr_balance_density_per_10kha,24889,24889,497776400.4434159,497776400.4434159,1.0,-145.28934238993628,366.35436174773344,-4967.903030642536,-552.8933887297561,-241.44458588213416,-35.31490487494929,0.0,70.48277920295357,750.5272324160711,2974.4313386953017
hex20k_canonical,primary_ge_50pct,2005,2010,2005_2010,0,cr_balance_index,24889,20642,497776400.4434159,412837005.5678533,0.8293623506459945,-0.6413913090576878,0.619545197967041,-1.0,-1.0,-1.0,-0.9990008494299772,-0.5812425817222182,0.5869798585512994,0.9785549287040941,1.0
hex20k_canonical,primary_ge_50pct,2005,2010,2005_2010,0,consolidation_rate_initial_pasture,24889,20567,497776400.4434159,411337015.9875548,0.826348970383366,0.04041599047318479,0.11335232955339457,0.0,0.0,0.0,7.208680192668394e-05,0.016224114166602452,0.11856864052936175,0.6130400407049049,1.0
hex20k_canonical,primary_ge_50pct,2005,2010,2005_2010,0,replenishment_rate_initial_native,24889,24885,497776400.4434159,497696401.25850683,0.9998392869070575,0.03909368445081651,0.06041197806328819,0.0,0.0,0.000535484564729486,0.014636328540758284,0.05319600981359989,0.10925862332856583,0.2851639650768126,0.6903960585978186
hex20k_canonical,primary_ge_50pct,2005,2010,2005_2010,0,nat_tmp_intensity_initial_native,24889,24885,497776400.4434159,497696401.25850683,0.9998392869070575,0.0034189539787499797,0.019787442359149508,0.0,0.0,0.0,0.0,0.0003019409420265104,0.005050683305639248,0.06959049324226983,0.5940469168026822
hex20k_canonical,sensitivity_ge_25pct,2005,2010,2005_2010,0,consolidation_density_per_10kha,24889,24889,497776400.4434159,497776400.4434159,1.0,56.77030834478791,168.09506492147702,0.0,0.0,0.0,0.0,16.75088247365372,177.16021961300385,830.0139717230392,2979.232788334413
hex20k_canonical,sensitivity_ge_25pct,2005,2010,2005_2010,0,replenishment_density_per_10kha,24889,24889,497776400.4434159,497776400.4434159,1.0,202.0596507347242,315.62638308527045,0.0,0.0,3.9597656452305126,71.70031803847766,274.92175081810007,572.7063951765914,1453.7949786161262,4967.947193363589
hex20k_canonical,sensitivity_ge_25pct,2005,2010,2005_2010,0,nat_tmp_density_per_10kha,24889,24889,497776400.4434159,497776400.4434159,1.0,18.988950002974356,130.86271181607472,0.0,0.0,0.0,0.0,1.3861344746706235,16.916096850800344,402.7887519489676,5410.6428309404555
hex20k_canonical,sensitivity_ge_25pct,2005,2010,2005_2010,0,net_cr_balance_density_per_10kha,24889,24889,497776400.4434159,497776400.4434159,1.0,-145.28934238993628,366.35436174773344,-4967.903030642536,-552.8933887297561,-241.44458588213416,-35.31490487494929,0.0,70.48277920295357,750.5272324160711,2974.4313386953017
hex20k_canonical,sensitivity_ge_25pct,2005,2010,2005_2010,0,cr_balance_index,24889,20642,497776400.4434159,412837005.5678533,0.8293623506459945,-0.6413913090576878,0.619545197967041,-1.0,-1.0,-1.0,-0.9990008494299772,-0.5812425817222182,0.5869798585512994,0.9785549287040941,1.0
hex20k_canonical,sensitivity_ge_25pct,2005,2010,2005_2010,0,consolidation_rate_initial_pasture,24889,20567,497776400.4434159,411337015.9875548,0.826348970383366,0.04041599047318479,0.11335232955339457,0.0,0.0,0.0,7.208680192668394e-05,0.016224114166602452,0.11856864052936175,0.6130400407049049,1.0
hex20k_canonical,sensitivity_ge_25pct,2005,2010,2005_2010,0,replenishment_rate_initial_native,24889,24885,497776400.4434159,497696401.25850683,0.9998392869070575,0.03909368445081651,0.06041197806328819,0.0,0.0,0.000535484564729486,0.014636328540758284,0.05319600981359989,0.10925862332856583,0.2851639650768126,0.6903960585978186
hex20k_canonical,sensitivity_ge_25pct,2005,2010,2005_2010,0,nat_tmp_intensity_initial_native,24889,24885,497776400.4434159,497696401.25850683,0.9998392869070575,0.0034189539787499797,0.019787442359149508,0.0,0.0,0.0,0.0,0.0003019409420265104,0.005050683305639248,0.06959049324226983,0.5940469168026822
hex20k_canonical,sensitivity_ge_75pct,2005,2010,2005_2010,0,consolidation_density_per_10kha,24889,24889,497776400.4434159,497776400.4434159,1.0,56.77030834478791,168.09506492147702,0.0,0.0,0.0,0.0,16.75088247365372,177.16021961300385,830.0139717230392,2979.232788334413
hex20k_canonical,sensitivity_ge_75pct,2005,2010,2005_2010,0,replenishment_density_per_10kha,24889,24889,497776400.4434159,497776400.4434159,1.0,202.0596507347242,315.62638308527045,0.0,0.0,3.9597656452305126,71.70031803847766,274.92175081810007,572.7063951765914,1453.7949786161262,4967.947193363589
hex20k_canonical,sensitivity_ge_75pct,2005,2010,2005_2010,0,nat_tmp_density_per_10kha,24889,24889,497776400.4434159,497776400.4434159,1.0,18.988950002974356,130.86271181607472,0.0,0.0,0.0,0.0,1.3861344746706235,16.916096850800344,402.7887519489676,5410.6428309404555
hex20k_canonical,sensitivity_ge_75pct,2005,2010,2005_2010,0,net_cr_balance_density_per_10kha,24889,24889,497776400.4434159,497776400.4434159,1.0,-145.28934238993628,366.35436174773344,-4967.903030642536,-552.8933887297561,-241.44458588213416,-35.31490487494929,0.0,70.48277920295357,750.5272324160711,2974.4313386953017
hex20k_canonical,sensitivity_ge_75pct,2005,2010,2005_2010,0,cr_balance_index,24889,20642,497776400.4434159,412837005.5678533,0.8293623506459945,-0.6413913090576878,0.619545197967041,-1.0,-1.0,-1.0,-0.9990008494299772,-0.5812425817222182,0.5869798585512994,0.9785549287040941,1.0
hex20k_canonical,sensitivity_ge_75pct,2005,2010,2005_2010,0,consolidation_rate_initial_pasture,24889,20567,497776400.4434159,411337015.9875548,0.826348970383366,0.04041599047318479,0.11335232955339457,0.0,0.0,0.0,7.208680192668394e-05,0.016224114166602452,0.11856864052936175,0.6130400407049049,1.0
hex20k_canonical,sensitivity_ge_75pct,2005,2010,2005_2010,0,replenishment_rate_initial_native,24889,24885,497776400.4434159,497696401.25850683,0.9998392869070575,0.03909368445081651,0.06041197806328819,0.0,0.0,0.000535484564729486,0.014636328540758284,0.05319600981359989,0.10925862332856583,0.2851639650768126,0.6903960585978186
hex20k_canonical,sensitivity_ge_75pct,2005,2010,2005_2010,0,nat_tmp_intensity_initial_native,24889,24885,497776400.4434159,497696401.25850683,0.9998392869070575,0.0034189539787499797,0.019787442359149508,0.0,0.0,0.0,0.0,0.0003019409420265104,0.005050683305639248,0.06959049324226983,0.5940469168026822
hex20k_canonical,primary_ge_50pct,2010,2015,2010_2015,0,consolidation_density_per_10kha,24889,24889,497776400.4434159,497776400.4434159,1.0,99.9350227685744,277.88425371149776,0.0,0.0,0.0,0.0,43.34128049658562,314.2820503853739,1378.814884419237,4665.645092952535
hex20k_canonical,primary_ge_50pct,2010,2015,2010_2015,0,replenishment_density_per_10kha,24889,24889,497776400.4434159,497776400.4434159,1.0,174.7284213993042,275.67358885262325,0.0,0.0,3.5219234081857578,57.05830055673907,232.52419048064837,510.5849015014861,1244.2249825327117,3736.457639371411
hex20k_canonical,primary_ge_50pct,2010,2015,2010_2015,0,nat_tmp_density_per_10kha,24889,24889,497776400.4434159,497776400.4434159,1.0,27.369916310285245,156.0993393650546,0.0,0.0,0.0,0.0,3.396678842529415,30.41807133678641,620.6172999195697,5079.1791290047595
hex20k_canonical,primary_ge_50pct,2010,2015,2010_2015,0,net_cr_balance_density_per_10kha,24889,24889,497776400.4434159,497776400.4434159,1.0,-74.7933986307298,397.36787873156504,-3735.973744029441,-473.0024278268602,-183.97428977781738,-16.09378567903693,0.0,201.68500532773956,1274.8890222350167,4655.52644277266
hex20k_canonical,primary_ge_50pct,2010,2015,2010_2015,0,cr_balance_index,24889,20860,497776400.4434159,417196970.89999115,0.8381212338076994,-0.5272458227443337,0.6941326588887032,-1.0,-1.0,-1.0,-0.97875635220987,-0.1228340767306877,0.7919316166376946,0.9899990439013614,1.0
hex20k_canonical,primary_ge_50pct,2010,2015,2010_2015,0,consolidation_rate_initial_pasture,24889,20874,497776400.4434159,417476976.5594121,0.8386837467335262,0.05945443790453176,0.13994151147677333,0.0,0.0,0.0,0.0008762749652605269,0.04237018441299517,0.18808145235301665,0.7317983495324165,1.0
hex20k_canonical,primary_ge_50pct,2010,2015,2010_2015,0,replenishment_rate_initial_native,24889,24883,497776400.4434159,497656401.15154773,0.9997589293269804,0.034142152937991235,0.05286032035859929,0.0,0.0,0.0005259457567745927,0.012593224692264355,0.04612159747967499,0.09702331550167195,0.24485601157174255,0.5964293255096488
hex20k_canonical,primary_ge_50pct,2010,2015,2010_2015,0,nat_tmp_intensity_initial_native,24889,24883,497776400.4434159,497656401.15154773,0.9997589293269804,0.004814378810011905,0.024190784613570913,0.0,0.0,0.0,0.0,0.0008125875240655768,0.0077359410401687066,0.09827197220749546,0.6306799093023543
hex20k_canonical,sensitivity_ge_25pct,2010,2015,2010_2015,0,consolidation_density_per_10kha,24889,24889,497776400.4434159,497776400.4434159,1.0,99.9350227685744,277.88425371149776,0.0,0.0,0.0,0.0,43.34128049658562,314.2820503853739,1378.814884419237,4665.645092952535
hex20k_canonical,sensitivity_ge_25pct,2010,2015,2010_2015,0,replenishment_density_per_10kha,24889,24889,497776400.4434159,497776400.4434159,1.0,174.7284213993042,275.67358885262325,0.0,0.0,3.5219234081857578,57.05830055673907,232.52419048064837,510.5849015014861,1244.2249825327117,3736.457639371411
hex20k_canonical,sensitivity_ge_25pct,2010,2015,2010_2015,0,nat_tmp_density_per_10kha,24889,24889,497776400.4434159,497776400.4434159,1.0,27.369916310285245,156.0993393650546,0.0,0.0,0.0,0.0,3.396678842529415,30.41807133678641,620.6172999195697,5079.1791290047595
hex20k_canonical,sensitivity_ge_25pct,2010,2015,2010_2015,0,net_cr_balance_density_per_10kha,24889,24889,497776400.4434159,497776400.4434159,1.0,-74.7933986307298,397.36787873156504,-3735.973744029441,-473.0024278268602,-183.97428977781738,-16.09378567903693,0.0,201.68500532773956,1274.8890222350167,4655.52644277266
hex20k_canonical,sensitivity_ge_25pct,2010,2015,2010_2015,0,cr_balance_index,24889,20860,497776400.4434159,417196970.89999115,0.8381212338076994,-0.5272458227443337,0.6941326588887032,-1.0,-1.0,-1.0,-0.97875635220987,-0.1228340767306877,0.7919316166376946,0.9899990439013614,1.0
hex20k_canonical,sensitivity_ge_25pct,2010,2015,2010_2015,0,consolidation_rate_initial_pasture,24889,20874,497776400.4434159,417476976.5594121,0.8386837467335262,0.05945443790453176,0.13994151147677333,0.0,0.0,0.0,0.0008762749652605269,0.04237018441299517,0.18808145235301665,0.7317983495324165,1.0
hex20k_canonical,sensitivity_ge_25pct,2010,2015,2010_2015,0,replenishment_rate_initial_native,24889,24883,497776400.4434159,497656401.15154773,0.9997589293269804,0.034142152937991235,0.05286032035859929,0.0,0.0,0.0005259457567745927,0.012593224692264355,0.04612159747967499,0.09702331550167195,0.24485601157174255,0.5964293255096488
hex20k_canonical,sensitivity_ge_25pct,2010,2015,2010_2015,0,nat_tmp_intensity_initial_native,24889,24883,497776400.4434159,497656401.15154773,0.9997589293269804,0.004814378810011905,0.024190784613570913,0.0,0.0,0.0,0.0,0.0008125875240655768,0.0077359410401687066,0.09827197220749546,0.6306799093023543
hex20k_canonical,sensitivity_ge_75pct,2010,2015,2010_2015,0,consolidation_density_per_10kha,24889,24889,497776400.4434159,497776400.4434159,1.0,99.9350227685744,277.88425371149776,0.0,0.0,0.0,0.0,43.34128049658562,314.2820503853739,1378.814884419237,4665.645092952535
hex20k_canonical,sensitivity_ge_75pct,2010,2015,2010_2015,0,replenishment_density_per_10kha,24889,24889,497776400.4434159,497776400.4434159,1.0,174.7284213993042,275.67358885262325,0.0,0.0,3.5219234081857578,57.05830055673907,232.52419048064837,510.5849015014861,1244.2249825327117,3736.457639371411
hex20k_canonical,sensitivity_ge_75pct,2010,2015,2010_2015,0,nat_tmp_density_per_10kha,24889,24889,497776400.4434159,497776400.4434159,1.0,27.369916310285245,156.0993393650546,0.0,0.0,0.0,0.0,3.396678842529415,30.41807133678641,620.6172999195697,5079.1791290047595
hex20k_canonical,sensitivity_ge_75pct,2010,2015,2010_2015,0,net_cr_balance_density_per_10kha,24889,24889,497776400.4434159,497776400.4434159,1.0,-74.7933986307298,397.36787873156504,-3735.973744029441,-473.0024278268602,-183.97428977781738,-16.09378567903693,0.0,201.68500532773956,1274.8890222350167,4655.52644277266
hex20k_canonical,sensitivity_ge_75pct,2010,2015,2010_2015,0,cr_balance_index,24889,20860,497776400.4434159,417196970.89999115,0.8381212338076994,-0.5272458227443337,0.6941326588887032,-1.0,-1.0,-1.0,-0.97875635220987,-0.1228340767306877,0.7919316166376946,0.9899990439013614,1.0
hex20k_canonical,sensitivity_ge_75pct,2010,2015,2010_2015,0,consolidation_rate_initial_pasture,24889,20874,497776400.4434159,417476976.5594121,0.8386837467335262,0.05945443790453176,0.13994151147677333,0.0,0.0,0.0,0.0008762749652605269,0.04237018441299517,0.18808145235301665,0.7317983495324165,1.0
hex20k_canonical,sensitivity_ge_75pct,2010,2015,2010_2015,0,replenishment_rate_initial_native,24889,24883,497776400.4434159,497656401.15154773,0.9997589293269804,0.034142152937991235,0.05286032035859929,0.0,0.0,0.0005259457567745927,0.012593224692264355,0.04612159747967499,0.09702331550167195,0.24485601157174255,0.5964293255096488
hex20k_canonical,sensitivity_ge_75pct,2010,2015,2010_2015,0,nat_tmp_intensity_initial_native,24889,24883,497776400.4434159,497656401.15154773,0.9997589293269804,0.004814378810011905,0.024190784613570913,0.0,0.0,0.0,0.0,0.0008125875240655768,0.0077359410401687066,0.09827197220749546,0.6306799093023543
hex20k_canonical,primary_ge_50pct,2015,2020,2015_2020,0,consolidation_density_per_10kha,24889,24889,497776400.4434159,497776400.4434159,1.0,78.67940671546589,204.47665967441753,0.0,0.0,0.0,0.44034315330175705,49.454205579156834,252.85766888014115,999.8392174418123,4244.149633776464
hex20k_canonical,primary_ge_50pct,2015,2020,2015_2020,0,replenishment_density_per_10kha,24889,24889,497776400.4434159,497776400.4434159,1.0,181.1396669657853,295.03297074233956,0.0,0.0,4.618636840587916,66.32255065854717,240.10911154279876,492.51848785464165,1384.5632055290039,5279.680522549518
hex20k_canonical,primary_ge_50pct,2015,2020,2015_2020,0,nat_tmp_density_per_10kha,24889,24889,497776400.4434159,497776400.4434159,1.0,14.877984602605519,69.11356003762833,0.0,0.0,0.0,0.0,3.1775906645021514,22.290445774983425,308.09398877760634,2133.953832806456
hex20k_canonical,primary_ge_50pct,2015,2020,2015_2020,0,net_cr_balance_density_per_10kha,24889,24889,497776400.4434159,497776400.4434159,1.0,-102.46026025031941,361.8832196506959,-5279.0644379596915,-454.1565415273067,-188.79090069325025,-19.98736549996995,0.0,133.52274695323706,866.8709593975083,4023.630094517162
hex20k_canonical,primary_ge_50pct,2015,2020,2015_2020,0,cr_balance_index,24889,21206,497776400.4434159,424116919.55344176,0.8520229548360293,-0.5231860717812156,0.6681502055014317,-1.0,-1.0,-1.0,-0.9568008823724662,-0.0848887273021414,0.7170275687220607,0.9830319861680614,1.0
hex20k_canonical,primary_ge_50pct,2015,2020,2015_2020,0,consolidation_rate_initial_pasture,24889,21160,497776400.4434159,423196930.53903794,0.8501747575056933,0.04761296550158338,0.10973291058474811,0.0,0.0,0.0,0.0020436551769167097,0.04156452086441491,0.14278409038274328,0.5714237571079109,1.0
hex20k_canonical,primary_ge_50pct,2015,2020,2015_2020,0,replenishment_rate_initial_native,24889,24884,497776400.4434159,497676401.3978894,0.9997991085044662,0.0358553510716308,0.05485516734676894,0.0,0.0,0.0007246711434045215,0.014539788137294249,0.049055061652351684,0.09795206358614951,0.2556155609264538,0.6622964609734148
hex20k_canonical,primary_ge_50pct,2015,2020,2015_2020,0,nat_tmp_intensity_initial_native,24889,24884,497776400.4434159,497676401.3978894,0.9997991085044662,0.002985372941969311,0.01308974471916179,0.0,0.0,0.0,0.0,0.0008065412329709257,0.006249717417671145,0.0538301833364599,0.4681976243695436
hex20k_canonical,sensitivity_ge_25pct,2015,2020,2015_2020,0,consolidation_density_per_10kha,24889,24889,497776400.4434159,497776400.4434159,1.0,78.67940671546589,204.47665967441753,0.0,0.0,0.0,0.44034315330175705,49.454205579156834,252.85766888014115,999.8392174418123,4244.149633776464
hex20k_canonical,sensitivity_ge_25pct,2015,2020,2015_2020,0,replenishment_density_per_10kha,24889,24889,497776400.4434159,497776400.4434159,1.0,181.1396669657853,295.03297074233956,0.0,0.0,4.618636840587916,66.32255065854717,240.10911154279876,492.51848785464165,1384.5632055290039,5279.680522549518
hex20k_canonical,sensitivity_ge_25pct,2015,2020,2015_2020,0,nat_tmp_density_per_10kha,24889,24889,497776400.4434159,497776400.4434159,1.0,14.877984602605519,69.11356003762833,0.0,0.0,0.0,0.0,3.1775906645021514,22.290445774983425,308.09398877760634,2133.953832806456
hex20k_canonical,sensitivity_ge_25pct,2015,2020,2015_2020,0,net_cr_balance_density_per_10kha,24889,24889,497776400.4434159,497776400.4434159,1.0,-102.46026025031941,361.8832196506959,-5279.0644379596915,-454.1565415273067,-188.79090069325025,-19.98736549996995,0.0,133.52274695323706,866.8709593975083,4023.630094517162
hex20k_canonical,sensitivity_ge_25pct,2015,2020,2015_2020,0,cr_balance_index,24889,21206,497776400.4434159,424116919.55344176,0.8520229548360293,-0.5231860717812156,0.6681502055014317,-1.0,-1.0,-1.0,-0.9568008823724662,-0.0848887273021414,0.7170275687220607,0.9830319861680614,1.0
hex20k_canonical,sensitivity_ge_25pct,2015,2020,2015_2020,0,consolidation_rate_initial_pasture,24889,21160,497776400.4434159,423196930.53903794,0.8501747575056933,0.04761296550158338,0.10973291058474811,0.0,0.0,0.0,0.0020436551769167097,0.04156452086441491,0.14278409038274328,0.5714237571079109,1.0
hex20k_canonical,sensitivity_ge_25pct,2015,2020,2015_2020,0,replenishment_rate_initial_native,24889,24884,497776400.4434159,497676401.3978894,0.9997991085044662,0.0358553510716308,0.05485516734676894,0.0,0.0,0.0007246711434045215,0.014539788137294249,0.049055061652351684,0.09795206358614951,0.2556155609264538,0.6622964609734148
hex20k_canonical,sensitivity_ge_25pct,2015,2020,2015_2020,0,nat_tmp_intensity_initial_native,24889,24884,497776400.4434159,497676401.3978894,0.9997991085044662,0.002985372941969311,0.01308974471916179,0.0,0.0,0.0,0.0,0.0008065412329709257,0.006249717417671145,0.0538301833364599,0.4681976243695436
hex20k_canonical,sensitivity_ge_75pct,2015,2020,2015_2020,0,consolidation_density_per_10kha,24889,24889,497776400.4434159,497776400.4434159,1.0,78.67940671546589,204.47665967441753,0.0,0.0,0.0,0.44034315330175705,49.454205579156834,252.85766888014115,999.8392174418123,4244.149633776464
hex20k_canonical,sensitivity_ge_75pct,2015,2020,2015_2020,0,replenishment_density_per_10kha,24889,24889,497776400.4434159,497776400.4434159,1.0,181.1396669657853,295.03297074233956,0.0,0.0,4.618636840587916,66.32255065854717,240.10911154279876,492.51848785464165,1384.5632055290039,5279.680522549518
hex20k_canonical,sensitivity_ge_75pct,2015,2020,2015_2020,0,nat_tmp_density_per_10kha,24889,24889,497776400.4434159,497776400.4434159,1.0,14.877984602605519,69.11356003762833,0.0,0.0,0.0,0.0,3.1775906645021514,22.290445774983425,308.09398877760634,2133.953832806456
hex20k_canonical,sensitivity_ge_75pct,2015,2020,2015_2020,0,net_cr_balance_density_per_10kha,24889,24889,497776400.4434159,497776400.4434159,1.0,-102.46026025031941,361.8832196506959,-5279.0644379596915,-454.1565415273067,-188.79090069325025,-19.98736549996995,0.0,133.52274695323706,866.8709593975083,4023.630094517162
hex20k_canonical,sensitivity_ge_75pct,2015,2020,2015_2020,0,cr_balance_index,24889,21206,497776400.4434159,424116919.55344176,0.8520229548360293,-0.5231860717812156,0.6681502055014317,-1.0,-1.0,-1.0,-0.9568008823724662,-0.0848887273021414,0.7170275687220607,0.9830319861680614,1.0
hex20k_canonical,sensitivity_ge_75pct,2015,2020,2015_2020,0,consolidation_rate_initial_pasture,24889,21160,497776400.4434159,423196930.53903794,0.8501747575056933,0.04761296550158338,0.10973291058474811,0.0,0.0,0.0,0.0020436551769167097,0.04156452086441491,0.14278409038274328,0.5714237571079109,1.0
hex20k_canonical,sensitivity_ge_75pct,2015,2020,2015_2020,0,replenishment_rate_initial_native,24889,24884,497776400.4434159,497676401.3978894,0.9997991085044662,0.0358553510716308,0.05485516734676894,0.0,0.0,0.0007246711434045215,0.014539788137294249,0.049055061652351684,0.09795206358614951,0.2556155609264538,0.6622964609734148
hex20k_canonical,sensitivity_ge_75pct,2015,2020,2015_2020,0,nat_tmp_intensity_initial_native,24889,24884,497776400.4434159,497676401.3978894,0.9997991085044662,0.002985372941969311,0.01308974471916179,0.0,0.0,0.0,0.0,0.0008065412329709257,0.006249717417671145,0.0538301833364599,0.4681976243695436
hex20k_canonical,primary_ge_50pct,2020,2025,2020_2025,1,consolidation_density_per_10kha,24889,24889,497776400.4434159,497776400.4434159,1.0,41.91293014636316,131.88342545232268,0.0,0.0,0.0,0.041966574281198835,16.562866600747356,106.57477665232365,675.3070422020138,2672.381395317395
hex20k_canonical,primary_ge_50pct,2020,2025,2020_2025,1,replenishment_density_per_10kha,24889,24889,497776400.4434159,497776400.4434159,1.0,201.6678602078052,301.9798210055532,0.0,0.0,7.986892679804548,84.15741148152775,282.34778183051515,553.6639512641912,1355.5392051283964,5143.048707294671
hex20k_canonical,primary_ge_50pct,2020,2025,2020_2025,1,nat_tmp_density_per_10kha,24889,24889,497776400.4434159,497776400.4434159,1.0,13.698195124036523,89.91979133691711,0.0,0.0,0.0,0.0,2.373902982100916,14.299828117492904,288.71915939325925,4005.818223195747
hex20k_canonical,primary_ge_50pct,2020,2025,2020_2025,1,net_cr_balance_density_per_10kha,24889,24889,497776400.4434159,497776400.4434159,1.0,-159.75493006144205,330.0928195174799,-5143.048707294671,-530.4950886989509,-255.10496849390287,-53.8532044592491,-0.04182224827276244,20.230319014990247,541.1907604435762,2616.640437702884
hex20k_canonical,primary_ge_50pct,2020,2025,2020_2025,1,cr_balance_index,24889,22050,497776400.4434159,440996801.5132847,0.8859335258169083,-0.6673025598524959,0.5746614383985134,-1.0,-1.0,-1.0,-0.9943281018023682,-0.6040848376925364,0.4183364758211525,0.9728705455902324,1.0
hex20k_canonical,primary_ge_50pct,2020,2025,2020_2025,1,consolidation_rate_initial_pasture,24889,21498,497776400.4434159,429956881.0924825,0.8637550528901727,0.03526151243384438,0.10504930694133217,0.0,0.0,0.0,0.0003505285217264328,0.01583731703054901,0.09036738287914162,0.5759463574697594,1.0
hex20k_canonical,primary_ge_50pct,2020,2025,2020_2025,1,replenishment_rate_initial_native,24889,24884,497776400.4434159,497676401.3978894,0.9997991085044662,0.039576880796477,0.05440458365690745,0.0,0.0,0.0013960891124734827,0.018935035602201212,0.05645250730114,0.10820662146589351,0.24851696945255128,0.6977007431394764
hex20k_canonical,primary_ge_50pct,2020,2025,2020_2025,1,nat_tmp_intensity_initial_native,24889,24884,497776400.4434159,497676401.3978894,0.9997991085044662,0.002766566704747549,0.01594180503989989,0.0,0.0,0.0,0.0,0.0005778043699684941,0.004409143720930138,0.052153255553345226,0.6022702009137142
hex20k_canonical,sensitivity_ge_25pct,2020,2025,2020_2025,1,consolidation_density_per_10kha,24889,24889,497776400.4434159,497776400.4434159,1.0,41.91293014636316,131.88342545232268,0.0,0.0,0.0,0.041966574281198835,16.562866600747356,106.57477665232365,675.3070422020138,2672.381395317395
hex20k_canonical,sensitivity_ge_25pct,2020,2025,2020_2025,1,replenishment_density_per_10kha,24889,24889,497776400.4434159,497776400.4434159,1.0,201.6678602078052,301.9798210055532,0.0,0.0,7.986892679804548,84.15741148152775,282.34778183051515,553.6639512641912,1355.5392051283964,5143.048707294671
hex20k_canonical,sensitivity_ge_25pct,2020,2025,2020_2025,1,nat_tmp_density_per_10kha,24889,24889,497776400.4434159,497776400.4434159,1.0,13.698195124036523,89.91979133691711,0.0,0.0,0.0,0.0,2.373902982100916,14.299828117492904,288.71915939325925,4005.818223195747
hex20k_canonical,sensitivity_ge_25pct,2020,2025,2020_2025,1,net_cr_balance_density_per_10kha,24889,24889,497776400.4434159,497776400.4434159,1.0,-159.75493006144205,330.0928195174799,-5143.048707294671,-530.4950886989509,-255.10496849390287,-53.8532044592491,-0.04182224827276244,20.230319014990247,541.1907604435762,2616.640437702884
hex20k_canonical,sensitivity_ge_25pct,2020,2025,2020_2025,1,cr_balance_index,24889,22050,497776400.4434159,440996801.5132847,0.8859335258169083,-0.6673025598524959,0.5746614383985134,-1.0,-1.0,-1.0,-0.9943281018023682,-0.6040848376925364,0.4183364758211525,0.9728705455902324,1.0
hex20k_canonical,sensitivity_ge_25pct,2020,2025,2020_2025,1,consolidation_rate_initial_pasture,24889,21498,497776400.4434159,429956881.0924825,0.8637550528901727,0.03526151243384438,0.10504930694133217,0.0,0.0,0.0,0.0003505285217264328,0.01583731703054901,0.09036738287914162,0.5759463574697594,1.0
hex20k_canonical,sensitivity_ge_25pct,2020,2025,2020_2025,1,replenishment_rate_initial_native,24889,24884,497776400.4434159,497676401.3978894,0.9997991085044662,0.039576880796477,0.05440458365690745,0.0,0.0,0.0013960891124734827,0.018935035602201212,0.05645250730114,0.10820662146589351,0.24851696945255128,0.6977007431394764
hex20k_canonical,sensitivity_ge_25pct,2020,2025,2020_2025,1,nat_tmp_intensity_initial_native,24889,24884,497776400.4434159,497676401.3978894,0.9997991085044662,0.002766566704747549,0.01594180503989989,0.0,0.0,0.0,0.0,0.0005778043699684941,0.004409143720930138,0.052153255553345226,0.6022702009137142
hex20k_canonical,sensitivity_ge_75pct,2020,2025,2020_2025,1,consolidation_density_per_10kha,24889,24889,497776400.4434159,497776400.4434159,1.0,41.91293014636316,131.88342545232268,0.0,0.0,0.0,0.041966574281198835,16.562866600747356,106.57477665232365,675.3070422020138,2672.381395317395
hex20k_canonical,sensitivity_ge_75pct,2020,2025,2020_2025,1,replenishment_density_per_10kha,24889,24889,497776400.4434159,497776400.4434159,1.0,201.6678602078052,301.9798210055532,0.0,0.0,7.986892679804548,84.15741148152775,282.34778183051515,553.6639512641912,1355.5392051283964,5143.048707294671
hex20k_canonical,sensitivity_ge_75pct,2020,2025,2020_2025,1,nat_tmp_density_per_10kha,24889,24889,497776400.4434159,497776400.4434159,1.0,13.698195124036523,89.91979133691711,0.0,0.0,0.0,0.0,2.373902982100916,14.299828117492904,288.71915939325925,4005.818223195747
hex20k_canonical,sensitivity_ge_75pct,2020,2025,2020_2025,1,net_cr_balance_density_per_10kha,24889,24889,497776400.4434159,497776400.4434159,1.0,-159.75493006144205,330.0928195174799,-5143.048707294671,-530.4950886989509,-255.10496849390287,-53.8532044592491,-0.04182224827276244,20.230319014990247,541.1907604435762,2616.640437702884
hex20k_canonical,sensitivity_ge_75pct,2020,2025,2020_2025,1,cr_balance_index,24889,22050,497776400.4434159,440996801.5132847,0.8859335258169083,-0.6673025598524959,0.5746614383985134,-1.0,-1.0,-1.0,-0.9943281018023682,-0.6040848376925364,0.4183364758211525,0.9728705455902324,1.0
hex20k_canonical,sensitivity_ge_75pct,2020,2025,2020_2025,1,consolidation_rate_initial_pasture,24889,21498,497776400.4434159,429956881.0924825,0.8637550528901727,0.03526151243384438,0.10504930694133217,0.0,0.0,0.0,0.0003505285217264328,0.01583731703054901,0.09036738287914162,0.5759463574697594,1.0
hex20k_canonical,sensitivity_ge_75pct,2020,2025,2020_2025,1,replenishment_rate_initial_native,24889,24884,497776400.4434159,497676401.3978894,0.9997991085044662,0.039576880796477,0.05440458365690745,0.0,0.0,0.0013960891124734827,0.018935035602201212,0.05645250730114,0.10820662146589351,0.24851696945255128,0.6977007431394764
hex20k_canonical,sensitivity_ge_75pct,2020,2025,2020_2025,1,nat_tmp_intensity_initial_native,24889,24884,497776400.4434159,497676401.3978894,0.9997991085044662,0.002766566704747549,0.01594180503989989,0.0,0.0,0.0,0.0,0.0005778043699684941,0.004409143720930138,0.052153255553345226,0.6022702009137142
hex10k_base,primary_ge_50pct,1985,1990,1985_1990,0,consolidation_density_per_10kha,49716,49716,483487952.10394824,483487952.10394824,1.0,29.621383881370075,156.88399468984736,0.0,0.0,0.0,0.0,0.0,18.568451826292264,744.8529469035012,3329.629258323817
hex10k_base,primary_ge_50pct,1985,1990,1985_1990,0,replenishment_density_per_10kha,49716,49716,483487952.10394824,483487952.10394824,1.0,339.021212750118,575.1629177476983,0.0,0.0,0.0,40.25158412946522,478.57915103982447,1074.849725020978,2567.1525503674975,8065.828230613985
hex10k_base,primary_ge_50pct,1985,1990,1985_1990,0,nat_tmp_density_per_10kha,49716,49716,483487952.10394824,483487952.10394824,1.0,28.977329517060255,182.99395891409304,0.0,0.0,0.0,0.0,0.0,15.575379135767138,758.3550900558089,6447.910848339705
hex10k_base,primary_ge_50pct,1985,1990,1985_1990,0,net_cr_balance_density_per_10kha,49716,49716,483487952.10394824,483487952.10394824,1.0,-309.3998288687479,588.9810214534502,-8065.828230613985,-1045.793086852919,-442.44107700046044,-25.152630744810672,0.0,0.0,457.48276699851425,3049.861311234615
hex10k_base,primary_ge_50pct,1985,1990,1985_1990,0,cr_balance_index,49716,32062,483487952.10394824,318591991.0070853,0.6589450463464478,-0.8852209903264048,0.3528925478906722,-1.0,-1.0,-1.0,-1.0,-0.9998363776051543,-0.6921628075402686,0.830380882798534,1.0
hex10k_base,primary_ge_50pct,1985,1990,1985_1990,0,consolidation_rate_initial_pasture,49716,29640,483487952.10394824,294556483.2259719,0.6092323127064049,0.025606291469682636,0.09851271178706916,0.0,0.0,0.0,0.0,0.0004940509435617278,0.048723693266056474,0.5336005874285618,1.0
hex10k_base,primary_ge_50pct,1985,1990,1985_1990,0,replenishment_rate_initial_native,49716,49566,483487952.10394824,482346224.29471415,0.9976385599594245,0.0576944931810022,0.0993758508449871,0.0,0.0,0.0,0.004784181758015764,0.07750551224603074,0.19682183838148504,0.43562302416780363,0.8491121311645451
hex10k_base,primary_ge_50pct,1985,1990,1985_1990,0,nat_tmp_intensity_initial_native,49716,49566,483487952.10394824,482346224.29471415,0.9976385599594245,0.005225969236167162,0.030138258236530265,0.0,0.0,0.0,0.0,0.0,0.003228967811075497,0.1310081149639268,0.9798793244782161
hex10k_base,sensitivity_ge_25pct,1985,1990,1985_1990,0,consolidation_density_per_10kha,52404,52404,493590391.25637865,493590391.25637865,1.0,29.24837117601587,155.78510446787712,0.0,0.0,0.0,0.0,0.0,17.359196947066984,740.1848289487535,3329.629258323817
hex10k_base,sensitivity_ge_25pct,1985,1990,1985_1990,0,replenishment_density_per_10kha,52404,52404,493590391.25637865,493590391.25637865,1.0,332.60209799128796,571.2387679568409,0.0,0.0,0.0,34.910892998315106,463.6535865089175,1060.997461827017,2558.8030485288377,8065.828230613985
hex10k_base,sensitivity_ge_25pct,1985,1990,1985_1990,0,nat_tmp_density_per_10kha,52404,52404,493590391.25637865,493590391.25637865,1.0,28.39373486022684,181.16071369396704,0.0,0.0,0.0,0.0,0.0,14.386698272291166,747.640775577129,6447.910848339705
hex10k_base,sensitivity_ge_25pct,1985,1990,1985_1990,0,net_cr_balance_density_per_10kha,52404,52404,493590391.25637865,493590391.25637865,1.0,-303.35372681527207,584.7908639152664,-8065.828230613985,-1034.397113391129,-428.1906395210955,-21.11294546629643,0.0,0.0,453.8440166778406,3049.861311234615
hex10k_base,sensitivity_ge_25pct,1985,1990,1985_1990,0,cr_balance_index,52404,32381,493590391.25637865,319800204.52007306,0.6479060577051707,-0.884039088429538,0.3556111904185089,-1.0,-1.0,-1.0,-1.0,-0.9998279215198764,-0.68576081538859,0.8369482302621146,1.0
hex10k_base,sensitivity_ge_25pct,1985,1990,1985_1990,0,consolidation_rate_initial_pasture,52404,29957,493590391.25637865,295760176.161584,0.5992016485749648,0.02558754442146926,0.09836288114143141,0.0,0.0,0.0,0.0,0.0004985978713264867,0.049020399425366935,0.5329471876342924,1.0
hex10k_base,sensitivity_ge_25pct,1985,1990,1985_1990,0,replenishment_rate_initial_native,52404,52133,493590391.25637865,491995730.6086379,0.9967692631866644,0.05668684159697235,0.09872899751768509,0.0,0.0,0.0,0.0042367087656872545,0.07492460163436108,0.19469258173284293,0.43393863216701956,0.8491121311645451
hex10k_base,sensitivity_ge_25pct,1985,1990,1985_1990,0,nat_tmp_intensity_initial_native,52404,52133,493590391.25637865,491995730.6086379,0.9967692631866644,0.005134342131331341,0.029889877914722442,0.0,0.0,0.0,0.0,0.0,0.003040028574112582,0.12970444143733548,0.9798793244782161
hex10k_base,sensitivity_ge_75pct,1985,1990,1985_1990,0,consolidation_density_per_10kha,47191,47191,467701308.33054304,467701308.33054304,1.0,30.219794330987177,158.30884249895195,0.0,0.0,0.0,0.0,0.0,20.247268953683733,752.7852435423054,3329.629258323817
hex10k_base,sensitivity_ge_75pct,1985,1990,1985_1990,0,replenishment_density_per_10kha,47191,47191,467701308.33054304,467701308.33054304,1.0,349.7525187588127,581.3843742165519,0.0,0.0,0.0,49.82935370884826,499.9711190554066,1098.5208374012973,2606.222938520083,8065.828230613985
hex10k_base,sensitivity_ge_75pct,1985,1990,1985_1990,0,nat_tmp_density_per_10kha,47191,47191,467701308.33054304,467701308.33054304,1.0,29.928096126413728,185.97304469744765,0.0,0.0,0.0,0.0,0.0,17.060350302699007,778.0911988073487,6447.910848339705
hex10k_base,sensitivity_ge_75pct,1985,1990,1985_1990,0,net_cr_balance_density_per_10kha,47191,47191,467701308.33054304,467701308.33054304,1.0,-319.5327244278256,595.5781876690854,-8065.828230613985,-1063.5691889588297,-463.1847997669101,-32.91400367589557,0.0,0.0,459.1900120865404,3049.861311234615
hex10k_base,sensitivity_ge_75pct,1985,1990,1985_1990,0,cr_balance_index,47191,31742,467701308.33054304,316582033.1655196,0.6768893469542714,-0.8865732381672643,0.3496015581564888,-1.0,-1.0,-1.0,-1.0,-0.9998448094415909,-0.6975740762027511,0.8243605898575757,1.0
hex10k_base,sensitivity_ge_75pct,1985,1990,1985_1990,0,consolidation_rate_initial_pasture,47191,29357,467701308.33054304,292786406.1000042,0.6260115182168369,0.025603607075033976,0.0986483314309933,0.0,0.0,0.0,0.0,0.0004887423486092345,0.04850731355694847,0.5351926863227966,1.0
hex10k_base,sensitivity_ge_75pct,1985,1990,1985_1990,0,replenishment_rate_initial_native,47191,47121,467701308.33054304,467044753.48374355,0.9985962090866433,0.059388421946796846,0.1003746521772083,0.0,0.0,0.0,0.005984130398659952,0.0813745109510234,0.2000314987223326,0.4382703824514375,0.8491121311645451
hex10k_base,sensitivity_ge_75pct,1985,1990,1985_1990,0,nat_tmp_intensity_initial_native,47191,47121,467701308.33054304,467044753.48374355,0.9985962090866433,0.005383555733215204,0.030604585777861244,0.0,0.0,0.0,0.0,0.0,0.003599465388261333,0.1335011455080209,0.9798793244782161
hex10k_base,primary_ge_50pct,1990,1995,1990_1995,0,consolidation_density_per_10kha,49716,49716,483487952.10395116,483487952.10395116,1.0,33.57694387285008,142.61855699323374,0.0,0.0,0.0,0.0,0.0,45.26730968269443,771.8332657381483,3394.1552691134652
hex10k_base,primary_ge_50pct,1990,1995,1990_1995,0,replenishment_density_per_10kha,49716,49716,483487952.10395116,483487952.10395116,1.0,347.71483217840574,569.1683408464104,0.0,0.0,0.0,66.86964940179473,479.00999841295607,1090.5835477809437,2507.34267553155,7334.489331360072
hex10k_base,primary_ge_50pct,1990,1995,1990_1995,0,nat_tmp_density_per_10kha,49716,49716,483487952.10395116,483487952.10395116,1.0,24.414629579537525,152.94509112921548,0.0,0.0,0.0,0.0,0.0,13.745955950092943,683.2620551160007,5109.270548405558
hex10k_base,primary_ge_50pct,1990,1995,1990_1995,0,net_cr_balance_density_per_10kha,49716,49716,483487952.10395116,483487952.10395116,1.0,-314.13788830555563,588.7740591373405,-7334.489331360072,-1077.7176234798396,-449.94150680140956,-38.03246238031336,0.0,0.0,581.362553961561,3375.114084924747
hex10k_base,primary_ge_50pct,1990,1995,1990_1995,0,cr_balance_index,49716,34255,483487952.10395116,340341454.5025277,0.7039295457549549,-0.8303691929274424,0.4388181207747496,-1.0,-1.0,-1.0,-1.0,-0.9854004630821006,-0.3341832945894977,0.9295572025236662,1.0
hex10k_base,primary_ge_50pct,1990,1995,1990_1995,0,consolidation_rate_initial_pasture,49716,32578,483487952.10395116,323642161.3556582,0.6693903331971223,0.028424990452570836,0.10110467632966624,0.0,0.0,0.0,0.0,0.0021547709832858523,0.06333089805152438,0.5518421773248661,1.0
hex10k_base,primary_ge_50pct,1990,1995,1990_1995,0,replenishment_rate_initial_native,49716,49562,483487952.10395116,482307514.54083264,0.9975584964258536,0.05949246226589843,0.09588539003486775,0.0,0.0,0.0,0.009927146119422522,0.08623131955174902,0.18619585754020992,0.43206679121622604,0.9529726263944676
hex10k_base,primary_ge_50pct,1990,1995,1990_1995,0,nat_tmp_intensity_initial_native,49716,49562,483487952.10395116,482307514.54083264,0.9975584964258536,0.004600552753059655,0.02727612816560767,0.0,0.0,0.0,0.0,0.0,0.003502361911637369,0.11509343195525022,0.8748251198256212
hex10k_base,sensitivity_ge_25pct,1990,1995,1990_1995,0,consolidation_density_per_10kha,52404,52404,493590391.256382,493590391.256382,1.0,33.08884430533844,141.55572887996829,0.0,0.0,0.0,0.0,0.0,43.05431593317925,759.6353250884235,3394.1552691134652
hex10k_base,sensitivity_ge_25pct,1990,1995,1990_1995,0,replenishment_density_per_10kha,52404,52404,493590391.256382,493590391.256382,1.0,341.2424853620574,565.579900084784,0.0,0.0,0.0,59.13830371378813,466.7780401807785,1080.1591354781804,2499.1897014109695,7334.489331360072
hex10k_base,sensitivity_ge_25pct,1990,1995,1990_1995,0,nat_tmp_density_per_10kha,52404,52404,493590391.256382,493590391.256382,1.0,23.92258280917139,151.41270145015184,0.0,0.0,0.0,0.0,0.0,12.944954821376207,674.4165071829709,5109.270548405558
hex10k_base,sensitivity_ge_25pct,1990,1995,1990_1995,0,net_cr_balance_density_per_10kha,52404,52404,493590391.256382,493590391.256382,1.0,-308.1536410567189,584.7352251958573,-7334.489331360072,-1064.6146928563542,-437.4186898510395,-32.49886270215485,0.0,0.0,578.1434587651629,3375.114084924747
hex10k_base,sensitivity_ge_25pct,1990,1995,1990_1995,0,cr_balance_index,52404,34602,493590391.256382,341655899.3563642,0.692185069662145,-0.8295447334131982,0.4403431788903577,-1.0,-1.0,-1.0,-1.0,-0.9852222337386887,-0.33069675821362854,0.9310030531430376,1.0
hex10k_base,sensitivity_ge_25pct,1990,1995,1990_1995,0,consolidation_rate_initial_pasture,52404,32903,493590391.256382,324873669.4865062,0.6581847524616004,0.028392701368168103,0.10096431702770552,0.0,0.0,0.0,0.0,0.002163535257354469,0.06344914923285044,0.5513552241441108,1.0
hex10k_base,sensitivity_ge_25pct,1990,1995,1990_1995,0,replenishment_rate_initial_native,52404,52130,493590391.256382,491959986.72393763,0.9966968470996886,0.058464265594696564,0.09531783242499357,0.0,0.0,0.0,0.008809217596533117,0.08436736309179171,0.18412566369422836,0.4300881563519661,0.9529726263944676
hex10k_base,sensitivity_ge_25pct,1990,1995,1990_1995,0,nat_tmp_intensity_initial_native,52404,52130,493590391.256382,491959986.72393763,0.9966968470996886,0.004514476824298674,0.027016008814193228,0.0,0.0,0.0,0.0,0.0,0.00329992840892447,0.11291678022790465,0.8748251198256212
hex10k_base,sensitivity_ge_75pct,1990,1995,1990_1995,0,consolidation_density_per_10kha,47191,47191,467701308.33054674,467701308.33054674,1.0,34.35998817739748,143.75769733168872,0.0,0.0,0.0,0.0,0.0,49.531269519386385,776.9427828712691,3394.1552691134652
hex10k_base,sensitivity_ge_75pct,1990,1995,1990_1995,0,replenishment_density_per_10kha,47191,47191,467701308.33054674,467701308.33054674,1.0,358.7744704840774,575.1099988290575,0.0,0.0,0.0,80.12999238887254,500.39853719482926,1117.8890617244892,2519.8571378477786,7334.489331360072
hex10k_base,sensitivity_ge_75pct,1990,1995,1990_1995,0,nat_tmp_density_per_10kha,47191,47191,467701308.33054674,467701308.33054674,1.0,25.225339791639804,155.4350173978284,0.0,0.0,0.0,0.0,0.0,14.992286100159717,695.8333520617033,5109.270548405558
hex10k_base,sensitivity_ge_75pct,1990,1995,1990_1995,0,net_cr_balance_density_per_10kha,47191,47191,467701308.33054674,467701308.33054674,1.0,-324.41448230667993,595.3309535589349,-7334.489331360072,-1100.6740114989066,-468.3803613485893,-48.395433271934294,0.0,0.0,587.8968504493472,3375.114084924747
hex10k_base,sensitivity_ge_75pct,1990,1995,1990_1995,0,cr_balance_index,47191,33901,467701308.33054674,338113833.48845714,0.722926849820775,-0.8311941855777355,0.4370835928031387,-1.0,-1.0,-1.0,-1.0,-0.9854004630821006,-0.3406848930744943,0.9256912764368578,1.0
hex10k_base,sensitivity_ge_75pct,1990,1995,1990_1995,0,consolidation_rate_initial_pasture,47191,32240,467701308.33054674,321519430.3808502,0.687446078627638,0.02847971875882897,0.10128631425209439,0.0,0.0,0.0,0.0,0.002163401671840308,0.06349606317090907,0.5530858550528381,1.0
hex10k_base,sensitivity_ge_75pct,1990,1995,1990_1995,0,replenishment_rate_initial_native,47191,47117,467701308.33054674,467006043.72986275,0.9985134431135853,0.06126999389588289,0.09680247885610581,0.0,0.0,0.0,0.012026731996173464,0.09012750499576458,0.1894809821510343,0.4351369159943124,0.9529726263944676
hex10k_base,sensitivity_ge_75pct,1990,1995,1990_1995,0,nat_tmp_intensity_initial_native,47191,47117,467701308.33054674,467006043.72986275,0.9985134431135853,0.0047430097807591885,0.027702072530310016,0.0,0.0,0.0,0.0,0.0,0.003784397575897913,0.11823658734944513,0.8748251198256212
hex10k_base,primary_ge_50pct,1995,2000,1995_2000,0,consolidation_density_per_10kha,49716,49716,483487952.10396093,483487952.10396093,1.0,37.16647206092637,148.16527999191996,0.0,0.0,0.0,0.0,0.6782547199309034,63.794787071678364,777.7853407904619,3623.059433675367
hex10k_base,primary_ge_50pct,1995,2000,1995_2000,0,replenishment_density_per_10kha,49716,49716,483487952.10396093,483487952.10396093,1.0,322.7008159496096,514.5378751517363,0.0,0.0,0.0,83.20273349404515,440.78220644537487,993.5604434959472,2289.690501485164,7330.605973918043
hex10k_base,primary_ge_50pct,1995,2000,1995_2000,0,nat_tmp_density_per_10kha,49716,49716,483487952.10396093,483487952.10396093,1.0,25.316550759238755,171.86488393781454,0.0,0.0,0.0,0.0,0.0,9.975348670089438,709.6307779454962,7928.992981711555
hex10k_base,primary_ge_50pct,1995,2000,1995_2000,0,net_cr_balance_density_per_10kha,49716,49716,483487952.10396093,483487952.10396093,1.0,-285.5343438886832,540.4749427977938,-7330.605973918043,-979.6304010730992,-416.86434016055625,-50.16953899866658,0.0,0.0,636.5606896304663,3563.821431577981
hex10k_base,primary_ge_50pct,1995,2000,1995_2000,0,cr_balance_index,49716,35872,483487952.10396093,356198789.05021775,0.7367273320879502,-0.7909601748725085,0.48918140759901896,-1.0,-1.0,-1.0,-1.0,-0.9551085562054102,-0.051906359428118345,0.9554014302752926,1.0
hex10k_base,primary_ge_50pct,1995,2000,1995_2000,0,consolidation_rate_initial_pasture,49716,34737,483487952.10396093,345040692.74736506,0.7136489983791229,0.02912950801221207,0.10215586058754712,0.0,0.0,0.0,0.0,0.0034991803418589723,0.06447401652451236,0.5734640784337246,1.0
hex10k_base,primary_ge_50pct,1995,2000,1995_2000,0,replenishment_rate_initial_native,49716,49564,483487952.10396093,482330283.7918645,0.997605590155745,0.0581351057413662,0.09303846889551813,0.0,0.0,0.0,0.015165509186141181,0.08105474346168437,0.17289004862693427,0.43737863168114866,0.8854131701682043
hex10k_base,primary_ge_50pct,1995,2000,1995_2000,0,nat_tmp_intensity_initial_native,49716,49564,483487952.10396093,482330283.7918645,0.997605590155745,0.004680384385639888,0.028724753289153235,0.0,0.0,0.0,0.0,0.0,0.0027656458558429106,0.126494646564991,0.8919108741935234
hex10k_base,sensitivity_ge_25pct,1995,2000,1995_2000,0,consolidation_density_per_10kha,52404,52404,493590391.25639164,493590391.25639164,1.0,36.57933886749837,147.06260322329103,0.0,0.0,0.0,0.0,0.35252978154584463,61.443518088611086,771.5052116688801,3623.059433675367
hex10k_base,sensitivity_ge_25pct,1995,2000,1995_2000,0,replenishment_density_per_10kha,52404,52404,493590391.25639164,493590391.25639164,1.0,316.8127790488697,511.50473570912345,0.0,0.0,0.0,76.04500172577848,430.1423709167432,982.1388666150399,2278.1901363969737,7330.605973918043
hex10k_base,sensitivity_ge_25pct,1995,2000,1995_2000,0,nat_tmp_density_per_10kha,52404,52404,493590391.25639164,493590391.25639164,1.0,24.804917868928314,170.1346828846738,0.0,0.0,0.0,0.0,0.0,9.484701785647927,691.872221340409,7928.992981711555
hex10k_base,sensitivity_ge_25pct,1995,2000,1995_2000,0,net_cr_balance_density_per_10kha,52404,52404,493590391.25639164,493590391.25639164,1.0,-280.23344018137124,536.8625133384365,-7330.605973918043,-968.0225805650778,-405.42263737846025,-44.25472162357475,0.0,0.0,627.1017798596876,3563.821431577981
hex10k_base,sensitivity_ge_25pct,1995,2000,1995_2000,0,cr_balance_index,52404,36235,493590391.25639164,357584102.9295796,0.724455154038514,-0.7903183713464249,0.4902313163440711,-1.0,-1.0,-1.0,-1.0,-0.9549378726727235,-0.04540967087463481,0.9564312480609231,1.0
hex10k_base,sensitivity_ge_25pct,1995,2000,1995_2000,0,consolidation_rate_initial_pasture,52404,35092,493590391.25639164,346385326.2594305,0.701766753152825,0.029084608812696946,0.1020060995613849,0.0,0.0,0.0,0.0,0.0035018404354368237,0.06438052910823028,0.5712572812430106,1.0
hex10k_base,sensitivity_ge_25pct,1995,2000,1995_2000,0,replenishment_rate_initial_native,52404,52131,493590391.25639164,491979099.0093042,0.9967355680425909,0.05713774439610816,0.09249559274626204,0.0,0.0,0.0,0.013694982259070726,0.07941156254099334,0.17097097488511803,0.43474190878982877,0.8854131701682043
hex10k_base,sensitivity_ge_25pct,1995,2000,1995_2000,0,nat_tmp_intensity_initial_native,52404,52131,493590391.25639164,491979099.0093042,0.9967355680425909,0.004593752990437706,0.02845474145850079,0.0,0.0,0.0,0.0,0.0,0.002641260446009067,0.12481431482918527,0.8919108741935234
hex10k_base,sensitivity_ge_75pct,1995,2000,1995_2000,0,consolidation_density_per_10kha,47191,47191,467701308.330556,467701308.330556,1.0,38.11859702245679,149.72769825677904,0.0,0.0,0.0,0.0,1.056582782732995,67.62443294098131,787.1784862022406,3623.059433675367
hex10k_base,sensitivity_ge_75pct,1995,2000,1995_2000,0,replenishment_density_per_10kha,47191,47191,467701308.330556,467701308.330556,1.0,332.78574719712543,519.5790438766866,0.0,0.0,0.26732308582402475,95.40609099178485,458.6367745559485,1013.6090672685722,2315.1775313242338,7330.605973918043
hex10k_base,sensitivity_ge_75pct,1995,2000,1995_2000,0,nat_tmp_density_per_10kha,47191,47191,467701308.330556,467701308.330556,1.0,26.159822867302385,174.677324696737,0.0,0.0,0.0,0.0,0.0,11.017786839187897,739.5665382466826,7928.992981711555
hex10k_base,sensitivity_ge_75pct,1995,2000,1995_2000,0,net_cr_balance_density_per_10kha,47191,47191,467701308.330556,467701308.330556,1.0,-294.6671501746687,546.4317171578247,-7330.605973918043,-998.442005044581,-434.84914591571896,-61.04135771296487,0.0,0.0,645.0465271788169,3563.821431577981
hex10k_base,sensitivity_ge_75pct,1995,2000,1995_2000,0,cr_balance_index,47191,35471,467701308.330556,353678728.5060125,0.7562064125252435,-0.79149489055715,0.48798718246981243,-1.0,-1.0,-1.0,-1.0,-0.9549015682420894,-0.05794256111900072,0.9544679324487563,1.0
hex10k_base,sensitivity_ge_75pct,1995,2000,1995_2000,0,consolidation_rate_initial_pasture,47191,34363,467701308.330556,342685090.4407953,0.7327007308660268,0.029185896513677805,0.10228816170662168,0.0,0.0,0.0,0.0,0.0035128883637658257,0.06470802329262963,0.573981572519114,1.0
hex10k_base,sensitivity_ge_75pct,1995,2000,1995_2000,0,replenishment_rate_initial_native,47191,47120,467701308.330556,467036042.85509366,0.9985775847456212,0.05986331380504138,0.093917090384849,0.0,0.0,4.5109177058858756e-05,0.017453560535106702,0.08395741279766682,0.17628427368895797,0.4415446657820588,0.8854131701682043
hex10k_base,sensitivity_ge_75pct,1995,2000,1995_2000,0,nat_tmp_intensity_initial_native,47191,47120,467701308.330556,467036042.85509366,0.9985775847456212,0.004827772572938294,0.02917660091389011,0.0,0.0,0.0,0.0,0.0,0.003007764752598009,0.12987523454801145,0.8919108741935234
hex10k_base,primary_ge_50pct,2000,2005,2000_2005,0,consolidation_density_per_10kha,49716,49716,483487952.103963,483487952.103963,1.0,72.09020370491695,254.75601986171307,0.0,0.0,0.0,0.0,2.8916977561836408,175.0361302609036,1328.2343923378426,6634.435911698755
hex10k_base,primary_ge_50pct,2000,2005,2000_2005,0,replenishment_density_per_10kha,49716,49716,483487952.103963,483487952.103963,1.0,349.32224351605186,554.7046434092049,0.0,0.0,1.5950351233253817,106.34542720513049,476.01573659332587,1024.3282760102957,2596.4261268325895,6963.029724753584
hex10k_base,primary_ge_50pct,2000,2005,2000_2005,0,nat_tmp_density_per_10kha,49716,49716,483487952.103963,483487952.103963,1.0,47.45051195904173,256.8316659476735,0.0,0.0,0.0,0.0,0.35002510169427486,29.531414686356644,1252.6695044553062,5810.796859410928
hex10k_base,primary_ge_50pct,2000,2005,2000_2005,0,net_cr_balance_density_per_10kha,49716,49716,483487952.103963,483487952.103963,1.0,-277.23203981113494,622.8328076294243,-6963.029724753584,-1000.0099050147329,-438.99303012323054,-56.57358939046373,0.0,12.785641328835364,1172.3759869207574,6589.037901332363
hex10k_base,primary_ge_50pct,2000,2005,2000_2005,0,cr_balance_index,49716,37913,483487952.103963,376313909.510282,0.7783315134797077,-0.7167198590913911,0.5798957749939396,-1.0,-1.0,-1.0,-1.0,-0.8837547646633269,0.43946142228807306,0.9827252546711678,1.0
hex10k_base,primary_ge_50pct,2000,2005,2000_2005,0,consolidation_rate_initial_pasture,49716,36277,483487952.103963,360132572.13651466,0.7448635908492636,0.04854995715650828,0.13925402245805757,0.0,0.0,0.0,0.0,0.009184922226776807,0.14907559055478453,0.7722651778077279,1.0
hex10k_base,primary_ge_50pct,2000,2005,2000_2005,0,replenishment_rate_initial_native,49716,49565,483487952.103963,482345055.57707876,0.9976361426961917,0.06274117001137834,0.0944993812243381,0.0,0.0,0.0002280893454468968,0.02048447677344604,0.08763677371888362,0.1865827063251656,0.43001752899274764,0.7862593489030408
hex10k_base,primary_ge_50pct,2000,2005,2000_2005,0,nat_tmp_intensity_initial_native,49716,49565,483487952.103963,482345055.57707876,0.9976361426961917,0.00815861057497859,0.04035234049218793,0.0,0.0,0.0,0.0,9.078369124808879e-05,0.008059823954345548,0.2042337331548789,0.8938685157442255
hex10k_base,sensitivity_ge_25pct,2000,2005,2000_2005,0,consolidation_density_per_10kha,52404,52404,493590391.25639373,493590391.25639373,1.0,70.87112311534293,252.6760951762168,0.0,0.0,0.0,0.0,2.586966299995582,169.21962557164485,1313.2949355779133,6634.435911698755
hex10k_base,sensitivity_ge_25pct,2000,2005,2000_2005,0,replenishment_density_per_10kha,52404,52404,493590391.25639373,493590391.25639373,1.0,342.73440591269383,551.2067497978901,0.0,0.0,1.054614360305656,98.01623875150763,465.52554001142124,1010.7775556139597,2577.2582554545997,6963.029724753584
hex10k_base,sensitivity_ge_25pct,2000,2005,2000_2005,0,nat_tmp_density_per_10kha,52404,52404,493590391.25639373,493590391.25639373,1.0,46.486879533201076,254.2778425607599,0.0,0.0,0.0,0.0,0.25185074138981356,27.899846640754706,1239.0185271691596,5810.796859410928
hex10k_base,sensitivity_ge_25pct,2000,2005,2000_2005,0,net_cr_balance_density_per_10kha,52404,52404,493590391.25639373,493590391.25639373,1.0,-271.8632827973509,617.9912860091762,-6963.029724753584,-988.7765662941653,-426.5983124241434,-49.039998620710605,0.0,9.91675216186593,1163.7552728799337,6589.037901332363
hex10k_base,sensitivity_ge_25pct,2000,2005,2000_2005,0,cr_balance_index,52404,38296,493590391.25639373,377783130.23900485,0.7653778050204523,-0.7162967615402308,0.5805687156687854,-1.0,-1.0,-1.0,-1.0,-0.8836894246230065,0.44241429942711974,0.9829846133813105,1.0
hex10k_base,sensitivity_ge_25pct,2000,2005,2000_2005,0,consolidation_rate_initial_pasture,52404,36652,493590391.25639373,361564465.8434721,0.7325192553346501,0.04845465711653671,0.13905115496432705,0.0,0.0,0.0,0.0,0.009168527083416877,0.1487069923246795,0.7716759205996956,1.0
hex10k_base,sensitivity_ge_25pct,2000,2005,2000_2005,0,replenishment_rate_initial_native,52404,52132,493590391.25639373,491993870.79451865,0.9967654952564792,0.06162354236123512,0.09396839800148259,0.0,0.0,0.0001324522427756541,0.01906730578178766,0.08570053992100056,0.1847699397876512,0.4284122936717015,0.7862593489030408
hex10k_base,sensitivity_ge_25pct,2000,2005,2000_2005,0,nat_tmp_intensity_initial_native,52404,52132,493590391.25639373,491993870.79451865,0.9967654952564792,0.008002720157631454,0.03997110044565579,0.0,0.0,0.0,0.0,6.233796598585277e-05,0.007683003228370311,0.20110923218898566,0.8938685157442255
hex10k_base,sensitivity_ge_75pct,2000,2005,2000_2005,0,consolidation_density_per_10kha,47191,47191,467701308.3305578,467701308.3305578,1.0,74.08963780232035,257.71939136741474,0.0,0.0,0.0,0.0,3.6052271406627154,186.70095656939415,1342.4557271506285,6634.435911698755
hex10k_base,sensitivity_ge_75pct,2000,2005,2000_2005,0,replenishment_density_per_10kha,47191,47191,467701308.3305578,467701308.3305578,1.0,360.42073304322184,560.3271684926949,0.0,0.0,3.201306386846859,120.58160266734491,493.84009348809155,1042.2591378480154,2611.6435004601935,6963.029724753584
hex10k_base,sensitivity_ge_75pct,2000,2005,2000_2005,0,nat_tmp_density_per_10kha,47191,47191,467701308.3305578,467701308.3305578,1.0,49.015974005218304,260.9026501827601,0.0,0.0,0.0,0.0,0.6006777097080853,32.64099851048317,1272.6005510314374,5810.796859410928
hex10k_base,sensitivity_ge_75pct,2000,2005,2000_2005,0,net_cr_balance_density_per_10kha,47191,47191,467701308.3305578,467701308.3305578,1.0,-286.33109524090145,630.5544704042417,-6963.029724753584,-1021.2827550835881,-456.94646502273037,-68.63185348763263,0.0,18.702075907617925,1189.3755198162305,6589.037901332363
hex10k_base,sensitivity_ge_75pct,2000,2005,2000_2005,0,cr_balance_index,47191,37476,467701308.3305578,373571816.69385695,0.7987401575319673,-0.7168528902878287,0.5791768070749221,-1.0,-1.0,-1.0,-1.0,-0.8824368469271153,0.4347267205750561,0.9821020359381635,1.0
hex10k_base,sensitivity_ge_75pct,2000,2005,2000_2005,0,consolidation_rate_initial_pasture,47191,35859,467701308.3305578,357505774.56976753,0.7643890838062244,0.048725747261989555,0.13951268030567396,0.0,0.0,0.0,0.0,0.009332217714454295,0.14992788123540723,0.7722689626907918,1.0
hex10k_base,sensitivity_ge_75pct,2000,2005,2000_2005,0,replenishment_rate_initial_native,47191,47122,467701308.3305578,467057475.92778224,0.9986234111572753,0.06464676824177223,0.09534163870655492,0.0,0.0,0.0004333496811896912,0.023092337836984327,0.09057477370503283,0.19005706783649245,0.4324290385029846,0.7862593489030408
hex10k_base,sensitivity_ge_75pct,2000,2005,2000_2005,0,nat_tmp_intensity_initial_native,47191,47122,467701308.3305578,467057475.92778224,0.9986234111572753,0.00841827598990589,0.040974655420567815,0.0,0.0,0.0,0.0,0.00012885506550166733,0.008785510706484598,0.20892300453899476,0.8938685157442255
hex10k_base,primary_ge_50pct,2005,2010,2005_2010,0,consolidation_density_per_10kha,49716,49716,483487952.10395926,483487952.10395926,1.0,58.05582872828234,187.8109930418436,0.0,0.0,0.0,0.0,11.348566028895563,164.9783641841535,926.818157025065,3887.5129515456656
hex10k_base,primary_ge_50pct,2005,2010,2005_2010,0,replenishment_density_per_10kha,49716,49716,483487952.10395926,483487952.10395926,1.0,207.48248700454505,343.09512941252007,0.0,0.0,1.8792836160322643,62.43857563159051,270.98353864747196,599.4091277797579,1611.391853172652,5740.714590078142
hex10k_base,primary_ge_50pct,2005,2010,2005_2010,0,nat_tmp_density_per_10kha,49716,49716,483487952.10395926,483487952.10395926,1.0,19.542437860177735,150.8701511551311,0.0,0.0,0.0,0.0,0.5768836942670587,13.423623480722316,446.17642722214197,7086.546567566579
hex10k_base,primary_ge_50pct,2005,2010,2005_2010,0,net_cr_balance_density_per_10kha,49716,49716,483487952.10395926,483487952.10395926,1.0,-149.4266582762627,400.15423782021634,-5731.584366068043,-579.0389303039522,-239.90067249945233,-28.77761995686444,0.0,61.134743100220454,850.5266587167364,3877.6676163459338
hex10k_base,primary_ge_50pct,2005,2010,2005_2010,0,cr_balance_index,49716,38408,483487952.10395926,381227027.6073655,0.7884933346289347,-0.6304491770812611,0.6380265199148836,-1.0,-1.0,-1.0,-1.0,-0.5624047214699515,0.6648581998789019,0.9905929802583121,1.0
hex10k_base,primary_ge_50pct,2005,2010,2005_2010,0,consolidation_rate_initial_pasture,49716,38290,483487952.10395926,379946053.0788913,0.7858438900607714,0.042214151142499816,0.1205622643047853,0.0,0.0,0.0,0.0,0.014374747030276936,0.12435316814145211,0.6665240259907181,1.0
hex10k_base,primary_ge_50pct,2005,2010,2005_2010,0,replenishment_rate_initial_native,49716,49564,483487952.10395926,482331717.27754194,0.9976085550397155,0.040924666692375315,0.06659540709457011,0.0,0.0,0.0002730669548782954,0.013374401388006042,0.053857837304313746,0.1169299645557638,0.3214598635763226,0.7965064756922365
hex10k_base,primary_ge_50pct,2005,2010,2005_2010,0,nat_tmp_intensity_initial_native,49716,49564,483487952.10395926,482331717.27754194,0.9976085550397155,0.0037000643256750727,0.02470984089179739,0.0,0.0,0.0,0.0,0.00012837164113631982,0.004196523265261456,0.07616804050966845,0.8230250303826286
hex10k_base,sensitivity_ge_25pct,2005,2010,2005_2010,0,consolidation_density_per_10kha,52404,52404,493590391.25639004,493590391.25639004,1.0,57.11682950790261,186.54295524691267,0.0,0.0,0.0,0.0,10.39208584199668,160.83592703657098,920.1482222995535,3887.5129515456656
hex10k_base,sensitivity_ge_25pct,2005,2010,2005_2010,0,replenishment_density_per_10kha,52404,52404,493590391.25639004,493590391.25639004,1.0,203.643336321039,340.87435879263785,0.0,0.0,1.201938193139307,58.00017721953994,264.9709233536922,591.9330786159272,1599.9460560508733,5740.714590078142
hex10k_base,sensitivity_ge_25pct,2005,2010,2005_2010,0,nat_tmp_density_per_10kha,52404,52404,493590391.25639004,493590391.25639004,1.0,19.146727780201402,149.3436096603033,0.0,0.0,0.0,0.0,0.44551138416794617,12.893466079003137,438.08186886828815,7086.546567566579
hex10k_base,sensitivity_ge_25pct,2005,2010,2005_2010,0,net_cr_balance_density_per_10kha,52404,52404,493590391.25639004,493590391.25639004,1.0,-146.52650681313636,397.03576524099026,-5731.584366068043,-572.1773900024594,-233.79386131620046,-25.375860692866343,0.0,56.972622762681915,837.6153656412592,3877.6676163459338
hex10k_base,sensitivity_ge_25pct,2005,2010,2005_2010,0,cr_balance_index,52404,38808,493590391.25639004,382752404.9958961,0.7754454133955773,-0.6302530808110492,0.6384674446218174,-1.0,-1.0,-1.0,-1.0,-0.5624047214699515,0.6675217826198353,0.9907630919117874,1.0
hex10k_base,sensitivity_ge_25pct,2005,2010,2005_2010,0,consolidation_rate_initial_pasture,52404,38691,493590391.25639004,381481136.76974374,0.7728698603688734,0.04214022054553027,0.12040221327492459,0.0,0.0,0.0,0.0,0.014338566084498485,0.12406918451453017,0.6643525399203508,1.0
hex10k_base,sensitivity_ge_25pct,2005,2010,2005_2010,0,replenishment_rate_initial_native,52404,52130,493590391.25639004,491977728.0300123,0.9967327904778032,0.04020652428511086,0.06618271719699767,0.0,0.0,0.0001693566512163025,0.012485139959079862,0.05274868227368697,0.11560248523433246,0.3190732779629944,0.7965064756922365
hex10k_base,sensitivity_ge_25pct,2005,2010,2005_2010,0,nat_tmp_intensity_initial_native,52404,52130,493590391.25639004,491977728.0300123,0.9967327904778032,0.003629853385379473,0.024471856434378048,0.0,0.0,0.0,0.0,0.0001097292420410939,0.0040720499923251165,0.07539029770434169,0.8230250303826286
hex10k_base,sensitivity_ge_75pct,2005,2010,2005_2010,0,consolidation_density_per_10kha,47191,47191,467701308.3305544,467701308.3305544,1.0,59.63769897517677,189.523595112297,0.0,0.0,0.0,0.0,13.011070446029311,171.44644888746586,937.6458521672704,3723.186885286887
hex10k_base,sensitivity_ge_75pct,2005,2010,2005_2010,0,replenishment_density_per_10kha,47191,47191,467701308.3305544,467701308.3305544,1.0,214.00249437595178,346.74539069030254,0.0,0.0,3.3069697935484768,69.56648399051834,282.46596636007524,613.8636658883726,1621.4824613103676,5740.714590078142
hex10k_base,sensitivity_ge_75pct,2005,2010,2005_2010,0,nat_tmp_density_per_10kha,47191,47191,467701308.3305544,467701308.3305544,1.0,20.190395858010323,153.35111773369655,0.0,0.0,0.0,0.0,0.7649845676371063,14.305954392735236,461.2150915047756,7086.546567566579
hex10k_base,sensitivity_ge_75pct,2005,2010,2005_2010,0,net_cr_balance_density_per_10kha,47191,47191,467701308.3305544,467701308.3305544,1.0,-154.364795400775,405.1825490985688,-5731.584366068043,-591.3419108980343,-249.89058575494718,-34.85985937393095,0.0,67.98504685676315,858.8962459216754,3702.366895700231
hex10k_base,sensitivity_ge_75pct,2005,2010,2005_2010,0,cr_balance_index,47191,37964,467701308.3305544,378434018.91428787,0.8091361135274489,-0.6301043725767894,0.6377021453305795,-1.0,-1.0,-1.0,-1.0,-0.5587314295116439,0.6625538576918584,0.9904679829843474,1.0
hex10k_base,sensitivity_ge_75pct,2005,2010,2005_2010,0,consolidation_rate_initial_pasture,47191,37829,467701308.3305544,377046801.9331277,0.8061700816681159,0.04239916925075855,0.12086918288590759,0.0,0.0,0.0,0.0,0.014592146197343357,0.12498813838232638,0.6683941213184166,1.0
hex10k_base,sensitivity_ge_75pct,2005,2010,2005_2010,0,replenishment_rate_initial_native,47191,47120,467701308.3305544,467037476.3407714,0.9985806497053588,0.04215466556527769,0.06725521635769383,0.0,0.0,0.00048311603545132874,0.014875024842228293,0.05584490756079446,0.11942630827103048,0.32344975209423327,0.7965064756922365
hex10k_base,sensitivity_ge_75pct,2005,2010,2005_2010,0,nat_tmp_intensity_initial_native,47191,47120,467701308.3305544,467037476.3407714,0.9985806497053588,0.0038164529182617476,0.025101370821654836,0.0,0.0,0.0,0.0,0.0001601796728739717,0.0044359615617022225,0.07938177100181731,0.8230250303826286
hex10k_base,primary_ge_50pct,2010,2015,2010_2015,0,consolidation_density_per_10kha,49716,49716,483487952.10396284,483487952.10396284,1.0,102.47556086095702,312.8287649785139,0.0,0.0,0.0,0.0,30.693702835091653,300.35157870038415,1559.8266417057125,6269.415484086871
hex10k_base,primary_ge_50pct,2010,2015,2010_2015,0,replenishment_density_per_10kha,49716,49716,483487952.10396284,483487952.10396284,1.0,179.35182694862564,302.81365572976426,0.0,0.0,1.9104014168190355,49.665505164053776,229.60440922080264,530.4729476785485,1384.1959240222577,4776.795676124866
hex10k_base,primary_ge_50pct,2010,2015,2010_2015,0,nat_tmp_density_per_10kha,49716,49716,483487952.10396284,483487952.10396284,1.0,28.16337093548351,182.93221712343424,0.0,0.0,0.0,0.0,2.050232588111973,23.662817736074672,644.9268303811886,8310.073726675007
hex10k_base,primary_ge_50pct,2010,2015,2010_2015,0,net_cr_balance_density_per_10kha,49716,49716,483487952.10396284,483487952.10396284,1.0,-76.8762660876686,442.619525437528,-4776.795676124866,-494.52164965137854,-184.46244201745793,-13.562290856896363,0.0,189.47088157867907,1461.3578986570606,6269.065567567795
hex10k_base,primary_ge_50pct,2010,2015,2010_2015,0,cr_balance_index,49716,38784,483487952.10396284,384877915.2809901,0.7960444797148349,-0.5190312708195667,0.7100542128297026,-1.0,-1.0,-1.0,-0.9876756013277436,-0.08561568679190472,0.8356624039011078,0.997884586741388,1.0
hex10k_base,primary_ge_50pct,2010,2015,2010_2015,0,consolidation_rate_initial_pasture,49716,38891,483487952.10396284,385839451.72410756,0.7980332292564382,0.06145207732293715,0.1489183481752504,0.0,0.0,0.0,0.0004726752434421427,0.03855580769929435,0.1943906424463441,0.7880698654813139,1.0
hex10k_base,primary_ge_50pct,2010,2015,2010_2015,0,replenishment_rate_initial_native,49716,49565,483487952.10396284,482339076.42030096,0.9976237759831194,0.035752317187214944,0.05836324598755584,0.0,0.0,0.0002924207169610418,0.011313894038577693,0.0467248071590674,0.10397282074480411,0.2752583765116067,0.7099264147205924
hex10k_base,primary_ge_50pct,2010,2015,2010_2015,0,nat_tmp_intensity_initial_native,49716,49565,483487952.10396284,482339076.42030096,0.9976237759831194,0.005214149013156926,0.030716500003216643,0.0,0.0,0.0,0.0,0.0005094936172442578,0.006598684884482334,0.11043351044768036,0.9822146415826244
hex10k_base,sensitivity_ge_25pct,2010,2015,2010_2015,0,consolidation_density_per_10kha,52404,52404,493590391.2563936,493590391.2563936,1.0,100.64764343187522,310.29313308707884,0.0,0.0,0.0,0.0,28.413880677094188,292.70993317042706,1544.303444141391,6269.415484086871
hex10k_base,sensitivity_ge_25pct,2010,2015,2010_2015,0,replenishment_density_per_10kha,52404,52404,493590391.2563936,493590391.2563936,1.0,176.08226021633632,300.87877401378177,0.0,0.0,1.2510906850934835,45.984834121155124,224.38677440555045,524.4144933846949,1375.2674303232054,4776.795676124866
hex10k_base,sensitivity_ge_25pct,2010,2015,2010_2015,0,nat_tmp_density_per_10kha,52404,52404,493590391.2563936,493590391.2563936,1.0,27.597481886583367,181.09451672415304,0.0,0.0,0.0,0.0,1.8815759106121706,22.49342575176219,635.1949253726116,8310.073726675007
hex10k_base,sensitivity_ge_25pct,2010,2015,2010_2015,0,net_cr_balance_density_per_10kha,52404,52404,493590391.2563936,493590391.2563936,1.0,-75.43461678446114,438.6953035835332,-4776.795676124866,-487.4757891545172,-178.5036636203713,-11.454953821539874,0.0,183.1484016490553,1456.925144464015,6269.065567567795
hex10k_base,sensitivity_ge_25pct,2010,2015,2010_2015,0,cr_balance_index,52404,39192,493590391.2563936,386434620.28825057,0.7829054761471614,-0.5191527275628784,0.7102687642112325,-1.0,-1.0,-1.0,-0.9878406939312122,-0.08569169216203198,0.8359448028466948,0.9979202169602666,1.0
hex10k_base,sensitivity_ge_25pct,2010,2015,2010_2015,0,consolidation_rate_initial_pasture,52404,39306,493590391.2563936,387423950.1291081,0.7849098300778351,0.06130798767332851,0.14870782978177455,0.0,0.0,0.0,0.00046576437620695125,0.038411349066642515,0.19404588167212783,0.7868286364108207,1.0
hex10k_base,sensitivity_ge_25pct,2010,2015,2010_2015,0,replenishment_rate_initial_native,52404,52131,493590391.2563936,491985087.1727713,0.9967476998903156,0.03513010286031104,0.058015655404744286,0.0,0.0,0.00019752807817965796,0.010655608120620864,0.045673677547678135,0.10277104386734455,0.27396806490787057,0.7099264147205924
hex10k_base,sensitivity_ge_25pct,2010,2015,2010_2015,0,nat_tmp_intensity_initial_native,52404,52131,493590391.2563936,491985087.1727713,0.9967476998903156,0.005117492214117674,0.030426954479545354,0.0,0.0,0.0,0.0,0.00045900085902587993,0.006432751073359994,0.10819703160233837,0.9822146415826244
hex10k_base,sensitivity_ge_75pct,2010,2015,2010_2015,0,consolidation_density_per_10kha,47191,47191,467701308.3305577,467701308.3305577,1.0,105.52693982307973,317.1315505505689,0.0,0.0,0.0,0.0,34.493804274606944,312.5612590433564,1578.8758949334706,6269.415484086871
hex10k_base,sensitivity_ge_75pct,2010,2015,2010_2015,0,replenishment_density_per_10kha,47191,47191,467701308.3305577,467701308.3305577,1.0,184.8863222295938,305.9955137141149,0.0,0.0,3.1347706913757754,55.41828736254574,240.3903751893231,540.8918323813284,1394.9270791050192,4776.795676124866
hex10k_base,sensitivity_ge_75pct,2010,2015,2010_2015,0,nat_tmp_density_per_10kha,47191,47191,467701308.3305577,467701308.3305577,1.0,29.038671911518843,185.7016609508279,0.0,0.0,0.0,0.0,2.3319584245048786,25.193496901228034,657.7465456109286,8310.073726675007
hex10k_base,sensitivity_ge_75pct,2010,2015,2010_2015,0,net_cr_balance_density_per_10kha,47191,47191,467701308.3305577,467701308.3305577,1.0,-79.35938240651402,449.2474083934167,-4776.795676124866,-505.4070991705791,-194.36196148768275,-17.310113203656968,0.0,201.4352407740721,1485.8730350547885,6269.065567567795
hex10k_base,sensitivity_ge_75pct,2010,2015,2010_2015,0,cr_balance_index,47191,38311,467701308.3305577,381891355.68044627,0.816528303167663,-0.5179282029990387,0.7100713610595992,-1.0,-1.0,-1.0,-0.9871514620854988,-0.08071840441272457,0.8352822339263585,0.9978835269943406,1.0
hex10k_base,sensitivity_ge_75pct,2010,2015,2010_2015,0,consolidation_rate_initial_pasture,47191,38413,467701308.3305577,382831314.062395,0.8185380439257205,0.06172155378343282,0.1492335255790631,0.0,0.0,0.0,0.000495362695857158,0.03901227152581172,0.19515827075105482,0.7891578235299137,1.0
hex10k_base,sensitivity_ge_75pct,2010,2015,2010_2015,0,replenishment_rate_initial_native,47191,47120,467701308.3305577,467037605.6093304,0.9985809260966227,0.03682258460571731,0.05893348498873558,0.0,0.0,0.000495869291752755,0.012543022403228831,0.048399926782348134,0.10610794494134485,0.27736229210239155,0.7099264147205924
hex10k_base,sensitivity_ge_75pct,2010,2015,2010_2015,0,nat_tmp_intensity_initial_native,47191,47120,467701308.3305577,467037605.6093304,0.9985809260966227,0.005371715707137123,0.03118629777315614,0.0,0.0,0.0,0.0,0.0005885213518292308,0.006949687767026981,0.11295018240283805,0.9822146415826244
hex10k_base,primary_ge_50pct,2015,2020,2015_2020,0,consolidation_density_per_10kha,49716,49716,483487952.10396093,483487952.10396093,1.0,80.7683652482098,231.1421424726477,0.0,0.0,0.0,0.0,38.419822801090135,243.8825600925223,1119.557142792749,4615.9298383998175
hex10k_base,primary_ge_50pct,2015,2020,2015_2020,0,replenishment_density_per_10kha,49716,49716,483487952.10396093,483487952.10396093,1.0,185.98994717403096,326.33299235057103,0.0,0.0,2.5926194637560402,57.011781151647156,236.30854344999372,516.0350546253753,1512.6802351250121,5721.160300547325
hex10k_base,primary_ge_50pct,2015,2020,2015_2020,0,nat_tmp_density_per_10kha,49716,49716,483487952.10396093,483487952.10396093,1.0,15.309145510225067,85.85409616286732,0.0,0.0,0.0,0.0,2.159583919564192,17.53259534562447,334.14186861148283,3934.702790995751
hex10k_base,primary_ge_50pct,2015,2020,2015_2020,0,net_cr_balance_density_per_10kha,49716,49716,483487952.10396093,483487952.10396093,1.0,-105.22158192582111,403.42160886855356,-5721.160300547325,-476.9327606959433,-188.54631675194986,-16.807299939262816,0.0,131.8793302432911,997.9024908632866,4553.2042348005025
hex10k_base,primary_ge_50pct,2015,2020,2015_2020,0,cr_balance_index,49716,39496,483487952.10396093,391804039.68793225,0.8103698095949358,-0.5115184460313441,0.6900627035606772,-1.0,-1.0,-1.0,-0.9673907997090636,-0.05342166320034556,0.7705378737199206,0.9984580285676186,1.0
hex10k_base,primary_ge_50pct,2015,2020,2015_2020,0,consolidation_rate_initial_pasture,49716,39456,483487952.10396093,391323160.97187394,0.8093752062879336,0.04975645732092672,0.11886798233528216,0.0,0.0,0.0,0.0013641705057520729,0.03946454141079418,0.1507825380354333,0.628765634083094,1.0
hex10k_base,primary_ge_50pct,2015,2020,2015_2020,0,replenishment_rate_initial_native,49716,49563,483487952.10396093,482323214.6421779,0.9975909690061261,0.03755477329259958,0.06090014846292478,0.0,0.0,0.0004223382390771064,0.013239479046788604,0.04896785520407535,0.10584500180222699,0.28897039972482363,0.7919466636844457
hex10k_base,primary_ge_50pct,2015,2020,2015_2020,0,nat_tmp_intensity_initial_native,49716,49563,483487952.10396093,482323214.6421779,0.9975909690061261,0.003279404349313587,0.018141461793126947,0.0,0.0,0.0,0.0,0.0005403425057171349,0.005394448906321823,0.06591358522765374,1.0
hex10k_base,sensitivity_ge_25pct,2015,2020,2015_2020,0,consolidation_density_per_10kha,52404,52404,493590391.25639164,493590391.25639164,1.0,79.28400644373984,229.22358550300336,0.0,0.0,0.0,0.0,35.974700399066116,238.0998021716884,1107.4803855114358,4615.9298383998175
hex10k_base,sensitivity_ge_25pct,2015,2020,2015_2020,0,replenishment_density_per_10kha,52404,52404,493590391.25639164,493590391.25639164,1.0,182.5678241216576,324.1034657876563,0.0,0.0,1.844125035206412,53.235065435500914,230.86859263493153,510.08631360537044,1502.5617299150263,5721.160300547325
hex10k_base,sensitivity_ge_25pct,2015,2020,2015_2020,0,nat_tmp_density_per_10kha,52404,52404,493590391.25639164,493590391.25639164,1.0,15.001124131758463,84.99827758986395,0.0,0.0,0.0,0.0,2.0224294948829065,16.89527150733344,329.62301029790143,3934.702790995751
hex10k_base,sensitivity_ge_25pct,2015,2020,2015_2020,0,net_cr_balance_density_per_10kha,52404,52404,493590391.25639164,493590391.25639164,1.0,-103.28381767791777,399.83144140212056,-5721.160300547325,-468.7251798183197,-183.70816166593892,-14.33164594548436,0.0,126.57735672609303,990.3555358936193,4553.2042348005025
hex10k_base,sensitivity_ge_25pct,2015,2020,2015_2020,0,cr_balance_index,52404,39909,493590391.25639164,393379569.9907209,0.7969757453936801,-0.5117479011383392,0.6901926214246085,-1.0,-1.0,-1.0,-0.9676961724163831,-0.054106612975537906,0.7708397708739567,0.9984580285676186,1.0
hex10k_base,sensitivity_ge_25pct,2015,2020,2015_2020,0,consolidation_rate_initial_pasture,52404,39891,493590391.25639164,392986636.0938542,0.7961796725692749,0.0496283773546591,0.11868346457993392,0.0,0.0,0.0,0.0013373231347440092,0.03918835020308242,0.15048871904195568,0.6280336976246552,1.0
hex10k_base,sensitivity_ge_25pct,2015,2020,2015_2020,0,replenishment_rate_initial_native,52404,52129,493590391.25639164,491969225.3946483,0.9967155643820035,0.03689763761884728,0.06052596861358399,0.0,0.0,0.0003009655718621544,0.012494389995102483,0.048023851356795176,0.1047743881622185,0.2874099452189097,0.7919466636844457
hex10k_base,sensitivity_ge_25pct,2015,2020,2015_2020,0,nat_tmp_intensity_initial_native,52404,52129,493590391.25639164,491969225.3946483,0.9967155643820035,0.003218401232537187,0.01797154851494205,0.0,0.0,0.0,0.0,0.0005038828694680377,0.005260003582284053,0.06519199924573961,1.0
hex10k_base,sensitivity_ge_75pct,2015,2020,2015_2020,0,consolidation_density_per_10kha,47191,47191,467701308.33055586,467701308.33055586,1.0,83.25530227221176,234.39133441431233,0.0,0.0,0.0,0.0,42.111567022886994,255.17898086009717,1134.8455849481466,4615.9298383998175
hex10k_base,sensitivity_ge_75pct,2015,2020,2015_2020,0,replenishment_density_per_10kha,47191,47191,467701308.33055586,467701308.33055586,1.0,191.75958976890155,329.96975763709025,0.0,0.0,4.091225095983734,63.37804629781591,244.87501925861872,527.7342617226815,1532.880653881386,5721.160300547325
hex10k_base,sensitivity_ge_75pct,2015,2020,2015_2020,0,nat_tmp_density_per_10kha,47191,47191,467701308.33055586,467701308.33055586,1.0,15.803261248817702,87.23068092277911,0.0,0.0,0.0,0.0,2.411772869982444,18.472679515748222,343.30065807679745,3934.702790995751
hex10k_base,sensitivity_ge_75pct,2015,2020,2015_2020,0,net_cr_balance_density_per_10kha,47191,47191,467701308.33055586,467701308.33055586,1.0,-108.50428749668983,409.43983481614123,-5721.160300547325,-486.48553975010395,-197.18827511940088,-20.874129062389496,0.0,140.00697015344426,1018.6147528213592,4553.2042348005025
hex10k_base,sensitivity_ge_75pct,2015,2020,2015_2020,0,cr_balance_index,47191,38994,467701308.33055586,388634867.89735264,0.8309467195731647,-0.5100740025798137,0.6902109650844483,-1.0,-1.0,-1.0,-0.9655270662147039,-0.04920135754740779,0.770600957973969,0.9982857041125974,1.0
hex10k_base,sensitivity_ge_75pct,2015,2020,2015_2020,0,consolidation_rate_initial_pasture,47191,38941,467701308.33055586,388072250.4009583,0.829743777681891,0.050022878610170164,0.1191756444336399,0.0,0.0,0.0,0.0014321782684188229,0.03989034159522315,0.15164251302646298,0.6316965703881287,1.0
hex10k_base,sensitivity_ge_75pct,2015,2020,2015_2020,0,replenishment_rate_initial_native,47191,47119,467701308.33055586,467028973.70540696,0.9985624700782882,0.038678562408462576,0.061496647182225195,0.0,0.0,0.0006903767642058746,0.01452599788522917,0.05064690675704517,0.10782024423311214,0.29106949497052537,0.7919466636844457
hex10k_base,sensitivity_ge_75pct,2015,2020,2015_2020,0,nat_tmp_intensity_initial_native,47191,47119,467701308.33055586,467028973.70540696,0.9985624700782882,0.003380447029867724,0.018424702304699024,0.0,0.0,0.0,0.0,0.0006156118090456728,0.005617946014744721,0.06712836400665695,1.0
hex10k_base,primary_ge_50pct,2020,2025,2020_2025,1,consolidation_density_per_10kha,49716,49716,483487952.1039595,483487952.1039595,1.0,43.01615031365423,154.12842343145797,0.0,0.0,0.0,0.0,12.655361465965843,93.22364447505853,774.8351706216537,4343.786841048341
hex10k_base,primary_ge_50pct,2020,2025,2020_2025,1,replenishment_density_per_10kha,49716,49716,483487952.1039595,483487952.1039595,1.0,206.727348731288,337.3129636916603,0.0,0.0,5.183181264484505,73.39330148759339,277.3044338135898,578.6132992338289,1532.2115742707495,6125.164477975514
hex10k_base,primary_ge_50pct,2020,2025,2020_2025,1,nat_tmp_density_per_10kha,49716,49716,483487952.1039595,483487952.1039595,1.0,14.096211977609626,109.88265750170062,0.0,0.0,0.0,0.0,1.6242876091756846,12.434705430596075,287.3571018845618,6777.536838149096
hex10k_base,primary_ge_50pct,2020,2025,2020_2025,1,net_cr_balance_density_per_10kha,49716,49716,483487952.1039595,483487952.1039595,1.0,-163.7111984176338,372.18916499924455,-6125.164477975514,-555.6101710501739,-252.51382454162496,-46.645995453405064,0.0,18.871936294837585,639.4715411456783,4290.8911352919085
hex10k_base,primary_ge_50pct,2020,2025,2020_2025,1,cr_balance_index,49716,40929,483487952.1039595,405655129.231765,0.8390180716324056,-0.6525181918679164,0.6005434546260858,-1.0,-1.0,-1.0,-0.9974902237426251,-0.5952825972739161,0.5198006413285792,0.9936825354260044,1.0
hex10k_base,primary_ge_50pct,2020,2025,2020_2025,1,consolidation_rate_initial_pasture,49716,40034,483487952.1039595,396929666.16398,0.820971162645708,0.03646659110164108,0.1113676182669365,0.0,0.0,0.0,0.00017099362688272635,0.015058687508992166,0.09144460426123045,0.623243050898508,1.0
hex10k_base,primary_ge_50pct,2020,2025,2020_2025,1,replenishment_rate_initial_native,49716,49562,483487952.1039595,482313214.99640477,0.9975702867001283,0.04144088896026038,0.06110874523456075,0.0,0.0,0.0009791199592105115,0.01739348201205459,0.05746803720223505,0.11532447833832779,0.2819434132931812,0.8019005042675909
hex10k_base,primary_ge_50pct,2020,2025,2020_2025,1,nat_tmp_intensity_initial_native,49716,49562,483487952.1039595,482313214.99640477,0.9975702867001283,0.0029901894431355524,0.01970263983561167,0.0,0.0,0.0,0.0,0.0004227872876783956,0.004069242423518188,0.057285967743539154,0.8402005377897682
hex10k_base,sensitivity_ge_25pct,2020,2025,2020_2025,1,consolidation_density_per_10kha,52404,52404,493590391.25639,493590391.25639,1.0,42.23152299320471,152.86320540070864,0.0,0.0,0.0,0.0,11.846397784484942,90.1784761277337,766.6385517573041,4343.786841048341
hex10k_base,sensitivity_ge_25pct,2020,2025,2020_2025,1,replenishment_density_per_10kha,52404,52404,493590391.25639,493590391.25639,1.0,203.1564047913047,335.99964853433625,0.0,0.0,4.017161261268857,69.2203794752538,271.1061546731576,572.9481479118458,1519.989353774241,8252.498555145283
hex10k_base,sensitivity_ge_25pct,2020,2025,2020_2025,1,nat_tmp_density_per_10kha,52404,52404,493590391.25639,493590391.25639,1.0,13.81316202154964,108.77055735259516,0.0,0.0,0.0,0.0,1.5045314665226928,12.081481715307623,280.46456264803663,6777.536838149096
hex10k_base,sensitivity_ge_25pct,2020,2025,2020_2025,1,net_cr_balance_density_per_10kha,52404,52404,493590391.25639,493590391.25639,1.0,-160.9248817981,370.083540774329,-8252.498555145283,-549.2598117589336,-246.99263398871713,-42.6061916415259,0.0,17.264381152534384,634.739795711198,4290.8911352919085
hex10k_base,sensitivity_ge_25pct,2020,2025,2020_2025,1,cr_balance_index,52404,41399,493590391.25639,407453260.11153483,0.8254886386147007,-0.6527420019102913,0.6006680671284103,-1.0,-1.0,-1.0,-0.997579765083633,-0.5973216012647147,0.520198954818928,0.9938542003443326,1.0
hex10k_base,sensitivity_ge_25pct,2020,2025,2020_2025,1,consolidation_rate_initial_pasture,52404,40481,493590391.25639,398637622.0986395,0.8076284084135902,0.036352951159275546,0.11116554579735105,0.0,0.0,0.0,0.00016640670044595316,0.014964433128220187,0.09095419983017707,0.6226658218139837,1.0
hex10k_base,sensitivity_ge_25pct,2020,2025,2020_2025,1,replenishment_rate_initial_native,52404,52128,493590391.25639,491959225.74887484,0.9966953053859838,0.04074117812993142,0.06083337286887361,0.0,0.0,0.0007351937278897249,0.0164228662004791,0.056391829001730044,0.11426868549762904,0.28059401655341865,0.8273379407045519
hex10k_base,sensitivity_ge_25pct,2020,2025,2020_2025,1,nat_tmp_intensity_initial_native,52404,52128,493590391.25639,491959225.74887484,0.9966953053859838,0.0029341689691519493,0.01951361191572759,0.0,0.0,0.0,0.0,0.000388785439391038,0.00397061526223523,0.056548602037388915,0.8402005377897682
hex10k_base,sensitivity_ge_75pct,2020,2025,2020_2025,1,consolidation_density_per_10kha,47191,47191,467701308.33055484,467701308.33055484,1.0,44.331251136895474,156.36125048182444,0.0,0.0,0.0,0.0,13.898240395067566,97.56551409189393,790.9925103204943,4343.786841048341
hex10k_base,sensitivity_ge_75pct,2020,2025,2020_2025,1,replenishment_density_per_10kha,47191,47191,467701308.33055484,467701308.33055484,1.0,212.920986140222,340.59999523215157,0.0,0.0,7.319392860608329,80.65735548223223,286.97827768638143,588.5230279690787,1544.5686068703596,6125.164477975514
hex10k_base,sensitivity_ge_75pct,2020,2025,2020_2025,1,nat_tmp_density_per_10kha,47191,47191,467701308.33055484,467701308.33055484,1.0,14.561499755984554,111.68999749512336,0.0,0.0,0.0,0.0,1.8243875004736427,13.01667569178191,297.2345740995036,6777.536838149096
hex10k_base,sensitivity_ge_75pct,2020,2025,2020_2025,1,net_cr_balance_density_per_10kha,47191,47191,467701308.33055484,467701308.33055484,1.0,-168.58973500332652,376.80609768269704,-6125.164477975514,-567.9736208205139,-261.25069517124643,-53.25541639072582,0.0,21.65448727944852,649.2825229611349,4290.8911352919085
hex10k_base,sensitivity_ge_75pct,2020,2025,2020_2025,1,cr_balance_index,47191,40350,467701308.33055484,401986615.717274,0.8594943151905061,-0.6514131621154167,0.6006923977558911,-1.0,-1.0,-1.0,-0.9971707638513131,-0.589152024680004,0.520198954818928,0.9933624074342512,1.0
hex10k_base,sensitivity_ge_75pct,2020,2025,2020_2025,1,consolidation_rate_initial_pasture,47191,39488,467701308.33055484,393479777.7261317,0.8413057024164534,0.03670095566116371,0.11176414258624293,0.0,0.0,0.0,0.00018450063322948633,0.015274016926433374,0.0921383466940532,0.6247010504253363,1.0
hex10k_base,sensitivity_ge_75pct,2020,2025,2020_2025,1,replenishment_rate_initial_native,47191,47118,467701308.33055484,467018974.05963427,0.9985410896681984,0.0426626468769072,0.0616257527120008,0.0,0.0,0.0014631272703519837,0.01899580390869727,0.05922316515718511,0.11745906777280964,0.28358069391867946,0.8019005042675909
hex10k_base,sensitivity_ge_75pct,2020,2025,2020_2025,1,nat_tmp_intensity_initial_native,47191,47118,467701308.33055484,467018974.05963427,0.9985410896681984,0.00308430472655615,0.02001422154740736,0.0,0.0,0.0,0.0,0.0004760297888746948,0.004274450969798186,0.0594077788949551,0.8402005377897682
hex20k_shift,primary_ge_50pct,1985,1990,1985_1990,0,consolidation_density_per_10kha,25015,25015,472791550.11755174,472791550.11755174,1.0,30.07665799198294,149.62499477174433,0.0,0.0,0.0,0.0,0.0,30.50264954599577,697.3510036514326,3026.1987132603617
hex20k_shift,primary_ge_50pct,1985,1990,1985_1990,0,replenishment_density_per_10kha,25015,25015,472791550.11755174,472791550.11755174,1.0,346.20097598782826,543.5610022714471,0.0,0.0,0.0,66.67676552892618,514.8168658403773,1075.9517244576487,2377.9029174451293,5379.767089160311
hex20k_shift,primary_ge_50pct,1985,1990,1985_1990,0,nat_tmp_density_per_10kha,25015,25015,472791550.11755174,472791550.11755174,1.0,29.614869105898048,165.81862137292538,0.0,0.0,0.0,0.0,0.0,26.799385749162887,737.2251902231632,5071.257518961737
hex20k_shift,primary_ge_50pct,1985,1990,1985_1990,0,net_cr_balance_density_per_10kha,25015,25015,472791550.11755174,472791550.11755174,1.0,-316.1243179958453,555.3975605182194,-5379.767089160311,-1046.23537585127,-476.5261830196721,-47.12551175252678,0.0,0.0,418.50496667246813,2710.2472524740633
hex20k_shift,primary_ge_50pct,1985,1990,1985_1990,0,cr_balance_index,25015,17635,472791550.11755174,346195802.97578937,0.7322377121370158,-0.8915018413773849,0.33210838577288754,-1.0,-1.0,-1.0,-1.0,-0.9964748022217645,-0.7022620179550371,0.7715351200923346,1.0
hex20k_shift,primary_ge_50pct,1985,1990,1985_1990,0,consolidation_rate_initial_pasture,25015,16499,472791550.11755174,323959037.6227315,0.6852047959448185,0.0250772949371989,0.09473662822711107,0.0,0.0,0.0,0.0,0.001170124270211345,0.051735609095122474,0.5019883911236397,1.0
hex20k_shift,primary_ge_50pct,1985,1990,1985_1990,0,replenishment_rate_initial_native,25015,24966,472791550.11755174,472244733.84192127,0.9988434305234632,0.058277709797171076,0.09466115978065362,0.0,0.0,0.0,0.00793684798213143,0.0810766907622624,0.19495397144109466,0.40883706438881623,0.7599643133726335
hex20k_shift,primary_ge_50pct,1985,1990,1985_1990,0,nat_tmp_intensity_initial_native,25015,24966,472791550.11755174,472244733.84192127,0.9988434305234632,0.00516278637528676,0.026109093501071302,0.0,0.0,0.0,0.0,0.0,0.005605147428688405,0.12008940561893731,0.7985650031620877
hex20k_shift,sensitivity_ge_25pct,1985,1990,1985_1990,0,consolidation_density_per_10kha,27352,27352,494172315.4491673,494172315.4491673,1.0,29.238022832139276,147.4741614575073,0.0,0.0,0.0,0.0,0.0,27.94858922385696,691.2088194015904,3026.1987132603617
hex20k_shift,sensitivity_ge_25pct,1985,1990,1985_1990,0,replenishment_density_per_10kha,27352,27352,494172315.4491673,494172315.4491673,1.0,332.32548611087975,536.337344058979,0.0,0.0,0.0,51.829288879331585,488.3222749757549,1049.6386749552003,2340.763459841129,5379.767089160311
hex20k_shift,sensitivity_ge_25pct,1985,1990,1985_1990,0,nat_tmp_density_per_10kha,27352,27352,494172315.4491673,494172315.4491673,1.0,28.366194486227176,162.3131703758089,0.0,0.0,0.0,0.0,0.0,24.10833184666944,715.6214443406737,5071.257518961737
hex20k_shift,sensitivity_ge_25pct,1985,1990,1985_1990,0,net_cr_balance_density_per_10kha,27352,27352,494172315.4491673,494172315.4491673,1.0,-303.0874632787405,547.5672139464278,-5379.767089160311,-1019.8232534239322,-447.887150020532,-34.80927864347771,0.0,0.0,406.90940535159416,2710.2472524740633
hex20k_shift,sensitivity_ge_25pct,1985,1990,1985_1990,0,cr_balance_index,27352,17924,494172315.4491673,348879976.15581113,0.7059885089651454,-0.8898950285505713,0.335968057552717,-1.0,-1.0,-1.0,-1.0,-0.9964640243649094,-0.6978592252502699,0.7832931114246613,1.0
hex20k_shift,sensitivity_ge_25pct,1985,1990,1985_1990,0,consolidation_rate_initial_pasture,27352,16764,494172315.4491673,326409353.0919346,0.6605172788670929,0.025022577429286142,0.09446014093249609,0.0,0.0,0.0,0.0,0.001181073915666853,0.052021404410314505,0.5011376377427469,1.0
hex20k_shift,sensitivity_ge_25pct,1985,1990,1985_1990,0,replenishment_rate_initial_native,27352,27251,494172315.4491673,493162156.8455185,0.9979558575580451,0.056096820595689226,0.09343426416676241,0.0,0.0,0.0,0.006145109580348373,0.07635991341404741,0.19076233245264115,0.40644102673133226,0.7599643133726335
hex20k_shift,sensitivity_ge_25pct,1985,1990,1985_1990,0,nat_tmp_intensity_initial_native,27352,27251,494172315.4491673,493162156.8455185,0.9979558575580451,0.004960156884741204,0.02559420224869911,0.0,0.0,0.0,0.0,0.0,0.0049708356143731555,0.11792860183380363,0.7985650031620877
hex20k_shift,sensitivity_ge_75pct,1985,1990,1985_1990,0,consolidation_density_per_10kha,22426,22426,444695161.27649415,444695161.27649415,1.0,31.084218961286933,152.11517047855634,0.0,0.0,0.0,0.0,0.0,35.12345760029866,709.8054010096184,3026.1987132603617
hex20k_shift,sensitivity_ge_75pct,1985,1990,1985_1990,0,replenishment_density_per_10kha,22426,22426,444695161.27649415,444695161.27649415,1.0,365.4495425400854,553.0637880207843,0.0,0.0,0.5806938696337007,88.19864293402985,552.8091631509736,1113.2671588153094,2404.9722940758916,5379.767089160311
hex20k_shift,sensitivity_ge_75pct,1985,1990,1985_1990,0,nat_tmp_density_per_10kha,22426,22426,444695161.27649415,444695161.27649415,1.0,31.39318702762257,170.7796207384419,0.0,0.0,0.0,0.0,0.0,31.602044521032727,779.3039610176677,5071.257518961737
hex20k_shift,sensitivity_ge_75pct,1985,1990,1985_1990,0,net_cr_balance_density_per_10kha,22426,22426,444695161.27649415,444695161.27649415,1.0,-334.36532357879855,565.5590512522242,-5379.767089160311,-1085.859566001054,-515.0424132608226,-66.03046255172897,0.0,0.0,421.03100201912815,2710.2472524740633
hex20k_shift,sensitivity_ge_75pct,1985,1990,1985_1990,0,cr_balance_index,22426,17038,444695161.27649415,339694264.45174426,0.7638811798101297,-0.8936406474484415,0.3263732332619433,-1.0,-1.0,-1.0,-1.0,-0.9962896527549969,-0.7096031385917556,0.7515075241315782,1.0
hex20k_shift,sensitivity_ge_75pct,1985,1990,1985_1990,0,consolidation_rate_initial_pasture,22426,15942,444695161.27649415,317897170.22840255,0.7148653682578445,0.025206169516947794,0.09528021682784373,0.0,0.0,0.0,0.0,0.0012102813129724,0.051730074019400524,0.504501372428209,1.0
hex20k_shift,sensitivity_ge_75pct,1985,1990,1985_1990,0,replenishment_rate_initial_native,22426,22420,444695161.27649415,444585055.75436103,0.9997524022482793,0.061316079770297564,0.09631279198962336,0.0,0.0,6.251738735765115e-05,0.01067327745110386,0.08800756543018488,0.20085498336629917,0.4118291391416789,0.7599643133726335
hex20k_shift,sensitivity_ge_75pct,1985,1990,1985_1990,0,nat_tmp_intensity_initial_native,22426,22420,444695161.27649415,444585055.75436103,0.9997524022482793,0.00543126012073588,0.026796997829587776,0.0,0.0,0.0,0.0,0.0,0.006578020812954835,0.12313396085254838,0.7985650031620877
hex20k_shift,primary_ge_50pct,1990,1995,1990_1995,0,consolidation_density_per_10kha,25015,25015,472791550.1175321,472791550.1175321,1.0,34.14589531770344,133.42917914058324,0.0,0.0,0.0,0.0,0.6274692312845599,61.358725788298365,707.4308849670308,2537.5535672095243
hex20k_shift,primary_ge_50pct,1990,1995,1990_1995,0,replenishment_density_per_10kha,25015,25015,472791550.1175321,472791550.1175321,1.0,355.3692231070653,534.9249928986852,0.0,0.0,0.9359736340938104,101.33876182333182,519.4104048589511,1082.2717215316738,2300.6767625535485,7767.211631396252
hex20k_shift,primary_ge_50pct,1990,1995,1990_1995,0,nat_tmp_density_per_10kha,25015,25015,472791550.1175321,472791550.1175321,1.0,24.956687544242346,136.671182761226,0.0,0.0,0.0,0.0,0.08665422366117208,21.071887027179518,674.5846624731089,3471.5592401588465
hex20k_shift,primary_ge_50pct,1990,1995,1990_1995,0,net_cr_balance_density_per_10kha,25015,25015,472791550.1175321,472791550.1175321,1.0,-321.22332778936186,553.4878534447638,-7767.211631396252,-1066.6023068920276,-482.8471389202318,-66.67056247194884,0.0,0.0,531.7760841381423,2501.307759809299
hex20k_shift,primary_ge_50pct,1990,1995,1990_1995,0,cr_balance_index,25015,18725,472791550.1175321,367046251.0903574,0.7763384328656313,-0.8356510572219149,0.4228946471151715,-1.0,-1.0,-1.0,-1.0,-0.9783961105932224,-0.37210119377456,0.906302776421722,1.0
hex20k_shift,primary_ge_50pct,1990,1995,1990_1995,0,consolidation_rate_initial_pasture,25015,17885,472791550.1175321,350853849.9731772,0.7420899334727066,0.028628658800012693,0.09897148771931662,0.0,0.0,0.0,0.0,0.003339110911900107,0.06673786641478364,0.5466623308727759,1.0
hex20k_shift,primary_ge_50pct,1990,1995,1990_1995,0,replenishment_rate_initial_native,25015,24963,472791550.1175321,472214629.4589672,0.9987797568327491,0.06002836603007281,0.09039985562915791,0.0,0.0,0.00010664794820351466,0.014767955363253966,0.0910938580673896,0.1817353857243989,0.39440816099264886,0.7864563250183705
hex20k_shift,primary_ge_50pct,1990,1995,1990_1995,0,nat_tmp_intensity_initial_native,25015,24963,472791550.1175321,472214629.4589672,0.9987797568327491,0.004542289941165492,0.02371796960255856,0.0,0.0,0.0,0.0,1.8656321602061875e-05,0.005233763877397882,0.10863743253719374,0.7343210958746633
hex20k_shift,sensitivity_ge_25pct,1990,1995,1990_1995,0,consolidation_density_per_10kha,27352,27352,494172315.4491476,494172315.4491476,1.0,33.08118061078293,131.6574950374928,0.0,0.0,0.0,0.0,0.3068776325406472,56.095707435692574,700.4666586086084,2537.5535672095243
hex20k_shift,sensitivity_ge_25pct,1990,1995,1990_1995,0,replenishment_density_per_10kha,27352,27352,494172315.4491476,494172315.4491476,1.0,340.94470036099733,528.0752951539624,0.0,0.0,0.0,83.01975435620243,490.93252039806333,1054.9021743505389,2286.8276321077715,7767.211631396252
hex20k_shift,sensitivity_ge_25pct,1990,1995,1990_1995,0,nat_tmp_density_per_10kha,27352,27352,494172315.4491476,494172315.4491476,1.0,23.89840869051766,133.7929031472066,0.0,0.0,0.0,0.0,0.0,19.098874453418137,652.2399001502909,3471.5592401588465
hex20k_shift,sensitivity_ge_25pct,1990,1995,1990_1995,0,net_cr_balance_density_per_10kha,27352,27352,494172315.4491476,494172315.4491476,1.0,-307.86351975021444,545.668693595574,-7767.211631396252,-1043.2614715925204,-458.08868291262667,-50.38635027378852,0.0,0.0,520.2616416306347,2501.307759809299
hex20k_shift,sensitivity_ge_25pct,1990,1995,1990_1995,0,cr_balance_index,27352,19040,494172315.4491476,369974398.5722021,0.7486748791986386,-0.8345790381362754,0.42493595788971167,-1.0,-1.0,-1.0,-1.0,-0.9783111046349391,-0.3694060609948165,0.9091780612127282,1.0
hex20k_shift,sensitivity_ge_25pct,1990,1995,1990_1995,0,consolidation_rate_initial_pasture,27352,18185,494172315.4491476,353644963.7907978,0.7156308695062652,0.028524955764283336,0.09866916061596324,0.0,0.0,0.0,0.0,0.0033389884564369297,0.06653716419223969,0.5458166916183047,1.0
hex20k_shift,sensitivity_ge_25pct,1990,1995,1990_1995,0,replenishment_rate_initial_native,27352,27247,494172315.4491476,493123694.3492528,0.9978780254030587,0.05774262727198273,0.08930079656635362,0.0,0.0,0.0,0.011901137212163137,0.0864369467800892,0.17831407880069217,0.39198839580736455,0.7864563250183705
hex20k_shift,sensitivity_ge_25pct,1990,1995,1990_1995,0,nat_tmp_intensity_initial_native,27352,27247,494172315.4491476,493123694.3492528,0.9978780254030587,0.004358902448582957,0.023234064232433765,0.0,0.0,0.0,0.0,0.0,0.0046397955672153575,0.1042392234231475,0.7343210958746633
hex20k_shift,sensitivity_ge_75pct,1990,1995,1990_1995,0,consolidation_density_per_10kha,22426,22426,444695161.27647614,444695161.27647614,1.0,35.584852263226615,135.84164176934826,0.0,0.0,0.0,0.0,0.9977367827531802,68.61024567898745,718.5234220240751,2537.5535672095243
hex20k_shift,sensitivity_ge_75pct,1990,1995,1990_1995,0,replenishment_density_per_10kha,22426,22426,444695161.27647614,444695161.27647614,1.0,375.096382862686,543.6983997219226,0.0,0.0,2.5870307003013724,126.63504651100389,554.9938250644021,1121.017692393222,2319.138117135548,7767.211631396252
hex20k_shift,sensitivity_ge_75pct,1990,1995,1990_1995,0,nat_tmp_density_per_10kha,22426,22426,444695161.27647614,444695161.27647614,1.0,26.43832837826195,140.6856433905627,0.0,0.0,0.0,0.0,0.38116495848670806,24.387908448313414,694.3225090674114,3471.5592401588465
hex20k_shift,sensitivity_ge_75pct,1990,1995,1990_1995,0,net_cr_balance_density_per_10kha,22426,22426,444695161.27647614,444695161.27647614,1.0,-339.51153059945943,563.5757303459886,-7767.211631396252,-1103.9709625840317,-521.3697561932457,-91.28454677451879,-0.08839628419237135,0.0,549.8834376537062,2501.307759809299
hex20k_shift,sensitivity_ge_75pct,1990,1995,1990_1995,0,cr_balance_index,22426,18038,444695161.27647614,359553238.35648656,0.8085386792255761,-0.8363864829335446,0.42029670525069357,-1.0,-1.0,-1.0,-1.0,-0.9773160707408313,-0.37596400785829487,0.9030418104587264,1.0
hex20k_shift,sensitivity_ge_75pct,1990,1995,1990_1995,0,consolidation_rate_initial_pasture,22426,17256,444695161.27647614,343992974.78549314,0.7735478249821244,0.028934127891675175,0.09972255362468554,0.0,0.0,0.0,0.0,0.0034311370510875573,0.06739089607420011,0.5506838090064392,1.0
hex20k_shift,sensitivity_ge_75pct,1990,1995,1990_1995,0,replenishment_rate_initial_native,22426,22420,444695161.27647614,444585055.75434303,0.9997524022482793,0.06320282744929012,0.09184004839213741,0.0,0.0,0.00028392061972736215,0.01878850375631627,0.09745073953739657,0.1877473345699453,0.39947446066371206,0.7864563250183705
hex20k_shift,sensitivity_ge_75pct,1990,1995,1990_1995,0,nat_tmp_intensity_initial_native,22426,22420,444695161.27647614,444585055.75434303,0.9997524022482793,0.004777988563924635,0.02431967361217352,0.0,0.0,0.0,0.0,6.414446082063165e-05,0.0058882355895309765,0.11488073494740383,0.7343210958746633
hex20k_shift,primary_ge_50pct,1995,2000,1995_2000,0,consolidation_density_per_10kha,25015,25015,472791550.11754936,472791550.11754936,1.0,37.84825228060948,136.49449726619198,0.0,0.0,0.0,0.0,2.510944352564429,80.91776897203681,714.1782568723053,2304.002821855599
hex20k_shift,primary_ge_50pct,1995,2000,1995_2000,0,replenishment_density_per_10kha,25015,25015,472791550.11754936,472791550.11754936,1.0,329.76491698503605,480.97530533189064,0.0,0.0,2.4557185293520716,117.70704141923316,475.3597693708307,969.9689009980412,2148.7106392167548,4805.0970123912075
hex20k_shift,primary_ge_50pct,1995,2000,1995_2000,0,nat_tmp_density_per_10kha,25015,25015,472791550.11754936,472791550.11754936,1.0,25.87699407006377,157.3801474708804,0.0,0.0,0.0,0.0,0.5744983385336844,15.357171033380524,707.1993376810035,5615.67881130649
hex20k_shift,primary_ge_50pct,1995,2000,1995_2000,0,net_cr_balance_density_per_10kha,25015,25015,472791550.11754936,472791550.11754936,1.0,-291.9166647044266,505.8347893268364,-4793.640473719933,-958.3840942822166,-445.46447909871176,-80.79004060768371,0.0,0.0,580.0628071173331,2271.6341852631904
hex20k_shift,primary_ge_50pct,1995,2000,1995_2000,0,cr_balance_index,25015,19443,472791550.11754936,380621752.1090294,0.805051934651531,-0.7955912888293831,0.47374747924727667,-1.0,-1.0,-1.0,-1.0,-0.9424949365336465,-0.09193056633040411,0.9351821825524821,1.0
hex20k_shift,primary_ge_50pct,1995,2000,1995_2000,0,consolidation_rate_initial_pasture,25015,18951,472791550.11754936,371279183.3817618,0.7852914953523413,0.028718627853427905,0.09688484149232034,0.0,0.0,0.0,0.0,0.004671780728951521,0.06872720928094506,0.5310133349143968,1.0
hex20k_shift,primary_ge_50pct,1995,2000,1995_2000,0,replenishment_rate_initial_native,25015,24965,472791550.11754936,472234697.5465956,0.9988222027851061,0.058497821658958594,0.08705107137944702,0.0,0.0,0.0002866687032488603,0.020289379359616146,0.08474648907767562,0.16719626601885457,0.39823800762345174,0.8450600693356417
hex20k_shift,primary_ge_50pct,1995,2000,1995_2000,0,nat_tmp_intensity_initial_native,25015,24965,472791550.11754936,472234697.5465956,0.9988222027851061,0.0046416824614922995,0.025741908515352747,0.0,0.0,0.0,0.0,9.742997549017947e-05,0.004188674583764946,0.1206377791693958,0.6989091386700924
hex20k_shift,sensitivity_ge_25pct,1995,2000,1995_2000,0,consolidation_density_per_10kha,27352,27352,494172315.4491653,494172315.4491653,1.0,36.544727104547505,134.39510199672327,0.0,0.0,0.0,0.0,1.933267179332676,74.78306353284893,705.1021042913002,2304.002821855599
hex20k_shift,sensitivity_ge_25pct,1995,2000,1995_2000,0,replenishment_density_per_10kha,27352,27352,494172315.4491653,494172315.4491653,1.0,316.5001705858771,475.22971900051886,0.0,0.0,0.9833728400225298,99.83420199510851,451.67274875132244,946.220714785889,2117.9350348570047,4805.0970123912075
hex20k_shift,sensitivity_ge_25pct,1995,2000,1995_2000,0,nat_tmp_density_per_10kha,27352,27352,494172315.4491653,494172315.4491653,1.0,24.779419346772773,154.03164658674766,0.0,0.0,0.0,0.0,0.4331497414783877,13.766977861815644,678.3461966683843,5615.67881130649
hex20k_shift,sensitivity_ge_25pct,1995,2000,1995_2000,0,net_cr_balance_density_per_10kha,27352,27352,494172315.4491653,494172315.4491653,1.0,-279.9554434813296,498.7486502249198,-4793.640473719933,-929.5076971837187,-424.35525863242697,-64.38329724031702,0.0,0.0,569.8389208493503,2271.6341852631904
hex20k_shift,sensitivity_ge_25pct,1995,2000,1995_2000,0,cr_balance_index,27352,19780,494172315.4491653,383760471.5019661,0.7765721783770037,-0.7948266962882975,0.47528378525777276,-1.0,-1.0,-1.0,-1.0,-0.9425822650949317,-0.08730723505673783,0.9364619838264243,1.0
hex20k_shift,sensitivity_ge_25pct,1995,2000,1995_2000,0,consolidation_rate_initial_pasture,27352,19280,494172315.4491653,374337640.24633837,0.7575042723833968,0.028597910514365825,0.09661304106308884,0.0,0.0,0.0,0.0,0.0046018554184909305,0.0684570031127292,0.5301829131690629,1.0
hex20k_shift,sensitivity_ge_25pct,1995,2000,1995_2000,0,replenishment_rate_initial_native,27352,27250,494172315.4491653,493152127.3168415,0.9979355619478673,0.056247271620795534,0.08599191197534914,0.0,0.0,0.00011610201335004422,0.01729083440510789,0.08106884425786474,0.16335646017959626,0.39236075361791706,0.8450600693356417
hex20k_shift,sensitivity_ge_25pct,1995,2000,1995_2000,0,nat_tmp_intensity_initial_native,27352,27250,494172315.4491653,493152127.3168415,0.9979355619478673,0.004455596441087781,0.02521449257617798,0.0,0.0,0.0,0.0,7.418832261884627e-05,0.0037922378040210762,0.11786801409395777,0.6989091386700924
hex20k_shift,sensitivity_ge_75pct,1995,2000,1995_2000,0,consolidation_density_per_10kha,22426,22426,444695161.2764921,444695161.2764921,1.0,39.70054346305936,139.47951106126837,0.0,0.0,0.0,0.0,3.42832465024526,89.35564850100555,729.1685199324281,2304.002821855599
hex20k_shift,sensitivity_ge_75pct,1995,2000,1995_2000,0,replenishment_density_per_10kha,22426,22426,444695161.2764921,444695161.2764921,1.0,347.7350118401052,488.1280436463007,0.0,0.0,5.952575910107748,142.17260841812512,505.0357791320516,1002.0479581761288,2167.9493078033124,4805.0970123912075
hex20k_shift,sensitivity_ge_75pct,1995,2000,1995_2000,0,nat_tmp_density_per_10kha,22426,22426,444695161.2764921,444695161.2764921,1.0,27.461773820215946,162.127913425517,0.0,0.0,0.0,0.0,0.772817509655898,17.2439029261237,736.070826825735,5615.67881130649
hex20k_shift,sensitivity_ge_75pct,1995,2000,1995_2000,0,net_cr_balance_density_per_10kha,22426,22426,444695161.2764921,444695161.2764921,1.0,-308.0344683770458,514.922171178954,-4793.640473719933,-986.5514903588283,-477.56467049966176,-104.06242528923113,-0.5264168444806894,0.0,590.247657508334,2271.6341852631904
hex20k_shift,sensitivity_ge_75pct,1995,2000,1995_2000,0,cr_balance_index,22426,18692,444695161.2764921,372414731.8885591,0.8374607243747539,-0.7953168125615462,0.47272441757624745,-1.0,-1.0,-1.0,-1.0,-0.9401186918718496,-0.09193056633040411,0.9313220004103226,1.0
hex20k_shift,sensitivity_ge_75pct,1995,2000,1995_2000,0,consolidation_rate_initial_pasture,22426,18239,444695161.2764921,363510318.7425641,0.8174370903859446,0.029073919233232992,0.09759202308832328,0.0,0.0,0.0,0.0,0.004888132178766686,0.06962708169180772,0.5325270687872696,1.0
hex20k_shift,sensitivity_ge_75pct,1995,2000,1995_2000,0,replenishment_rate_initial_native,22426,22420,444695161.2764921,444585055.754359,0.9997524022482793,0.06159783874872315,0.08844867767630753,0.0,0.0,0.0007131215657522134,0.024777970249134054,0.08966092354561746,0.17262403726620476,0.406778718658373,0.8450600693356417
hex20k_shift,sensitivity_ge_75pct,1995,2000,1995_2000,0,nat_tmp_intensity_initial_native,22426,22420,444695161.2764921,444585055.754359,0.9997524022482793,0.004906288401088637,0.02648603304296816,0.0,0.0,0.0,0.0,0.00013859985734348044,0.00470422339528434,0.1241531894214273,0.6989091386700924
hex20k_shift,primary_ge_50pct,2000,2005,2000_2005,0,consolidation_density_per_10kha,25015,25015,472791550.1175327,472791550.1175327,1.0,73.47145404807834,235.3413694774239,0.0,0.0,0.0,0.0,7.848062773850405,206.81499158295424,1235.3777694335333,4875.526798447659
hex20k_shift,primary_ge_50pct,2000,2005,2000_2005,0,replenishment_density_per_10kha,25015,25015,472791550.1175327,472791550.1175327,1.0,356.9627297062159,515.2368386942115,0.0,0.0,6.946840052711642,145.76841823476272,509.24516681083156,1013.2639195236384,2315.4514361929896,5867.2635917369735
hex20k_shift,primary_ge_50pct,2000,2005,2000_2005,0,nat_tmp_density_per_10kha,25015,25015,472791550.1175327,472791550.1175327,1.0,48.513888719830234,233.63524954951592,0.0,0.0,0.0,0.0,2.055804676488633,47.91938590516455,1173.2035943291485,5091.832415844546
hex20k_shift,primary_ge_50pct,2000,2005,2000_2005,0,net_cr_balance_density_per_10kha,25015,25015,472791550.1175327,472791550.1175327,1.0,-283.49127565813757,579.9488777687169,-5867.2635917369735,-988.1351591597429,-467.95386236540526,-87.76951569338426,0.0,25.094105727801693,1074.2744891169875,4869.243169089778
hex20k_shift,primary_ge_50pct,2000,2005,2000_2005,0,cr_balance_index,25015,20355,472791550.1175327,397814259.0527179,0.8414157549004928,-0.7225719759851362,0.5592078279251473,-1.0,-1.0,-1.0,-1.0,-0.8512337566594873,0.3366989581279128,0.9699888324475308,1.0
hex20k_shift,primary_ge_50pct,2000,2005,2000_2005,0,consolidation_rate_initial_pasture,25015,19635,472791550.1175327,384056576.0144204,0.8123169204672686,0.047568542950154065,0.13230901168932313,0.0,0.0,0.0,0.0,0.012556807306140597,0.15039344682623168,0.7307247268634428,1.0
hex20k_shift,primary_ge_50pct,2000,2005,2000_2005,0,replenishment_rate_initial_native,25015,24964,472791550.1175327,472216344.0084123,0.9987833832711744,0.06341715905882264,0.08812480576272533,0.0,0.0,0.001000098118558661,0.02646622769841142,0.09162012455515565,0.18218538999233203,0.3988453952223809,0.6590472192549709
hex20k_shift,primary_ge_50pct,2000,2005,2000_2005,0,nat_tmp_intensity_initial_native,25015,24964,472791550.1175327,472216344.0084123,0.9987833832711744,0.008140582096281811,0.035646088068871075,0.0,0.0,0.0,0.0,0.0004141242348906337,0.011532313622109696,0.1867441474430805,0.7602912863651746
hex20k_shift,sensitivity_ge_25pct,2000,2005,2000_2005,0,consolidation_density_per_10kha,27352,27352,494172315.4491479,494172315.4491479,1.0,70.80644886704115,231.3021185473584,0.0,0.0,0.0,0.0,6.276681787834852,194.10762803670153,1212.9919403650326,4875.526798447659
hex20k_shift,sensitivity_ge_25pct,2000,2005,2000_2005,0,replenishment_density_per_10kha,27352,27352,494172315.4491479,494172315.4491479,1.0,342.4192310568807,509.1058127144146,0.0,0.0,3.506792720293711,126.26031376486189,483.65256994242327,985.284585600836,2298.69107609155,5867.2635917369735
hex20k_shift,sensitivity_ge_25pct,2000,2005,2000_2005,0,nat_tmp_density_per_10kha,27352,27352,494172315.4491479,494172315.4491479,1.0,46.43307410795728,228.73769241365122,0.0,0.0,0.0,0.0,1.6434007752268198,41.88514942866703,1127.871171283393,5091.832415844546
hex20k_shift,sensitivity_ge_25pct,2000,2005,2000_2005,0,net_cr_balance_density_per_10kha,27352,27352,494172315.4491479,494172315.4491479,1.0,-271.6127821898395,570.7619652399304,-5867.2635917369735,-963.0718375927469,-440.961678371507,-69.86125859347382,0.0,14.450611625246378,1060.5350916415036,4869.243169089778
hex20k_shift,sensitivity_ge_25pct,2000,2005,2000_2005,0,cr_balance_index,27352,20713,494172315.4491479,401168460.1938196,0.8117987342718742,-0.7221628091572511,0.5603874615510868,-1.0,-1.0,-1.0,-1.0,-0.8522395617616353,0.3425403612067606,0.9713928560780798,1.0
hex20k_shift,sensitivity_ge_25pct,2000,2005,2000_2005,0,consolidation_rate_initial_pasture,27352,19994,494172315.4491479,387402490.1196194,0.7839421149432734,0.047324215139243064,0.13188956044889794,0.0,0.0,0.0,0.0,0.012348990297829468,0.1491890655935534,0.7298632390236082,1.0
hex20k_shift,sensitivity_ge_25pct,2000,2005,2000_2005,0,replenishment_rate_initial_native,27352,27249,494172315.4491479,493133773.77865756,0.9978984219916358,0.060918294886861776,0.08716432576752893,0.0,0.0,0.000468715403990933,0.022963733243113127,0.08794984858160063,0.17750131188299692,0.3947131241451293,0.6590472192549709
hex20k_shift,sensitivity_ge_25pct,2000,2005,2000_2005,0,nat_tmp_intensity_initial_native,27352,27249,494172315.4491479,493133773.77865756,0.9978984219916358,0.007804432494353001,0.034923059079944564,0.0,0.0,0.0,0.0,0.0003227651043966807,0.010521605170936968,0.18264518063452378,0.7602912863651746
hex20k_shift,sensitivity_ge_75pct,2000,2005,2000_2005,0,consolidation_density_per_10kha,22426,22426,444695161.27647626,444695161.27647626,1.0,77.4835420086757,241.4229178084084,0.0,0.0,0.0,0.0,10.824902428479607,226.1243199495479,1247.5060906393917,4875.526798447659
hex20k_shift,sensitivity_ge_75pct,2000,2005,2000_2005,0,replenishment_density_per_10kha,22426,22426,444695161.27647626,444695161.27647626,1.0,377.0351573707152,523.5512300714324,0.0,0.0,13.617668905421915,170.04609663741968,539.4331634931866,1044.8666228087266,2361.868201936697,5867.2635917369735
hex20k_shift,sensitivity_ge_75pct,2000,2005,2000_2005,0,nat_tmp_density_per_10kha,22426,22426,444695161.27647626,444695161.27647626,1.0,51.50454434521619,240.54122476127426,0.0,0.0,0.0,0.0,2.707590814077428,56.17309284741438,1218.0224809659635,5091.832415844546
hex20k_shift,sensitivity_ge_75pct,2000,2005,2000_2005,0,net_cr_balance_density_per_10kha,22426,22426,444695161.27647626,444695161.27647626,1.0,-299.55161536203946,592.9252029668571,-5867.2635917369735,-1021.9975065576608,-500.6569748854043,-112.57777087331195,-0.42511841480708135,39.18713713937477,1103.2326367620265,4869.243169089778
hex20k_shift,sensitivity_ge_75pct,2000,2005,2000_2005,0,cr_balance_index,22426,19505,444695161.27647626,388499041.33186066,0.8736300170586356,-0.7204952820634418,0.5596615959069439,-1.0,-1.0,-1.0,-1.0,-0.8421282907177685,0.3401092373316737,0.9695053737474245,1.0
hex20k_shift,sensitivity_ge_75pct,2000,2005,2000_2005,0,consolidation_rate_initial_pasture,22426,18843,444695161.27647626,375394997.37463593,0.8441625411373546,0.04837514605597938,0.13344131434297749,0.0,0.0,0.0,0.0,0.013321854510877916,0.1533181330588605,0.7331444047868617,1.0
hex20k_shift,sensitivity_ge_75pct,2000,2005,2000_2005,0,replenishment_rate_initial_native,22426,22419,444695161.27647626,444566702.2161765,0.9997111300695717,0.06688603267105629,0.08941330887719127,0.0,0.0,0.0020235698116996582,0.031140798857087527,0.09744297276033966,0.18682092852688983,0.4028891844312178,0.6590472192549709
hex20k_shift,sensitivity_ge_75pct,2000,2005,2000_2005,0,nat_tmp_intensity_initial_native,22426,22419,444695161.27647626,444566702.2161765,0.9997111300695717,0.008620402109635529,0.03666182417827859,0.0,0.0,0.0,0.0,0.0005549170963375445,0.01307115406710747,0.1928730645038495,0.7602912863651746
hex20k_shift,primary_ge_50pct,2005,2010,2005_2010,0,consolidation_density_per_10kha,25015,25015,472791550.1175364,472791550.1175364,1.0,59.05363177258644,171.43192179103733,0.0,0.0,0.0,0.0,20.356410275323157,184.42986574686594,855.532363642589,3190.477702195167
hex20k_shift,primary_ge_50pct,2005,2010,2005_2010,0,replenishment_density_per_10kha,25015,25015,472791550.1175364,472791550.1175364,1.0,211.9679792109211,318.55483921676193,0.0,0.0,6.983303165543037,84.62336391164631,289.83843411790775,589.3912824007172,1500.2631418018975,4298.182818344543
hex20k_shift,primary_ge_50pct,2005,2010,2005_2010,0,nat_tmp_density_per_10kha,25015,25015,472791550.1175364,472791550.1175364,1.0,19.978573785895453,127.7877594340321,0.0,0.0,0.0,0.0,1.6538802055680488,18.849622122552624,432.8854230180034,4918.434923127608
hex20k_shift,primary_ge_50pct,2005,2010,2005_2010,0,net_cr_balance_density_per_10kha,25015,25015,472791550.1175364,472791550.1175364,1.0,-152.91434743833466,372.0992538745628,-4298.182818344543,-565.646744105436,-255.97774256632843,-46.987299878656856,0.0,77.66542628766905,757.2752136234056,3160.7141181791526
hex20k_shift,primary_ge_50pct,2005,2010,2005_2010,0,cr_balance_index,25015,20590,472791550.1175364,402240297.8662449,0.8507772564172257,-0.6367736344405787,0.6193548706819476,-1.0,-1.0,-1.0,-0.9977699259855506,-0.5445996435825134,0.5946776676892316,0.9793972303513326,1.0
hex20k_shift,primary_ge_50pct,2005,2010,2005_2010,0,consolidation_rate_initial_pasture,25015,20553,472791550.1175364,401264934.6711233,0.8487142686271962,0.041343736752174114,0.11386081021540101,0.0,0.0,0.0,0.00012482958658963203,0.017640360263774708,0.12580140819010108,0.6210948540828911,1.0
hex20k_shift,primary_ge_50pct,2005,2010,2005_2010,0,replenishment_rate_initial_native,25015,24964,472791550.1175364,472216344.008416,0.9987833832711743,0.041052513544712434,0.06132352539261382,0.0,0.0,0.0010396427943890122,0.01699071663979566,0.055931969325106794,0.11216293131431784,0.29245750597370807,0.6173383546921091
hex20k_shift,primary_ge_50pct,2005,2010,2005_2010,0,nat_tmp_intensity_initial_native,25015,24964,472791550.1175364,472216344.008416,0.9987833832711743,0.0036261729025645908,0.02078865483975834,0.0,0.0,0.0,0.0,0.0003685316497727727,0.005356318667182281,0.07113042884618087,0.7420235115947731
hex20k_shift,sensitivity_ge_25pct,2005,2010,2005_2010,0,consolidation_density_per_10kha,27352,27352,494172315.4491519,494172315.4491519,1.0,57.037921897566676,169.61713642222225,0.0,0.0,0.0,0.0,17.302225469001627,177.54102410903036,843.1029219279486,3190.477702195167
hex20k_shift,sensitivity_ge_25pct,2005,2010,2005_2010,0,replenishment_density_per_10kha,27352,27352,494172315.4491519,494172315.4491519,1.0,203.45304095288452,314.5231459051013,0.0,0.0,3.756215605763961,74.04235955397115,276.275414838923,573.6331517545696,1460.1608385293907,4298.182818344543
hex20k_shift,sensitivity_ge_25pct,2005,2010,2005_2010,0,nat_tmp_density_per_10kha,27352,27352,494172315.4491519,494172315.4491519,1.0,19.125236603708924,125.05866845511723,0.0,0.0,0.0,0.0,1.3997350367989445,17.39779106830326,415.80602510647486,4918.434923127608
hex20k_shift,sensitivity_ge_25pct,2005,2010,2005_2010,0,net_cr_balance_density_per_10kha,27352,27352,494172315.4491519,494172315.4491519,1.0,-146.4151190553179,366.3007433317742,-4298.182818344543,-550.5365448776172,-242.18031298804874,-37.11734988806325,0.0,70.2471367463362,751.5123412460986,3160.7141181791526
hex20k_shift,sensitivity_ge_25pct,2005,2010,2005_2010,0,cr_balance_index,27352,20973,494172315.4491519,405820078.6832222,0.8212116826382179,-0.6370736740420758,0.6199049474852131,-1.0,-1.0,-1.0,-0.9980303724393818,-0.5473784010173738,0.5961389588067453,0.9795317430253951,1.0
hex20k_shift,sensitivity_ge_25pct,2005,2010,2005_2010,0,consolidation_rate_initial_pasture,27352,20937,494172315.4491519,404861496.8206847,0.8192719101488054,0.04112982881276625,0.11347644666034314,0.0,0.0,0.0,0.00011055021621225665,0.01753187252203193,0.12472421686087773,0.6200429902914177,1.0
hex20k_shift,sensitivity_ge_25pct,2005,2010,2005_2010,0,replenishment_rate_initial_native,27352,27249,494172315.4491519,493133773.77866167,0.9978984219916361,0.03946211680909724,0.060572864551301446,0.0,0.0,0.0005578424414166196,0.015002634868421906,0.05370088794776557,0.10984238802210657,0.28951466757407146,0.6173383546921091
hex20k_shift,sensitivity_ge_25pct,2005,2010,2005_2010,0,nat_tmp_intensity_initial_native,27352,27249,494172315.4491519,493133773.77866167,0.9978984219916361,0.0034780221331703652,0.020356604714514122,0.0,0.0,0.0,0.0,0.00029861126592017597,0.005004860123374154,0.06905918160477756,0.7420235115947731
hex20k_shift,sensitivity_ge_75pct,2005,2010,2005_2010,0,consolidation_density_per_10kha,22426,22426,444695161.27647984,444695161.27647984,1.0,62.04941506855714,175.0338472097873,0.0,0.0,0.0,0.0,24.792403892807297,194.13861970843413,864.7778686385732,3190.477702195167
hex20k_shift,sensitivity_ge_75pct,2005,2010,2005_2010,0,replenishment_density_per_10kha,22426,22426,444695161.27647984,444695161.27647984,1.0,223.66474650029534,324.16443523462584,0.0,0.0,11.490122086375038,98.61175599570385,306.31031654178156,610.4335099771858,1521.6988140098968,4298.182818344543
hex20k_shift,sensitivity_ge_75pct,2005,2010,2005_2010,0,nat_tmp_density_per_10kha,22426,22426,444695161.27647984,444695161.27647984,1.0,21.1967066948178,131.6334498888557,0.0,0.0,0.0,0.0,2.098102033123035,20.78682724044444,462.7023250648861,4918.434923127608
hex20k_shift,sensitivity_ge_75pct,2005,2010,2005_2010,0,net_cr_balance_density_per_10kha,22426,22426,444695161.27647984,444695161.27647984,1.0,-161.61533143173816,380.76651274324445,-4298.182818344543,-587.7183763778484,-274.3341395944093,-58.9982744186501,0.0,88.69734307888976,775.6229156347346,3160.7141181791526
hex20k_shift,sensitivity_ge_75pct,2005,2010,2005_2010,0,cr_balance_index,22426,19712,444695161.27647984,392594292.6812724,0.8828391376113606,-0.6332535643649523,0.6202986106140752,-1.0,-1.0,-1.0,-0.9968544433008695,-0.5320423266064929,0.5961389588067453,0.978730438377681,1.0
hex20k_shift,sensitivity_ge_75pct,2005,2010,2005_2010,0,consolidation_rate_initial_pasture,22426,19654,444695161.27647984,391404626.28513044,0.8801638973575043,0.042059105784626585,0.11479222018359697,0.0,0.0,0.0,0.00016760821470210454,0.018465819745986906,0.1294284314308885,0.6249549124541622,1.0
hex20k_shift,sensitivity_ge_75pct,2005,2010,2005_2010,0,replenishment_rate_initial_native,22426,22419,444695161.27647984,444566702.2161803,0.9997111300695722,0.043253803843405436,0.06232144768909588,0.0,0.0,0.0018614683044591294,0.019841857452539184,0.05907095835706057,0.11646421059113828,0.2970270649802802,0.6173383546921091
hex20k_shift,sensitivity_ge_75pct,2005,2010,2005_2010,0,nat_tmp_intensity_initial_native,22426,22419,444695161.27647984,444566702.2161803,0.9997111300695722,0.0038363788189041056,0.021400293920058825,0.0,0.0,0.0,0.0,0.00047706283193893484,0.00593965662637156,0.07348198013396466,0.7420235115947731
hex20k_shift,primary_ge_50pct,2010,2015,2010_2015,0,consolidation_density_per_10kha,25015,25015,472791550.11753935,472791550.11753935,1.0,104.60956687857632,283.5081161323334,0.0,0.0,0.0,0.046809096255879104,51.29271960099972,327.999032465503,1414.8233750710026,4966.504801747696
hex20k_shift,primary_ge_50pct,2010,2015,2010_2015,0,replenishment_density_per_10kha,25015,25015,472791550.11753935,472791550.11753935,1.0,183.21279253212214,279.79892131772846,0.0,0.0,5.956165714858604,66.39746709928589,249.26667171984965,532.536151957821,1270.4925544438706,3597.0070133989802
hex20k_shift,primary_ge_50pct,2010,2015,2010_2015,0,nat_tmp_density_per_10kha,25015,25015,472791550.11753935,472791550.11753935,1.0,28.794725672623436,159.92069415982573,0.0,0.0,0.0,0.0,3.997247033308781,33.21240374767096,646.9615356630638,5815.435691034199
hex20k_shift,primary_ge_50pct,2010,2015,2010_2015,0,net_cr_balance_density_per_10kha,25015,25015,472791550.11753935,472791550.11753935,1.0,-78.60322565354582,406.3912602238573,-3597.0070133989802,-494.83984836228024,-197.3972412364416,-22.433993178435944,0.0,212.29781319162478,1298.026317504897,4953.522690894587
hex20k_shift,primary_ge_50pct,2010,2015,2010_2015,0,cr_balance_index,25015,20760,472791550.11753935,405469537.02187157,0.8576074105407953,-0.5188554195465755,0.6949485573221614,-1.0,-1.0,-1.0,-0.9743666670692207,-0.09264322055967768,0.7951926690346319,0.9911991436337164,1.0
hex20k_shift,primary_ge_50pct,2010,2015,2010_2015,0,consolidation_rate_initial_pasture,25015,20848,472791550.11753935,406817822.9171165,0.860459166023544,0.06061699471490323,0.14126204060288453,0.0,0.0,0.0,0.0010159955130784341,0.04457696791537255,0.1921866904383249,0.7361709298634364,1.0
hex20k_shift,primary_ge_50pct,2010,2015,2010_2015,0,replenishment_rate_initial_native,25015,24966,472791550.11753935,472246393.33368474,0.9988469405095775,0.03576346502230241,0.05353425236160836,0.0,0.0,0.0009926985863739203,0.014637597603098091,0.04827422086908379,0.1004062990816814,0.25103378786117136,0.625812089756301
hex20k_shift,primary_ge_50pct,2010,2015,2010_2015,0,nat_tmp_intensity_initial_native,25015,24966,472791550.11753935,472246393.33368474,0.9988469405095775,0.005164201278575756,0.02637978776500987,0.0,0.0,0.0,0.0,0.0009998216620627888,0.008252541293130604,0.09996214213580046,0.9356547633328587
hex20k_shift,sensitivity_ge_25pct,2010,2015,2010_2015,0,consolidation_density_per_10kha,27352,27352,494172315.449155,494172315.449155,1.0,100.53757641146888,278.4206238260947,0.0,0.0,0.0,0.0,44.44412498580397,314.8991237923477,1389.9904216271993,4966.504801747696
hex20k_shift,sensitivity_ge_25pct,2010,2015,2010_2015,0,replenishment_density_per_10kha,27352,27352,494172315.449155,494172315.449155,1.0,175.91788818098095,276.2566479629827,0.0,0.0,3.4451724025469765,58.08107672779884,236.815310287221,519.9145657066007,1255.3812985179222,3597.0070133989802
hex20k_shift,sensitivity_ge_25pct,2010,2015,2010_2015,0,nat_tmp_density_per_10kha,27352,27352,494172315.449155,494172315.449155,1.0,27.566732162021903,156.53159834944626,0.0,0.0,0.0,0.0,3.448790475485551,30.760147046426734,620.6813822834854,5815.435691034199
hex20k_shift,sensitivity_ge_25pct,2010,2015,2010_2015,0,net_cr_balance_density_per_10kha,27352,27352,494172315.449155,494172315.449155,1.0,-75.38031176951209,398.38549896073664,-3597.0070133989802,-479.3908828458155,-184.87049191885123,-16.71149591308385,0.0,197.04610795856146,1279.4720432264135,4953.522690894587
hex20k_shift,sensitivity_ge_25pct,2010,2015,2010_2015,0,cr_balance_index,27352,21148,494172315.449155,409096177.91148555,0.8278411499835975,-0.5200097873585063,0.6951071264353068,-1.0,-1.0,-1.0,-0.9756804461547828,-0.09649213870389843,0.7963897020323473,0.9912125706653881,1.0
hex20k_shift,sensitivity_ge_25pct,2010,2015,2010_2015,0,consolidation_rate_initial_pasture,27352,21267,494172315.449155,410741852.3931651,0.8311713132287477,0.060212016408272895,0.14074009613189883,0.0,0.0,0.0,0.0009650018736307739,0.04414800944053558,0.1903988355080276,0.7335701066509427,1.0
hex20k_shift,sensitivity_ge_25pct,2010,2015,2010_2015,0,replenishment_rate_initial_native,27352,27250,494172315.449155,493155453.56816673,0.9979422929022966,0.03438256249928523,0.052887606741524415,0.0,0.0,0.0005202215174641381,0.012980884603441583,0.04631217849732964,0.09807281575736607,0.24969514243983393,0.625812089756301
hex20k_shift,sensitivity_ge_25pct,2010,2015,2010_2015,0,nat_tmp_intensity_initial_native,27352,27250,494172315.449155,493155453.56816673,0.9979422929022966,0.004952989354867866,0.025836197136713746,0.0,0.0,0.0,0.0,0.0008530055091286444,0.007709281361209135,0.09723972259855279,0.9356547633328587
hex20k_shift,sensitivity_ge_75pct,2010,2015,2010_2015,0,consolidation_density_per_10kha,22426,22426,444695161.27648216,444695161.27648216,1.0,110.38318059575268,290.3413532119234,0.0,0.0,0.0,0.6292632791676431,61.269814522322555,348.38514958370166,1434.0602215236336,4966.504801747696
hex20k_shift,sensitivity_ge_75pct,2010,2015,2010_2015,0,replenishment_density_per_10kha,22426,22426,444695161.27648216,444695161.27648216,1.0,193.13804142759972,284.70962472097517,0.0,0.0,9.887924525249193,77.405882219231,263.1070454262631,550.498237366888,1292.7863934712818,3597.0070133989802
hex20k_shift,sensitivity_ge_75pct,2010,2015,2010_2015,0,nat_tmp_density_per_10kha,22426,22426,444695161.27648216,444695161.27648216,1.0,30.546891789077524,164.71739063212758,0.0,0.0,0.0,0.0,4.704309912027439,36.774461875279954,679.372689993555,5815.435691034199
hex20k_shift,sensitivity_ge_75pct,2010,2015,2010_2015,0,net_cr_balance_density_per_10kha,22426,22426,444695161.27648216,444695161.27648216,1.0,-82.75486083184703,417.39758293820466,-3597.0070133989802,-511.22318257363554,-213.21524125346633,-29.95282050243821,0.0,230.94003973635793,1316.8436599557606,4953.522690894587
hex20k_shift,sensitivity_ge_75pct,2010,2015,2010_2015,0,cr_balance_index,22426,19876,444695161.27648216,395775033.31265104,0.8899917691404431,-0.5133324390999918,0.6961402709334613,-1.0,-1.0,-1.0,-0.9703873553873444,-0.07462762733465099,0.7965302146185815,0.9906688451167099,1.0
hex20k_shift,sensitivity_ge_75pct,2010,2015,2010_2015,0,consolidation_rate_initial_pasture,22426,19917,444695161.27648216,396596660.7692027,0.8918393886517354,0.06175850070907269,0.14241266177251075,0.0,0.0,0.0,0.0011738967704934629,0.04683235235201009,0.19703939832534836,0.739132692887285,1.0
hex20k_shift,sensitivity_ge_75pct,2010,2015,2010_2015,0,replenishment_rate_initial_native,22426,22420,444695161.27648216,444585055.75434905,0.9997524022482793,0.03768675198269328,0.0544406955172553,0.0,0.0,0.001818440957761654,0.016814088362154513,0.05146066366343469,0.10348311124616258,0.25378703966495225,0.625812089756301
hex20k_shift,sensitivity_ge_75pct,2010,2015,2010_2015,0,nat_tmp_intensity_initial_native,22426,22420,444695161.27648216,444585055.75434905,0.9997524022482793,0.005460662611890239,0.027142836201300414,0.0,0.0,0.0,0.0,0.0012315313658427464,0.00894119855728791,0.10594296176833114,0.9356547633328587
hex20k_shift,primary_ge_50pct,2015,2020,2015_2020,0,consolidation_density_per_10kha,25015,25015,472791550.1175407,472791550.1175407,1.0,82.45568368117102,206.84650246086454,0.0,0.0,0.0,0.8259883755154056,58.335353477528116,259.1145722499863,999.6730365580152,3530.36337030189
hex20k_shift,primary_ge_50pct,2015,2020,2015_2020,0,replenishment_density_per_10kha,25015,25015,472791550.1175407,472791550.1175407,1.0,189.9642098283344,298.7882264805871,0.0,0.0,7.537738866458352,76.64911926019828,252.7038480750833,507.8245596592075,1404.7588805528198,4910.143724249158
hex20k_shift,primary_ge_50pct,2015,2020,2015_2020,0,nat_tmp_density_per_10kha,25015,25015,472791550.1175407,472791550.1175407,1.0,15.64780936861681,71.99110448726813,0.0,0.0,0.0,0.0,3.718253369020846,24.2615888785007,313.3299061786977,2143.3111064529758
hex20k_shift,primary_ge_50pct,2015,2020,2015_2020,0,net_cr_balance_density_per_10kha,25015,25015,472791550.1175407,472791550.1175407,1.0,-107.5085261471634,368.13145210410397,-4910.143724249158,-467.6542443626678,-201.55739046529908,-26.82476647570014,0.0,143.24357069265798,898.7014060748719,3155.357662499992
hex20k_shift,primary_ge_50pct,2015,2020,2015_2020,0,cr_balance_index,25015,21071,472791550.1175407,411339691.26513654,0.8700233563033717,-0.5152354288139664,0.6683321991610178,-1.0,-1.0,-1.0,-0.9470259495610068,-0.07328565931899135,0.7153150206787408,0.9814883701044483,1.0
hex20k_shift,primary_ge_50pct,2015,2020,2015_2020,0,consolidation_rate_initial_pasture,25015,21068,472791550.1175407,410838092.2829318,0.8689624257895331,0.04871026423925634,0.11093264397761933,0.0,0.0,0.0,0.0024173158930448696,0.043286050965620756,0.1476914523369349,0.5689049878371295,1.0
hex20k_shift,primary_ge_50pct,2015,2020,2015_2020,0,replenishment_rate_initial_native,25015,24967,472791550.1175407,472256427.57976246,0.9988681639135784,0.03753005377440545,0.05529491356659807,0.0,0.0,0.0013214115479618866,0.01692453490114757,0.05117894819361489,0.10128780579018003,0.2583066354323333,0.6160720103001999
hex20k_shift,primary_ge_50pct,2015,2020,2015_2020,0,nat_tmp_intensity_initial_native,25015,24967,472791550.1175407,472256427.57976246,0.9988681639135784,0.003149792066990086,0.013176279656691634,0.0,0.0,0.0,0.0,0.0009585559769059475,0.006517087809343487,0.055558373716514176,0.4867379577475347
hex20k_shift,sensitivity_ge_25pct,2015,2020,2015_2020,0,consolidation_density_per_10kha,27352,27352,494172315.44915646,494172315.44915646,1.0,79.19227731412832,203.19835153634887,0.0,0.0,0.0,0.4228137754090396,51.68873693563451,249.39528476029,985.9242104258271,3530.36337030189
hex20k_shift,sensitivity_ge_25pct,2015,2020,2015_2020,0,replenishment_density_per_10kha,27352,27352,494172315.44915646,494172315.44915646,1.0,182.38903328122055,294.8506075300304,0.0,0.0,4.58803355049721,67.77030281852323,241.02611201737176,493.15966700101876,1389.9309926871083,4910.143724249158
hex20k_shift,sensitivity_ge_25pct,2015,2020,2015_2020,0,nat_tmp_density_per_10kha,27352,27352,494172315.44915646,494172315.44915646,1.0,14.98472495906125,70.48887525251996,0.0,0.0,0.0,0.0,3.2397289766823967,22.29312619142389,304.62629122402365,2143.3111064529758
hex20k_shift,sensitivity_ge_25pct,2015,2020,2015_2020,0,net_cr_balance_density_per_10kha,27352,27352,494172315.44915646,494172315.44915646,1.0,-103.19675596709224,361.1322602723341,-4910.143724249158,-455.4876876119222,-190.72561201813846,-20.728671819161722,0.0,131.34479346801353,886.7981201148173,3155.357662499992
hex20k_shift,sensitivity_ge_25pct,2015,2020,2015_2020,0,cr_balance_index,27352,21508,494172315.44915646,415412774.2517688,0.8406233236157663,-0.5169256599675897,0.6683463415744796,-1.0,-1.0,-1.0,-0.9494881394193649,-0.07748993636148055,0.7151699501566426,0.9816405415116579,1.0
hex20k_shift,sensitivity_ge_25pct,2015,2020,2015_2020,0,consolidation_rate_initial_pasture,27352,21493,494172315.44915646,414817256.4342643,0.8394182423133805,0.048374631533092134,0.11051224945397085,0.0,0.0,0.0,0.0023020570487687327,0.042724208532799075,0.14669815471409112,0.5678630979171315,1.0
hex20k_shift,sensitivity_ge_25pct,2015,2020,2015_2020,0,replenishment_rate_initial_native,27352,27251,494172315.44915646,493165487.8142446,0.9979625980585402,0.03607887387265972,0.054632424748431545,0.0,0.0,0.0007408724730354907,0.015081288858463358,0.04931456849874065,0.098838619873345,0.25328964108333274,0.6160720103001999
hex20k_shift,sensitivity_ge_25pct,2015,2020,2015_2020,0,nat_tmp_intensity_initial_native,27352,27251,494172315.44915646,493165487.8142446,0.9979625980585402,0.0030226198653999664,0.012911309029377772,0.0,0.0,0.0,0.0,0.0008386882221274864,0.006174568070946996,0.05473200957794249,0.4867379577475347
hex20k_shift,sensitivity_ge_75pct,2015,2020,2015_2020,0,consolidation_density_per_10kha,22426,22426,444695161.27648383,444695161.27648383,1.0,87.18448589883118,212.0802886284681,0.0,0.0,0.0,1.6421295225522112,66.0577853535294,275.5990755615182,1022.1405653265903,3530.36337030189
hex20k_shift,sensitivity_ge_75pct,2015,2020,2015_2020,0,replenishment_density_per_10kha,22426,22426,444695161.27648383,444695161.27648383,1.0,200.19007444124185,304.29803508040516,0.0,0.0,12.1708112756193,89.06196543106255,265.99928951993644,528.2082875406047,1446.1132533425603,4910.143724249158
hex20k_shift,sensitivity_ge_75pct,2015,2020,2015_2020,0,nat_tmp_density_per_10kha,22426,22426,444695161.27648383,444695161.27648383,1.0,16.603204047917178,74.11826577909197,0.0,0.0,0.0,0.0,4.340476524989376,26.742499741175575,327.6758645674632,2143.3111064529758
hex20k_shift,sensitivity_ge_75pct,2015,2020,2015_2020,0,net_cr_balance_density_per_10kha,22426,22426,444695161.27648383,444695161.27648383,1.0,-113.00558854241068,378.0505285918213,-4910.143724249158,-485.85478813590294,-216.08746326669464,-35.1259255734104,0.0,155.91400397119682,923.351947773126,3155.357662499992
hex20k_shift,sensitivity_ge_75pct,2015,2020,2015_2020,0,cr_balance_index,22426,20158,444695161.27648383,401310763.3090558,0.9024401393464807,-0.5089771928348504,0.6697677039653205,-1.0,-1.0,-1.0,-0.9400610354121153,-0.0584550469547835,0.7179619860521546,0.9812699974065147,1.0
hex20k_shift,sensitivity_ge_75pct,2015,2020,2015_2020,0,consolidation_rate_initial_pasture,22426,20109,444695161.27648383,400304358.53138375,0.9001770052597882,0.04968075634727629,0.11196727079841548,0.0,0.0,0.0,0.0027837550873035027,0.04517743134505485,0.14990300832273143,0.5735253148864426,1.0
hex20k_shift,sensitivity_ge_75pct,2015,2020,2015_2020,0,replenishment_rate_initial_native,22426,22420,444695161.27648383,444585055.75435066,0.9997524022482792,0.039514694092506915,0.05618248379864547,0.0,0.0,0.0023236138388634093,0.01916087537146024,0.053846077725403195,0.10463622457257246,0.2633381796617819,0.6160720103001999
hex20k_shift,sensitivity_ge_75pct,2015,2020,2015_2020,0,nat_tmp_intensity_initial_native,22426,22420,444695161.27648383,444585055.75435066,0.9997524022482792,0.003335748399656507,0.013555798327335307,0.0,0.0,0.0,0.0,0.0011555083162662584,0.007077593775293932,0.05801101238544517,0.4867379577475347
hex20k_shift,primary_ge_50pct,2020,2025,2020_2025,1,consolidation_density_per_10kha,25015,25015,472791550.11755073,472791550.11755073,1.0,43.91836463115955,135.30319466987442,0.0,0.0,0.0,0.13027143564889035,18.699463995755092,113.33845981254551,695.1630467141742,2556.9654703479496
hex20k_shift,primary_ge_50pct,2020,2025,2020_2025,1,replenishment_density_per_10kha,25015,25015,472791550.11755073,472791550.11755073,1.0,211.0116599224519,304.62393102946515,0.0,0.0,11.992839312184225,95.48517210026924,296.9566170250803,566.5294202943185,1369.5678345249173,4526.164930010045
hex20k_shift,primary_ge_50pct,2020,2025,2020_2025,1,nat_tmp_density_per_10kha,25015,25015,472791550.11755073,472791550.11755073,1.0,14.409885586243181,92.05603410726495,0.0,0.0,0.0,0.0,2.6719562771985252,15.5937060980403,318.5823079153726,4413.232329784455
hex20k_shift,primary_ge_50pct,2020,2025,2020_2025,1,net_cr_balance_density_per_10kha,25015,25015,472791550.11755073,472791550.11755073,1.0,-167.0932952912924,334.6582135354116,-4526.164930010045,-544.9742507926624,-270.057799175911,-64.93993617675858,-0.43322580075621137,23.78448574989145,554.9043358204906,2418.4416377287253
hex20k_shift,primary_ge_50pct,2020,2025,2020_2025,1,cr_balance_index,25015,21781,472791550.11755073,423732597.62496686,0.8962355556473328,-0.6590030291875589,0.5797389227808596,-1.0,-1.0,-1.0,-0.9919690013424315,-0.5824126560543598,0.4449804431348243,0.9741968349289228,1.0
hex20k_shift,primary_ge_50pct,2020,2025,2020_2025,1,consolidation_rate_initial_pasture,25015,21323,472791550.11755073,415606396.7624563,0.8790478523973696,0.03583254983820151,0.10536972912057731,0.0,0.0,0.0,0.0004501314077296212,0.016916673938316713,0.09181745141615856,0.5845457095685505,1.0
hex20k_shift,primary_ge_50pct,2020,2025,2020_2025,1,replenishment_rate_initial_native,25015,24966,472791550.11755073,472246388.5255361,0.9988469303398526,0.041412811859436856,0.05518543492377216,0.0,0.0,0.002324629373396651,0.02182060228026902,0.058851477701263796,0.10975739438085194,0.24946971234214316,0.7244442449964233
hex20k_shift,primary_ge_50pct,2020,2025,2020_2025,1,nat_tmp_intensity_initial_native,25015,24966,472791550.11755073,472246388.5255361,0.9988469303398526,0.002936126818341783,0.01654042723965937,0.0,0.0,0.0,0.0,0.0006957437949883599,0.004642917824123141,0.05575158817809997,0.5978991077326591
hex20k_shift,sensitivity_ge_25pct,2020,2025,2020_2025,1,consolidation_density_per_10kha,27352,27352,494172315.44916636,494172315.44916636,1.0,42.19376088488614,132.85355848687362,0.0,0.0,0.0,0.0,16.62811122098366,106.69281648367836,676.8715709744922,2556.9654703479496
hex20k_shift,sensitivity_ge_25pct,2020,2025,2020_2025,1,replenishment_density_per_10kha,27352,27352,494172315.44916636,494172315.44916636,1.0,202.992940555438,301.70754958510463,0.0,0.0,7.930734531796475,85.18164617233012,284.55879381861047,556.1841492775976,1344.3185159275129,4526.164930010045
hex20k_shift,sensitivity_ge_25pct,2020,2025,2020_2025,1,nat_tmp_density_per_10kha,27352,27352,494172315.44916636,494172315.44916636,1.0,13.796782012135706,90.09037940692232,0.0,0.0,0.0,0.0,2.3846879623984223,14.512815872454645,304.2564620618618,4413.232329784455
hex20k_shift,sensitivity_ge_25pct,2020,2025,2020_2025,1,net_cr_balance_density_per_10kha,27352,27352,494172315.44916636,494172315.44916636,1.0,-160.79917967055184,330.02248466530295,-4526.164930010045,-530.8014545658203,-258.47908147805845,-55.49328976022568,0.0,19.787906508398194,548.4813834268368,2418.4416377287253
hex20k_shift,sensitivity_ge_25pct,2020,2025,2020_2025,1,cr_balance_index,27352,22303,494172315.44916636,428621138.7863072,0.8673515803828915,-0.6603963936383381,0.5796323132572675,-1.0,-1.0,-1.0,-0.9926287851717202,-0.58774637119018,0.44389088873066335,0.9742117927748172,1.0
hex20k_shift,sensitivity_ge_25pct,2020,2025,2020_2025,1,consolidation_rate_initial_pasture,27352,21784,494172315.44916636,419905037.77409077,0.8497138035594485,0.03554368712435834,0.10490534385325034,0.0,0.0,0.0,0.00042761224518825453,0.01662985254194732,0.0908306758916592,0.5832390130036257,1.0
hex20k_shift,sensitivity_ge_25pct,2020,2025,2020_2025,1,replenishment_rate_initial_native,27352,27250,494172315.44916636,493155448.7600181,0.9979422831725732,0.039850214571245324,0.054682860082091604,0.0,0.0,0.0014878418589115677,0.019563424574434694,0.05681236131104815,0.10745618095106003,0.24555574878195838,0.7244442449964233
hex20k_shift,sensitivity_ge_25pct,2020,2025,2020_2025,1,nat_tmp_intensity_initial_native,27352,27250,494172315.44916636,493155448.7600181,0.9979422831725732,0.002815613595508782,0.01619687820419364,0.0,0.0,0.0,0.0,0.0006042682414544428,0.0043614872671656575,0.05370191382238333,0.5978991077326591
hex20k_shift,sensitivity_ge_75pct,2020,2025,2020_2025,1,consolidation_density_per_10kha,22426,22426,444695161.27649325,444695161.27649325,1.0,46.39667738097612,138.71073379817972,0.0,0.0,0.0,0.43864640838968133,21.566212088240892,122.5531751581666,722.5916613405717,2556.9654703479496
hex20k_shift,sensitivity_ge_75pct,2020,2025,2020_2025,1,replenishment_density_per_10kha,22426,22426,444695161.27649325,444695161.27649325,1.0,221.7186828902371,308.97909393992086,0.0,0.8274901574393149,18.11657574303846,108.24807678057111,312.6839849671786,583.0998671638328,1390.5009983482012,4526.164930010045
hex20k_shift,sensitivity_ge_75pct,2020,2025,2020_2025,1,nat_tmp_density_per_10kha,22426,22426,444695161.27649325,444695161.27649325,1.0,15.29238125489382,94.84514229059295,0.0,0.0,0.0,0.0,3.1418985491769753,17.22622681897879,334.0778168662961,4413.232329784455
hex20k_shift,sensitivity_ge_75pct,2020,2025,2020_2025,1,net_cr_balance_density_per_10kha,22426,22426,444695161.27649325,444695161.27649325,1.0,-175.322005509261,341.3979357120861,-4526.164930010045,-561.2365352821914,-285.5606820364151,-77.13971370604135,-1.473037193916185,29.960269262882086,570.9117153410696,2418.4416377287253
hex20k_shift,sensitivity_ge_75pct,2020,2025,2020_2025,1,cr_balance_index,22426,20699,444695161.27649325,411839699.8935746,0.9261168903016453,-0.6536727832338973,0.5817056322986649,-1.0,-1.0,-1.0,-0.9900887480099236,-0.5572829009068112,0.4514175522908163,0.9740751248097039,1.0
hex20k_shift,sensitivity_ge_75pct,2020,2025,2020_2025,1,consolidation_rate_initial_pasture,22426,20336,444695161.27649325,404756629.6738398,0.9101889674535467,0.03660178056914191,0.10652276753760022,0.0,0.0,0.0,0.0005295616529713482,0.017618095500772223,0.09418333843722337,0.5875619099253572,1.0
hex20k_shift,sensitivity_ge_75pct,2020,2025,2020_2025,1,replenishment_rate_initial_native,22426,22420,444695161.27649325,444585055.7543601,0.9997524022482792,0.04353965931523358,0.05586806218847665,0.0,0.00011077502262005195,0.003785223997047034,0.02443746599533427,0.0616237943407341,0.11255476972463921,0.2540138871672837,0.7244442449964233
hex20k_shift,sensitivity_ge_75pct,2020,2025,2020_2025,1,nat_tmp_intensity_initial_native,22426,22420,444695161.27649325,444585055.7543601,0.9997524022482792,0.0031069619037442753,0.017025834768664483,0.0,0.0,0.0,0.0,0.0008216024452544538,0.005047093663215441,0.05775809277568507,0.5978991077326591
hex40k_base,primary_ge_50pct,1985,1990,1985_1990,0,consolidation_density_per_10kha,12445,12445,472310627.0033646,472310627.0033646,1.0,30.049571364198652,142.60191959718006,0.0,0.0,0.0,0.0,0.02192996349432874,39.00987921105206,649.8729144939648,2589.849644585347
hex40k_base,primary_ge_50pct,1985,1990,1985_1990,0,replenishment_density_per_10kha,12445,12445,472310627.0033646,472310627.0033646,1.0,346.3225936482544,515.0051297793616,0.0,0.0,1.027285936589208,87.06683342066161,537.1055324637065,1058.1329454383622,2243.7826873268677,4739.732772939635
hex40k_base,primary_ge_50pct,1985,1990,1985_1990,0,nat_tmp_density_per_10kha,12445,12445,472310627.0033646,472310627.0033646,1.0,29.643892670121623,150.13755893743436,0.0,0.0,0.0,0.0,0.7139180766840484,37.65521887476808,710.8037181905281,4122.814742731631
hex40k_base,primary_ge_50pct,1985,1990,1985_1990,0,net_cr_balance_density_per_10kha,12445,12445,472310627.0033646,472310627.0033646,1.0,-316.2730222840558,525.144928485412,-4739.732772939635,-1022.4564626950377,-497.37918284050414,-65.28526330052104,-0.3327971146744441,0.0,386.25808645413923,2381.716191538067
hex40k_base,primary_ge_50pct,1985,1990,1985_1990,0,cr_balance_index,12445,9590,472310627.0033646,375269787.86174715,0.7945402165576804,-0.8973651835886158,0.3119418926208884,-1.0,-1.0,-1.0,-1.0,-0.9933715487627824,-0.7292206592547389,0.6990236244325412,1.0
hex40k_base,primary_ge_50pct,1985,1990,1985_1990,0,consolidation_rate_initial_pasture,12445,9001,472310627.0033646,352766912.8111483,0.7468959888735158,0.025095029643147575,0.09452446769628353,0.0,0.0,0.0,0.0,0.0019698250886540196,0.05176822477490522,0.5015354770268996,1.0
hex40k_base,primary_ge_50pct,1985,1990,1985_1990,0,replenishment_rate_initial_native,12445,12442,472310627.0033646,472247932.4393631,0.9998672598912304,0.05783649733131981,0.0905393769051179,0.0,0.0,0.00010920307896728558,0.010347847134253163,0.08391438657775743,0.1926732574793454,0.38336940375055756,0.6358084879422434
hex40k_base,primary_ge_50pct,1985,1990,1985_1990,0,nat_tmp_intensity_initial_native,12445,12442,472310627.0033646,472247932.4393631,0.9998672598912304,0.005016548812567413,0.022510325618981166,0.0,0.0,0.0,0.0,0.0001095001837329581,0.007731853272412592,0.10954020399834653,0.5084299346540254
hex40k_base,sensitivity_ge_25pct,1985,1990,1985_1990,0,consolidation_density_per_10kha,13759,13759,491732455.55308306,491732455.55308306,1.0,29.367504451275803,141.0637444184742,0.0,0.0,0.0,0.0,0.0,35.99487975509605,642.1507128228841,2589.849644585347
hex40k_base,sensitivity_ge_25pct,1985,1990,1985_1990,0,replenishment_density_per_10kha,13759,13759,491732455.55308306,491732455.55308306,1.0,333.76234287705586,509.1613756506495,0.0,0.0,0.422393292250393,71.45374303486999,513.2733146056293,1035.7826772276344,2207.1345017839767,4739.732772939635
hex40k_base,sensitivity_ge_25pct,1985,1990,1985_1990,0,nat_tmp_density_per_10kha,13759,13759,491732455.55308306,491732455.55308306,1.0,28.500359669467116,147.25596323002821,0.0,0.0,0.0,0.0,0.502895413791767,34.82347977270131,695.5368619616418,4122.814742731631
hex40k_base,sensitivity_ge_25pct,1985,1990,1985_1990,0,net_cr_balance_density_per_10kha,13759,13759,491732455.55308306,491732455.55308306,1.0,-304.39483842578005,518.8645401071328,-4739.732772939635,-1002.7301347496531,-475.1807845406937,-51.892037130426246,0.0,0.0,382.6866454438204,2381.716191538067
hex40k_base,sensitivity_ge_25pct,1985,1990,1985_1990,0,cr_balance_index,13759,9811,491732455.55308306,378629740.32478344,0.7699913561713437,-0.8958905151842487,0.31587721145913195,-1.0,-1.0,-1.0,-1.0,-0.9933944593434918,-0.7237962635410528,0.7142259663057592,1.0
hex40k_base,sensitivity_ge_25pct,1985,1990,1985_1990,0,consolidation_rate_initial_pasture,13759,9207,491732455.55308306,355902235.3923921,0.7237721069114423,0.02502829230397559,0.09425354544289093,0.0,0.0,0.0,0.0,0.001968924366906143,0.05196136936907132,0.5015354770268996,1.0
hex40k_base,sensitivity_ge_25pct,1985,1990,1985_1990,0,replenishment_rate_initial_native,13759,13740,491732455.55308306,491455737.74606776,0.9994372594204626,0.055878444316349855,0.08952492715419806,0.0,0.0,4.478927171837615e-05,0.008517817152449559,0.0791296501725934,0.1893911045285087,0.3808637405109457,0.6358084879422434
hex40k_base,sensitivity_ge_25pct,1985,1990,1985_1990,0,nat_tmp_intensity_initial_native,13759,13740,491732455.55308306,491455737.74606776,0.9994372594204626,0.004835213256960335,0.02209451111972857,0.0,0.0,0.0,0.0,7.886921749338603e-05,0.007052173740979805,0.10803384962742164,0.5084299346540254
hex40k_base,sensitivity_ge_75pct,1985,1990,1985_1990,0,consolidation_density_per_10kha,11160,11160,439803881.5329772,439803881.5329772,1.0,31.346523698771644,145.9111605097313,0.0,0.0,0.0,0.0,0.28056398921734566,43.98907558666502,661.4414655056091,2589.849644585347
hex40k_base,sensitivity_ge_75pct,1985,1990,1985_1990,0,replenishment_density_per_10kha,11160,11160,439803881.5329772,439803881.5329772,1.0,369.1111936194299,524.9506803456661,0.0,0.0,2.9096827803904963,115.77642398214806,580.1599042871387,1084.9764809276146,2306.5183782670406,4739.732772939635
hex40k_base,sensitivity_ge_75pct,1985,1990,1985_1990,0,nat_tmp_density_per_10kha,11160,11160,439803881.5329772,439803881.5329772,1.0,31.69825551927022,155.27593500546152,0.0,0.0,0.0,0.0,1.1333548031308425,43.76400182589663,740.8339638086179,4122.814742731631
hex40k_base,sensitivity_ge_75pct,1985,1990,1985_1990,0,net_cr_balance_density_per_10kha,11160,11160,439803881.5329772,439803881.5329772,1.0,-337.76466992065826,536.1158378200536,-4739.732772939635,-1060.4206915103453,-543.3205406365562,-90.7315364429071,-1.3120506348356653,0.0,391.82500297206775,2381.716191538067
hex40k_base,sensitivity_ge_75pct,1985,1990,1985_1990,0,cr_balance_index,11160,9213,439803881.5329772,365594927.2447255,0.8312680778769176,-0.8987260181027174,0.306954718122149,-1.0,-1.0,-1.0,-1.0,-0.9929666501765788,-0.729497144744017,0.6757973955532147,1.0
hex40k_base,sensitivity_ge_75pct,1985,1990,1985_1990,0,consolidation_rate_initial_pasture,11160,8675,439803881.5329772,344430863.0934898,0.7831464831391304,0.02541809797009775,0.09542718448258687,0.0,0.0,0.0,0.0,0.0021181982138071495,0.05217741460065251,0.5072475280423464,1.0
hex40k_base,sensitivity_ge_75pct,1985,1990,1985_1990,0,replenishment_rate_initial_native,11160,11160,439803881.5329772,439803881.5329772,1.0,0.06140968448762007,0.09225997658981136,0.0,0.0,0.0003128883028307829,0.01365689391014004,0.09155966178541591,0.1991650013800251,0.38903329401970943,0.6358084879422434
hex40k_base,sensitivity_ge_75pct,1985,1990,1985_1990,0,nat_tmp_intensity_initial_native,11160,11160,439803881.5329772,439803881.5329772,1.0,0.005330441290086883,0.023223938015958002,0.0,0.0,0.0,0.0,0.0001677688201447302,0.00873856474993454,0.11324283226393513,0.5084299346540254
hex40k_base,primary_ge_50pct,1990,1995,1990_1995,0,consolidation_density_per_10kha,12445,12445,472310627.0033668,472310627.0033668,1.0,34.168785934440805,124.63956422707327,0.0,0.0,0.0,0.0,1.8260916593103584,73.11513463536974,688.0515405296638,1970.6849116652709
hex40k_base,primary_ge_50pct,1990,1995,1990_1995,0,replenishment_density_per_10kha,12445,12445,472310627.0033668,472310627.0033668,1.0,355.3618881496865,503.5770384124118,0.0,0.0,2.915976276229778,120.0000418494508,536.0425605922477,1059.2839141549757,2132.0266054193953,4700.340372816091
hex40k_base,primary_ge_50pct,1990,1995,1990_1995,0,nat_tmp_density_per_10kha,12445,12445,472310627.0033668,472310627.0033668,1.0,24.97107615880996,122.42568629269253,0.0,0.0,0.0,0.0,1.0607525022612687,27.120276812641375,638.1640643014749,2542.2314021542925
hex40k_base,primary_ge_50pct,1990,1995,1990_1995,0,net_cr_balance_density_per_10kha,12445,12445,472310627.0033668,472310627.0033668,1.0,-321.1931022152457,520.655883645123,-4700.077390826085,-1047.6472358530289,-499.2314591159858,-87.39524821921088,-0.6213455041142808,0.0,504.822737144748,1901.626205590207
hex40k_base,primary_ge_50pct,1990,1995,1990_1995,0,cr_balance_index,12445,10054,472310627.0033668,392868664.926192,0.8318014511314213,-0.8437461171152167,0.3989808363101826,-1.0,-1.0,-1.0,-1.0,-0.9696345736231554,-0.42739207070334995,0.8696086195659173,1.0
hex40k_base,primary_ge_50pct,1990,1995,1990_1995,0,consolidation_rate_initial_pasture,12445,9714,472310627.0033668,379816699.64430606,0.8041671686578388,0.027910086416338555,0.09443741510970323,0.0,0.0,0.0,0.0,0.004539026715395618,0.06762174270238569,0.4971324261183535,1.0
hex40k_base,primary_ge_50pct,1990,1995,1990_1995,0,replenishment_rate_initial_native,12445,12442,472310627.0033668,472247932.4393654,0.9998672598912305,0.059457390516452026,0.08529558631819333,0.0,0.0,0.00032577967772255375,0.017351660205726992,0.09332454730219282,0.17831079044912332,0.36528535815495994,0.650685481149085
hex40k_base,primary_ge_50pct,1990,1995,1990_1995,0,nat_tmp_intensity_initial_native,12445,12442,472310627.0033668,472247932.4393654,0.9998672598912305,0.0043787717904496155,0.020310935580070917,0.0,0.0,0.0,0.0,0.00017733236993086246,0.006610564275480577,0.0982398753901197,0.4412691566810855
hex40k_base,sensitivity_ge_25pct,1990,1995,1990_1995,0,consolidation_density_per_10kha,13759,13759,491732455.55308545,491732455.55308545,1.0,33.22510867286034,123.11515919046501,0.0,0.0,0.0,0.0,1.4215053433736975,67.78533345906337,669.7046914169648,1970.6849116652709
hex40k_base,sensitivity_ge_25pct,1990,1995,1990_1995,0,replenishment_density_per_10kha,13759,13759,491732455.55308545,491732455.55308545,1.0,342.48162689352694,498.41591953478417,0.0,0.0,1.5664054845050714,102.41514717937562,512.8056676074425,1042.9887603098312,2113.1066807246484,4700.340372816091
hex40k_base,sensitivity_ge_25pct,1990,1995,1990_1995,0,nat_tmp_density_per_10kha,13759,13759,491732455.55308545,491732455.55308545,1.0,24.004515943873617,120.08680948491266,0.0,0.0,0.0,0.0,0.8225428384373751,24.493239098086303,631.0167676673955,2542.2314021542925
hex40k_base,sensitivity_ge_25pct,1990,1995,1990_1995,0,net_cr_balance_density_per_10kha,13759,13759,491732455.55308545,491732455.55308545,1.0,-309.2565182206666,514.611303242226,-4700.077390826085,-1025.9410818919348,-477.07993414606534,-71.95904270658684,-0.175631553233478,0.0,500.14950514000316,1901.626205590207
hex40k_base,sensitivity_ge_25pct,1990,1995,1990_1995,0,cr_balance_index,13759,10309,491732455.55308545,396766238.3239107,0.8068742134940846,-0.8428443939158231,0.40124197121845157,-1.0,-1.0,-1.0,-1.0,-0.9698215021512848,-0.42458114463761576,0.8750980551317928,1.0
hex40k_base,sensitivity_ge_25pct,1990,1995,1990_1995,0,consolidation_rate_initial_pasture,13759,9950,491732455.55308545,383404279.6824363,0.7797009844534158,0.027785509271580494,0.09415007794919002,0.0,0.0,0.0,0.0,0.004449290430235591,0.06738200516854029,0.4971324261183535,1.0
hex40k_base,sensitivity_ge_25pct,1990,1995,1990_1995,0,replenishment_rate_initial_native,13759,13740,491732455.55308545,491455737.74607,0.9994372594204624,0.05741678409369424,0.08449620676924598,0.0,0.0,0.00017383974621265998,0.014525367334697368,0.08961688752983936,0.1740282566182106,0.3646378837999399,0.7154095780412187
hex40k_base,sensitivity_ge_25pct,1990,1995,1990_1995,0,nat_tmp_intensity_initial_native,13759,13740,491732455.55308545,491455737.74607,0.9994372594204624,0.004218329037244659,0.019932559156484064,0.0,0.0,0.0,0.0,0.00013887286350327695,0.006166785202502564,0.09660651147746671,0.4412691566810855
hex40k_base,sensitivity_ge_75pct,1990,1995,1990_1995,0,consolidation_density_per_10kha,11160,11160,439803881.53297937,439803881.53297937,1.0,35.92559831380169,127.5607889114504,0.0,0.0,0.0,0.0,2.7254780297022587,80.69727832874874,710.5756302243939,1970.6849116652709
hex40k_base,sensitivity_ge_75pct,1990,1995,1990_1995,0,replenishment_density_per_10kha,11160,11160,439803881.53297937,439803881.53297937,1.0,379.14609782960287,512.8946138644561,0.0,0.0,7.496309534941328,153.82957199107065,575.0713021062858,1093.3170527871061,2167.4316506710406,4700.340372816091
hex40k_base,sensitivity_ge_75pct,1990,1995,1990_1995,0,nat_tmp_density_per_10kha,11160,11160,439803881.53297937,439803881.53297937,1.0,26.74664414735808,126.64657507133849,0.0,0.0,0.0,0.0,1.5510832836828394,31.730676727811964,667.0344049798587,2542.2314021542925
hex40k_base,sensitivity_ge_75pct,1990,1995,1990_1995,0,net_cr_balance_density_per_10kha,11160,11160,439803881.53297937,439803881.53297937,1.0,-343.2204995158012,531.7187381354183,-4700.077390826085,-1080.5347598328387,-544.8705438885434,-114.79840199711445,-2.0391283329317282,0.0,520.7602326837807,1901.626205590207
hex40k_base,sensitivity_ge_75pct,1990,1995,1990_1995,0,cr_balance_index,11160,9632,439803881.53297937,382035100.28542626,0.8686487689781309,-0.8436467930646849,0.39674739303606155,-1.0,-1.0,-1.0,-1.0,-0.9672360298920366,-0.4246125583687329,0.8556834596475701,1.0
hex40k_base,sensitivity_ge_75pct,1990,1995,1990_1995,0,consolidation_rate_initial_pasture,11160,9315,439803881.53297937,369570067.255402,0.8403065156388103,0.0284155751168873,0.09547128394140017,0.0,0.0,0.0,0.0,0.004877382383353385,0.0686186851370613,0.5022310882498893,1.0
hex40k_base,sensitivity_ge_75pct,1990,1995,1990_1995,0,replenishment_rate_initial_native,11160,11160,439803881.53297937,439803881.53297937,1.0,0.06329618724235933,0.0868761234570091,0.0,0.0,0.0008075616154092236,0.0223634614235839,0.10120890793071392,0.18375680513539788,0.37316350842417034,0.650685481149085
hex40k_base,sensitivity_ge_75pct,1990,1995,1990_1995,0,nat_tmp_intensity_initial_native,11160,11160,439803881.53297937,439803881.53297937,1.0,0.004668046144870383,0.020979109927280713,0.0,0.0,0.0,0.0,0.000267115720529111,0.007601889558680376,0.1017615726332338,0.4412691566810855
hex40k_base,primary_ge_50pct,1995,2000,1995_2000,0,consolidation_density_per_10kha,12445,12445,472310627.00336015,472310627.00336015,1.0,37.850300183722396,125.31341486522338,0.0,0.0,0.0,0.0,4.780337909998693,94.77701178856482,657.4098987448139,1831.0777208622517
hex40k_base,primary_ge_50pct,1995,2000,1995_2000,0,replenishment_density_per_10kha,12445,12445,472310627.00336015,472310627.00336015,1.0,329.6766646161551,447.7513115493091,0.0,0.0,6.036200356460432,139.19631200814703,493.8410262571878,941.2774330341803,1932.6255202241784,3981.7791962347915
hex40k_base,primary_ge_50pct,1995,2000,1995_2000,0,nat_tmp_density_per_10kha,12445,12445,472310627.00336015,472310627.00336015,1.0,25.898284223215487,140.58189245079888,0.0,0.0,0.0,0.0,1.3395629643768128,22.631798629561242,665.1192350481824,4158.698832908381
hex40k_base,primary_ge_50pct,1995,2000,1995_2000,0,net_cr_balance_density_per_10kha,12445,12445,472310627.00336015,472310627.00336015,1.0,-291.8263644324327,470.5507962099161,-3981.7791962347915,-928.9711425087835,-461.23489624820104,-97.95680053798816,-0.7724348737745931,0.0,509.67026537934635,1827.9413793347574
hex40k_base,primary_ge_50pct,1995,2000,1995_2000,0,cr_balance_index,12445,10383,472310627.00336015,404936470.6296561,0.8573520210604434,-0.8021042157491481,0.4535196815808663,-1.0,-1.0,-1.0,-1.0,-0.9354143488422627,-0.1499377681020652,0.9085748587126607,1.0
hex40k_base,primary_ge_50pct,1995,2000,1995_2000,0,consolidation_rate_initial_pasture,12445,10173,472310627.00336015,397022642.77955747,0.8405964635996491,0.027662215145675264,0.09022992200459785,0.0,0.0,0.0,0.0,0.005729163497111003,0.0707634687478748,0.49579227497378153,1.0
hex40k_base,primary_ge_50pct,1995,2000,1995_2000,0,replenishment_rate_initial_native,12445,12442,472310627.00336015,472247932.43935865,0.9998672598912304,0.05779614248988349,0.08094783523545027,0.0,0.0,0.0007175048957265265,0.023474661775953795,0.08679376580548635,0.1614558369939582,0.3627770111348479,0.7350360294003349
hex40k_base,primary_ge_50pct,1995,2000,1995_2000,0,nat_tmp_intensity_initial_native,12445,12442,472310627.00336015,472247932.43935865,0.9998672598912304,0.004479825230756852,0.022252223643726247,0.0,0.0,0.0,0.0,0.00023559702594308222,0.005449845372996905,0.10934735883830635,0.516018100501756
hex40k_base,sensitivity_ge_25pct,1995,2000,1995_2000,0,consolidation_density_per_10kha,13759,13759,491732455.5530784,491732455.5530784,1.0,36.70125060010471,123.52634446474413,0.0,0.0,0.0,0.0,3.8853430829510933,88.46646815178713,649.7909924765091,1831.0777208622517
hex40k_base,sensitivity_ge_25pct,1995,2000,1995_2000,0,replenishment_density_per_10kha,13759,13759,491732455.5530784,491732455.5530784,1.0,317.92802752768506,443.70070219091224,0.0,0.0,3.3054007255869315,121.40826587685393,473.13784290963827,925.7726467273111,1917.9368732614848,3981.7791962347915
hex40k_base,sensitivity_ge_25pct,1995,2000,1995_2000,0,nat_tmp_density_per_10kha,13759,13759,491732455.5530784,491732455.5530784,1.0,24.90051369531009,137.87986775410107,0.0,0.0,0.0,0.0,1.1111386032004975,20.441353201294206,654.9948115291953,4158.698832908381
hex40k_base,sensitivity_ge_25pct,1995,2000,1995_2000,0,net_cr_balance_density_per_10kha,13759,13759,491732455.5530784,491732455.5530784,1.0,-281.2267769275804,465.2642738793503,-3981.7791962347915,-907.7172979636633,-442.30534549528653,-83.48969371308036,-0.2867980905775772,0.0,508.00105662710956,1827.9413793347574
hex40k_base,sensitivity_ge_25pct,1995,2000,1995_2000,0,cr_balance_index,13759,10661,491732455.5530784,409179166.27772236,0.8321174688733859,-0.8015555855788897,0.4551955942458995,-1.0,-1.0,-1.0,-1.0,-0.9356718488960916,-0.14770678558870956,0.9102519580739589,1.0
hex40k_base,sensitivity_ge_25pct,1995,2000,1995_2000,0,consolidation_rate_initial_pasture,13759,10444,491732455.5530784,401162652.82777965,0.8158148771704932,0.027495342618364765,0.08987125817113581,0.0,0.0,0.0,0.0,0.005667264262020569,0.07041600040867195,0.49476064769316597,1.0
hex40k_base,sensitivity_ge_25pct,1995,2000,1995_2000,0,replenishment_rate_initial_native,13759,13741,491732455.5530784,491468894.13741016,0.9994640146024696,0.05580077185939465,0.0801771953602448,0.0,0.0,0.0003882634915854431,0.020548661071017365,0.0837060742901581,0.15823328975361262,0.3579478876466638,0.7350360294003349
hex40k_base,sensitivity_ge_25pct,1995,2000,1995_2000,0,nat_tmp_intensity_initial_native,13759,13741,491732455.5530784,491468894.13741016,0.9994640146024696,0.004324096470639503,0.021875786255853773,0.0,0.0,0.0,0.0,0.00019556351752481014,0.005089405619363644,0.10859033693766368,0.516018100501756
hex40k_base,sensitivity_ge_75pct,1995,2000,1995_2000,0,consolidation_density_per_10kha,11160,11160,439803881.5329732,439803881.5329732,1.0,39.9912648067514,128.60879248874184,0.0,0.0,0.0,0.0,6.477885302654354,103.87865845439104,667.4427592375744,1831.0777208622517
hex40k_base,sensitivity_ge_75pct,1995,2000,1995_2000,0,replenishment_density_per_10kha,11160,11160,439803881.5329732,439803881.5329732,1.0,351.37290993785797,455.2810574757783,0.0,0.0,14.168589606413363,169.56109267713464,524.4142891917041,976.634336109469,1973.6273940631638,3981.7791962347915
hex40k_base,sensitivity_ge_75pct,1995,2000,1995_2000,0,nat_tmp_density_per_10kha,11160,11160,439803881.5329732,439803881.5329732,1.0,27.739456471020297,145.47969402148553,0.0,0.0,0.0,0.0,1.6804621556304193,25.762264152829406,689.855688845938,4158.698832908381
hex40k_base,sensitivity_ge_75pct,1995,2000,1995_2000,0,net_cr_balance_density_per_10kha,11160,11160,439803881.5329732,439803881.5329732,1.0,-311.3816451311066,480.46838697154476,-3981.7791962347915,-960.3401969266206,-495.2713420881569,-125.15141142163044,-2.3941502582590974,0.0,525.8658114055735,1827.9413793347574
hex40k_base,sensitivity_ge_75pct,1995,2000,1995_2000,0,cr_balance_index,11160,9911,439803881.5329732,392769174.36577666,0.8930552704463337,-0.8009934600780105,0.4524693139899025,-1.0,-1.0,-1.0,-1.0,-0.9307356094681417,-0.14695175501249627,0.9050017322285012,1.0
hex40k_base,sensitivity_ge_75pct,1995,2000,1995_2000,0,consolidation_rate_initial_pasture,11160,9720,439803881.5329732,385411475.44376206,0.8763257707057477,0.028225848898823805,0.09129298390359324,0.0,0.0,0.0,0.0,0.006053683523102776,0.07283746998290902,0.4971854107354588,1.0
hex40k_base,sensitivity_ge_75pct,1995,2000,1995_2000,0,replenishment_rate_initial_native,11160,11160,439803881.5329732,439803881.5329732,1.0,0.06153047375614386,0.08241416800288935,0.0,0.0,0.0017275866754744738,0.029192864062331073,0.09233974175399588,0.16733110118332162,0.37543120262153146,0.7350360294003349
hex40k_base,sensitivity_ge_75pct,1995,2000,1995_2000,0,nat_tmp_intensity_initial_native,11160,11160,439803881.5329732,439803881.5329732,1.0,0.004785349945415777,0.023011616201996998,0.0,0.0,0.0,0.0,0.0003282638608232313,0.00626722562698218,0.11449408234418705,0.516018100501756
hex40k_base,primary_ge_50pct,2000,2005,2000_2005,0,consolidation_density_per_10kha,12445,12445,472310627.0033617,472310627.0033617,1.0,73.53601749371232,215.0953662990489,0.0,0.0,0.0,0.0,14.878444730902377,228.51100007941002,1114.8486602236521,2693.7755383731505
hex40k_base,primary_ge_50pct,2000,2005,2000_2005,0,replenishment_density_per_10kha,12445,12445,472310627.0033617,472310627.0033617,1.0,357.0073919805758,478.8022763319813,0.0,0.0,14.650234801969226,169.09458244276007,520.182835581661,976.9623634391052,2163.7634941666975,4429.199520143237
hex40k_base,primary_ge_50pct,2000,2005,2000_2005,0,nat_tmp_density_per_10kha,12445,12445,472310627.0033617,472310627.0033617,1.0,48.56269169698475,209.23023643095564,0.0,0.0,0.0,0.0,4.075510562304752,65.45472600860575,1099.107878431705,4269.090660746262
hex40k_base,primary_ge_50pct,2000,2005,2000_2005,0,net_cr_balance_density_per_10kha,12445,12445,472310627.0033617,472310627.0033617,1.0,-283.4713744868635,538.2953718602682,-4429.199520143237,-957.1187080529846,-480.77529269016713,-105.86723846037135,-0.7134639560560805,29.142153723292296,976.3974803071902,2448.092868526288
hex40k_base,primary_ge_50pct,2000,2005,2000_2005,0,cr_balance_index,12445,10803,472310627.0033617,420083155.9142727,0.8894213509010941,-0.7285032709312798,0.5399690714131529,-1.0,-1.0,-1.0,-1.0,-0.8251949962009915,0.25283241228458453,0.9560087452169849,1.0
hex40k_base,primary_ge_50pct,2000,2005,2000_2005,0,consolidation_rate_initial_pasture,12445,10473,472310627.0033617,408001129.2583457,0.8638406716506969,0.04634170545995626,0.12457907649560453,0.0,0.0,0.0,4.7513674845738634e-05,0.015443227958258672,0.1501001099699471,0.6672614275394426,1.0
hex40k_base,primary_ge_50pct,2000,2005,2000_2005,0,replenishment_rate_initial_native,12445,12442,472310627.0033617,472247932.4393602,0.9998672598912304,0.06284817703579292,0.08226130293815397,0.0,0.0,0.0019514440624388747,0.030366393259192638,0.09381041481877997,0.17252703793214702,0.3646220833994228,0.603282315258074
hex40k_base,primary_ge_50pct,2000,2005,2000_2005,0,nat_tmp_intensity_initial_native,12445,12442,472310627.0033617,472247932.4393602,0.9998672598912304,0.007950082014722654,0.03156191996945363,0.0,0.0,0.0,0.0,0.0008573102312169391,0.013438711649680106,0.17342500523205362,0.48289268242946826
hex40k_base,sensitivity_ge_25pct,2000,2005,2000_2005,0,consolidation_density_per_10kha,13759,13759,491732455.5530802,491732455.5530802,1.0,71.08081044784926,211.761957538624,0.0,0.0,0.0,0.0,12.643845218922635,218.97535549650834,1097.047284985153,2693.7755383731505
hex40k_base,sensitivity_ge_25pct,2000,2005,2000_2005,0,replenishment_density_per_10kha,13759,13759,491732455.5530802,491732455.5530802,1.0,343.9398855244786,474.32584550263033,0.0,0.0,8.706049564002209,152.67296854638556,505.17195596365974,954.6663835451529,2138.0994370549474,4429.199520143237
hex40k_base,sensitivity_ge_25pct,2000,2005,2000_2005,0,nat_tmp_density_per_10kha,13759,13759,491732455.5530802,491732455.5530802,1.0,46.66443999886233,205.27480919479322,0.0,0.0,0.0,0.0,3.46744989403046,57.66662402907991,1085.4882791465914,4269.090660746262
hex40k_base,sensitivity_ge_25pct,2000,2005,2000_2005,0,net_cr_balance_density_per_10kha,13759,13759,491732455.5530802,491732455.5530802,1.0,-272.8590750766293,530.9753938267082,-4429.199520143237,-939.668066999193,-459.6268011466786,-88.94839477090748,-0.1775542219783173,20.088390632719673,963.2482943592363,2448.092868526288
hex40k_base,sensitivity_ge_25pct,2000,2005,2000_2005,0,cr_balance_index,13759,11106,491732455.5530802,424743217.1939304,0.8637689304363628,-0.7287454079500898,0.5406765074484349,-1.0,-1.0,-1.0,-1.0,-0.8280512048184251,0.25513562485604535,0.9575522013356125,1.0
hex40k_base,sensitivity_ge_25pct,2000,2005,2000_2005,0,consolidation_rate_initial_pasture,13759,10766,491732455.5530802,412475982.1968471,0.8388219600695489,0.04599359410576304,0.12407540850772615,0.0,0.0,0.0,3.820019712708003e-05,0.01505529448386696,0.1487886069919221,0.6666668605787198,1.0
hex40k_base,sensitivity_ge_25pct,2000,2005,2000_2005,0,replenishment_rate_initial_native,13759,13741,491732455.5530802,491468894.13741183,0.9994640146024693,0.060595900486042485,0.08151820528698948,0.0,0.0,0.0011500127982956056,0.027177641380912644,0.09005070321161732,0.16979869929370514,0.3621467561824997,0.603282315258074
hex40k_base,sensitivity_ge_25pct,2000,2005,2000_2005,0,nat_tmp_intensity_initial_native,13759,13741,491732455.5530802,491468894.13741183,0.9994640146024693,0.007664802589270626,0.03119014389309091,0.0,0.0,0.0,0.0,0.0007264058079895844,0.012579567805102452,0.17062748794580274,0.7999998481813974
hex40k_base,sensitivity_ge_75pct,2000,2005,2000_2005,0,consolidation_density_per_10kha,11160,11160,439803881.53297424,439803881.53297424,1.0,77.97076274396453,220.7471307091954,0.0,0.0,0.0,0.0,19.735336061806997,249.35404480643277,1140.1099315277538,2693.7755383731505
hex40k_base,sensitivity_ge_75pct,2000,2005,2000_2005,0,replenishment_density_per_10kha,11160,11160,439803881.53297424,439803881.53297424,1.0,380.5345804840296,486.6510234647057,0.0,0.6195796561892524,26.67907171044233,201.38506783533083,550.8889678466268,1011.1708183507812,2233.1051492638917,4429.199520143237
hex40k_base,sensitivity_ge_75pct,2000,2005,2000_2005,0,nat_tmp_density_per_10kha,11160,11160,439803881.53297424,439803881.53297424,1.0,52.09879431414047,216.3997974968181,0.0,0.0,0.0,0.0,5.216307996813211,75.23398051062762,1122.4870964756365,4269.090660746262
hex40k_base,sensitivity_ge_75pct,2000,2005,2000_2005,0,net_cr_balance_density_per_10kha,11160,11160,439803881.53297424,439803881.53297424,1.0,-302.5638177400651,551.271332256211,-4429.199520143237,-996.0829730218646,-513.5159916643926,-138.04425456843902,-2.348341837774752,44.0898407436047,996.6058600181225,2448.092868526288
hex40k_base,sensitivity_ge_75pct,2000,2005,2000_2005,0,cr_balance_index,11160,10250,439803881.53297424,405837609.37000513,0.9227695034328102,-0.7247512883365081,0.5408520392730388,-1.0,-1.0,-1.0,-0.9997313247243957,-0.8079044214078226,0.26033531667441573,0.9544228077446358,1.0
hex40k_base,sensitivity_ge_75pct,2000,2005,2000_2005,0,consolidation_rate_initial_pasture,11160,9971,439803881.53297424,395087047.3438934,0.8983255126507377,0.04746337959763865,0.1261583356641442,0.0,0.0,0.0,8.76865480297258e-05,0.016687891042373205,0.1535751835134917,0.6708759778255099,1.0
hex40k_base,sensitivity_ge_75pct,2000,2005,2000_2005,0,replenishment_rate_initial_native,11160,11160,439803881.53297424,439803881.53297424,1.0,0.06694942055424556,0.0834934063787639,0.0,6.915394045684011e-05,0.004046254263215114,0.03605023302356488,0.09958600131062137,0.1780113689490344,0.3691515627859206,0.603282315258074
hex40k_base,sensitivity_ge_75pct,2000,2005,2000_2005,0,nat_tmp_intensity_initial_native,11160,11160,439803881.53297424,439803881.53297424,1.0,0.008514942836258145,0.03262840547166072,0.0,0.0,0.0,0.0,0.001127642838144362,0.015441217216761081,0.1804863072049751,0.48289268242946826
hex40k_base,primary_ge_50pct,2005,2010,2005_2010,0,consolidation_density_per_10kha,12445,12445,472310627.0033604,472310627.0033604,1.0,58.95505336878968,154.7884515466585,0.0,0.0,0.0,0.04400477286559983,29.068038105883396,195.57831906625228,755.5373587022699,2117.1493211007023
hex40k_base,primary_ge_50pct,2005,2010,2005_2010,0,replenishment_density_per_10kha,12445,12445,472310627.0033604,472310627.0033604,1.0,211.98848368570683,296.53555958259795,0.0,0.0,12.128371358259043,98.46087874969535,295.76581103900224,577.2158881260723,1367.0565783569994,2903.1489804649373
hex40k_base,primary_ge_50pct,2005,2010,2005_2010,0,nat_tmp_density_per_10kha,12445,12445,472310627.0033604,472310627.0033604,1.0,19.997230027034362,110.37781812757936,0.0,0.0,0.0,0.0,2.9354199344276974,24.02009969262794,464.40822860647484,2965.2201153416795
hex40k_base,primary_ge_50pct,2005,2010,2005_2010,0,net_cr_balance_density_per_10kha,12445,12445,472310627.0033604,472310627.0033604,1.0,-153.03343031691716,345.6255963565434,-2903.1489804649373,-558.4333122349277,-261.62569884062566,-57.798124517939826,0.0,81.67512525686044,669.6607576244571,2076.5648536596873
hex40k_base,primary_ge_50pct,2005,2010,2005_2010,0,cr_balance_index,12445,10913,472310627.0033604,423983520.64840543,0.8976794008181164,-0.6458268658426335,0.6005338062776288,-1.0,-1.0,-1.0,-0.9941260654973592,-0.5461039899313636,0.5248398461696274,0.9635051878129833,1.0
hex40k_base,primary_ge_50pct,2005,2010,2005_2010,0,consolidation_rate_initial_pasture,12445,10880,472310627.0033604,422642654.34647584,0.8948404507177621,0.03955412069426581,0.10667218389002962,0.0,0.0,0.0,0.0003313425711946631,0.01937560521862978,0.11846198081524391,0.5709327379679251,1.0
hex40k_base,primary_ge_50pct,2005,2010,2005_2010,0,replenishment_rate_initial_native,12445,12442,472310627.0033604,472247932.43935895,0.9998672598912305,0.04044748610982936,0.056843849204727695,0.0,0.0,0.0018898675354893084,0.019363003092237766,0.05663374431102712,0.10603104675433313,0.2751033216881449,0.5507325337355856
hex40k_base,primary_ge_50pct,2005,2010,2005_2010,0,nat_tmp_intensity_initial_native,12445,12442,472310627.0033604,472247932.43935895,0.9998672598912305,0.0034301326633513346,0.016010940778590357,0.0,0.0,0.0,0.0,0.0006671812803784537,0.006274919943365272,0.07132047797330984,0.3800523173583012
hex40k_base,sensitivity_ge_25pct,2005,2010,2005_2010,0,consolidation_density_per_10kha,13759,13759,491732455.5530789,491732455.5530789,1.0,57.29039168656341,153.81600353304762,0.0,0.0,0.0,0.0,25.47990816785446,189.7631737665657,754.2238906355401,2117.1493211007023
hex40k_base,sensitivity_ge_25pct,2005,2010,2005_2010,0,replenishment_density_per_10kha,13759,13759,491732455.5530789,491732455.5530789,1.0,204.35305847146907,293.4563702178701,0.0,0.0,8.34054412773163,88.75735278894435,285.39896925908187,565.9954381221366,1359.6951340524777,2903.1489804649373
hex40k_base,sensitivity_ge_25pct,2005,2010,2005_2010,0,nat_tmp_density_per_10kha,13759,13759,491732455.5530789,491732455.5530789,1.0,19.219388897038645,108.24634052921756,0.0,0.0,0.0,0.0,2.5942622382199434,22.23074224595813,440.68522870353206,2965.2201153416795
hex40k_base,sensitivity_ge_25pct,2005,2010,2005_2010,0,net_cr_balance_density_per_10kha,13759,13759,491732455.5530789,491732455.5530789,1.0,-147.06266678490564,341.17802176263876,-2903.1489804649373,-544.6361149703608,-249.8486718768582,-48.577743392640684,0.0,74.08022398766138,669.6607576244571,2076.5648536596873
hex40k_base,sensitivity_ge_25pct,2005,2010,2005_2010,0,cr_balance_index,13759,11208,491732455.5530789,428469832.07822883,0.8713474720644684,-0.6464630004451629,0.600999378037373,-1.0,-1.0,-1.0,-0.9945087037096514,-0.555356863620479,0.5252029598809135,0.9660469140720973,1.0
hex40k_base,sensitivity_ge_25pct,2005,2010,2005_2010,0,consolidation_rate_initial_pasture,13759,11208,491732455.5530789,427673070.39537406,0.8697271566391653,0.03929642607594608,0.10631410833952812,0.0,0.0,0.0,0.0003142095747983348,0.01868413815727785,0.1180078312066807,0.569072999023985,1.0
hex40k_base,sensitivity_ge_25pct,2005,2010,2005_2010,0,replenishment_rate_initial_native,13759,13739,491732455.5530789,491439498.00678456,0.9994042338613488,0.039030466824816555,0.056267691150048996,0.0,0.0,0.0011687469022253043,0.01761843077273144,0.054581356159063406,0.10385683976378197,0.27138397481762255,0.5507325337355856
hex40k_base,sensitivity_ge_25pct,2005,2010,2005_2010,0,nat_tmp_intensity_initial_native,13759,13739,491732455.5530789,491439498.00678456,0.9994042338613488,0.003301404539211042,0.01570966217689822,0.0,0.0,0.0,0.0,0.0005905009382734036,0.005951131928911028,0.07052481805881725,0.3800523173583012
hex40k_base,sensitivity_ge_75pct,2005,2010,2005_2010,0,consolidation_density_per_10kha,11160,11160,439803881.5329737,439803881.5329737,1.0,62.45571525904905,158.74668009808656,0.0,0.0,0.0,0.34390711918837646,36.008407157543026,207.0224476547887,774.764123038297,2117.1493211007023
hex40k_base,sensitivity_ge_75pct,2005,2010,2005_2010,0,replenishment_density_per_10kha,11160,11160,439803881.5329737,439803881.5329737,1.0,225.72344580664853,301.951089603037,0.0,0.891134755100488,19.81046960091916,116.61976327379715,315.2678088140923,597.8643317387655,1406.6138084782733,2903.1489804649373
hex40k_base,sensitivity_ge_75pct,2005,2010,2005_2010,0,nat_tmp_density_per_10kha,11160,11160,439803881.5329737,439803881.5329737,1.0,21.427235965421257,114.24261919138507,0.0,0.0,0.0,0.0,3.6147391180043784,27.334582548262038,507.42888144574005,2965.2201153416795
hex40k_base,sensitivity_ge_75pct,2005,2010,2005_2010,0,net_cr_balance_density_per_10kha,11160,11160,439803881.5329737,439803881.5329737,1.0,-163.26773054759948,354.85535736245606,-2903.1489804649373,-579.7850419499609,-281.19560456026437,-72.60832345374413,-0.6809202075062005,96.42059401184473,682.6331814518927,2076.5648536596873
hex40k_base,sensitivity_ge_75pct,2005,2010,2005_2010,0,cr_balance_index,11160,10334,439803881.5329737,409121551.5469304,0.9302363365255043,-0.6393328896317366,0.6024190627208702,-1.0,-1.0,-1.0,-0.9918598073668474,-0.5184217420443745,0.5281707677532856,0.9632614542794232,1.0
hex40k_base,sensitivity_ge_75pct,2005,2010,2005_2010,0,consolidation_rate_initial_pasture,11160,10302,439803881.5329737,407787166.5308963,0.927202290960961,0.04054869617295547,0.1078218056663691,0.0,0.0,0.0,0.0004476427919069234,0.020812927646523847,0.12245835650259372,0.5746460286776879,1.0
hex40k_base,sensitivity_ge_75pct,2005,2010,2005_2010,0,replenishment_rate_initial_native,11160,11160,439803881.5329737,439803881.5329737,1.0,0.04302421662971588,0.05777715385000712,0.0,0.0001031543342368768,0.0033338361026535265,0.022617333382439993,0.05990474423319198,0.11021359065705658,0.2785354886387701,0.5507325337355856
hex40k_base,sensitivity_ge_75pct,2005,2010,2005_2010,0,nat_tmp_intensity_initial_native,11160,11160,439803881.5329737,439803881.5329737,1.0,0.0036646138827794122,0.016559736678714798,0.0,0.0,0.0,0.0,0.0008206369040630008,0.006939735289706017,0.07324628552417829,0.3800523173583012
hex40k_base,primary_ge_50pct,2010,2015,2010_2015,0,consolidation_density_per_10kha,12445,12445,472310627.00336564,472310627.00336564,1.0,104.61474106403911,260.77478413284837,0.0,0.0,0.0,1.0625870558018673,68.6832687819211,346.98072032285256,1283.4118831680453,4703.928753186358
hex40k_base,primary_ge_50pct,2010,2015,2010_2015,0,replenishment_density_per_10kha,12445,12445,472310627.00336564,472310627.00336564,1.0,183.1889426438413,258.7276443912044,0.0,0.13026723149151628,10.993040228910841,80.53648107450796,257.4074124906309,507.823597864297,1142.096804161366,3043.445279472369
hex40k_base,primary_ge_50pct,2010,2015,2010_2015,0,nat_tmp_density_per_10kha,12445,12445,472310627.00336564,472310627.00336564,1.0,28.81380369406237,137.4722596188648,0.0,0.0,0.0,0.041695476651258945,5.944177873662302,41.770194513566985,620.2556284418538,4025.735346167618
hex40k_base,primary_ge_50pct,2010,2015,2010_2015,0,net_cr_balance_density_per_10kha,12445,12445,472310627.00336564,472310627.00336564,1.0,-78.5742015798022,375.70506870707675,-3043.445279472369,-471.94751573263187,-204.11832301692135,-28.91340215198711,0.0,226.7849089351554,1201.6056966037227,4697.782450201488
hex40k_base,primary_ge_50pct,2010,2015,2010_2015,0,cr_balance_index,12445,11000,472310627.00336564,426956391.07770425,0.9039737127800468,-0.5232111071858997,0.6795378965760498,-1.0,-1.0,-1.0,-0.9616783778837713,-0.10472596253063741,0.7580894473203692,0.9812647241473812,1.0
hex40k_base,primary_ge_50pct,2010,2015,2010_2015,0,consolidation_rate_initial_pasture,12445,11017,472310627.00336564,427446085.94085264,0.9050105195659862,0.059355319646242674,0.13403015856883135,0.0,0.0,0.0,0.0018360649711350794,0.047929507961530934,0.19153522583566598,0.6811592302354026,1.0
hex40k_base,primary_ge_50pct,2010,2015,2010_2015,0,replenishment_rate_initial_native,12445,12442,472310627.00336564,472247932.43936414,0.9998672598912304,0.03517844997320117,0.049132429386942,0.0,1.4811046607147332e-05,0.001775870430742179,0.016688831521687056,0.04836148181377635,0.09611162194621925,0.22315954583907324,0.47184537006484034
hex40k_base,primary_ge_50pct,2010,2015,2010_2015,0,nat_tmp_intensity_initial_native,12445,12442,472310627.00336564,472247932.43936414,0.9998672598912304,0.004901988998831529,0.02070729123554743,0.0,0.0,0.0,6.834153778825001e-06,0.001522294299403471,0.00945571350105267,0.09085893606329336,0.6202944521088594
hex40k_base,sensitivity_ge_25pct,2010,2015,2010_2015,0,consolidation_density_per_10kha,13759,13759,491732455.553084,491732455.553084,1.0,101.03364470586794,256.7502436969497,0.0,0.0,0.0,0.6856384434868651,60.2277104277724,333.5141983450728,1262.812140967001,4703.928753186358
hex40k_base,sensitivity_ge_25pct,2010,2015,2010_2015,0,replenishment_density_per_10kha,13759,13759,491732455.553084,491732455.553084,1.0,176.6885288273677,256.1163848374532,0.0,0.0,7.460312920548946,72.07399455973082,246.30220571674073,497.63075709406615,1131.1435857331383,3043.445279472369
hex40k_base,sensitivity_ge_25pct,2010,2015,2010_2015,0,nat_tmp_density_per_10kha,13759,13759,491732455.553084,491732455.553084,1.0,27.700971416821243,134.84638397290598,0.0,0.0,0.0,0.0,5.400585968034503,38.97330005178842,595.862122606911,4025.735346167618
hex40k_base,sensitivity_ge_25pct,2010,2015,2010_2015,0,net_cr_balance_density_per_10kha,13759,13759,491732455.553084,491732455.553084,1.0,-75.65488412149975,369.2247446716587,-3043.445279472369,-463.18069300574615,-193.5132575672806,-23.269209666806958,0.0,216.72677113866703,1165.646994318779,4697.782450201488
hex40k_base,sensitivity_ge_25pct,2010,2015,2010_2015,0,cr_balance_index,13759,11313,491732455.553084,431751851.00646555,0.8780218717124247,-0.5249990013407739,0.679595905189321,-1.0,-1.0,-1.0,-0.9640486964578628,-0.11054797138662775,0.7581211572941028,0.981367065677705,1.0
hex40k_base,sensitivity_ge_25pct,2010,2015,2010_2015,0,consolidation_rate_initial_pasture,13759,11346,491732455.553084,432461037.95230615,0.8794640928589686,0.05887558885922706,0.13344469405423987,0.0,0.0,0.0,0.0017418627545001978,0.04711206212796459,0.19056790736728316,0.6730674976616822,1.0
hex40k_base,sensitivity_ge_25pct,2010,2015,2010_2015,0,replenishment_rate_initial_native,13759,13740,491732455.553084,491449876.47142386,0.9994253397788391,0.033943699742953595,0.0486358595662823,0.0,0.0,0.0011784312736740096,0.015041884763736389,0.04637305751275154,0.09361320273778369,0.22140107692939695,0.47184537006484034
hex40k_base,sensitivity_ge_25pct,2010,2015,2010_2015,0,nat_tmp_intensity_initial_native,13759,13740,491732455.553084,491449876.47142386,0.9994253397788391,0.004726033683881643,0.02033795931233661,0.0,0.0,0.0,0.0,0.001358722098393144,0.00905015706162204,0.08920095069512793,0.6202944521088594
hex40k_base,sensitivity_ge_75pct,2010,2015,2010_2015,0,consolidation_density_per_10kha,11160,11160,439803881.5329782,439803881.5329782,1.0,111.1606035343734,267.4086816546388,0.0,0.0,0.0,2.038850840918319,82.8629752067412,368.75641866273725,1304.7254483526374,4703.928753186358
hex40k_base,sensitivity_ge_75pct,2010,2015,2010_2015,0,replenishment_density_per_10kha,11160,11160,439803881.5329782,439803881.5329782,1.0,194.8213597401198,263.35110653685643,0.0,1.009768661177129,16.983792680103154,93.70928181979812,273.6472174425895,528.874463214854,1165.0792000554854,3043.445279472369
hex40k_base,sensitivity_ge_75pct,2010,2015,2010_2015,0,nat_tmp_density_per_10kha,11160,11160,439803881.5329782,439803881.5329782,1.0,30.71794392124857,140.919382067401,0.0,0.0,0.0,0.19359839654808647,6.926916931219875,48.813001336991235,635.8884912462976,4025.735346167618
hex40k_base,sensitivity_ge_75pct,2010,2015,2010_2015,0,net_cr_balance_density_per_10kha,11160,11160,439803881.5329782,439803881.5329782,1.0,-83.66075620574642,387.00661307659414,-3043.445279472369,-486.8505527467187,-223.28152714558493,-39.9403469469285,0.0,246.8400877510688,1223.086315762907,4697.782450201488
hex40k_base,sensitivity_ge_75pct,2010,2015,2010_2015,0,cr_balance_index,11160,10387,439803881.5329782,411186112.5347972,0.934930612939497,-0.5123164400785504,0.6820009415450909,-1.0,-1.0,-1.0,-0.9534429178460503,-0.06338213244422208,0.7605339476322673,0.9803114923410503,1.0
hex40k_base,sensitivity_ge_75pct,2010,2015,2010_2015,0,consolidation_rate_initial_pasture,11160,10403,439803881.5329782,411681652.6342907,0.9360573426485805,0.06105779198040449,0.13559813266191081,0.0,0.0,0.0,0.0022222799826473,0.05160127578121201,0.19814497783204485,0.683332019293305,1.0
hex40k_base,sensitivity_ge_75pct,2010,2015,2010_2015,0,replenishment_rate_initial_native,11160,11160,439803881.5329782,439803881.5329782,1.0,0.037432452908722984,0.049999269691736535,0.0,0.00011879148539831557,0.003082482688776953,0.019440509721036437,0.05136436814705356,0.09949292889999346,0.23229282751571692,0.47184537006484034
hex40k_base,sensitivity_ge_75pct,2010,2015,2010_2015,0,nat_tmp_intensity_initial_native,11160,11160,439803881.5329782,439803881.5329782,1.0,0.005224722864033948,0.02130631966404612,0.0,0.0,0.0,3.528978471489551e-05,0.0018092468548704763,0.010359665314515484,0.09387080414347615,0.6202944521088594
hex40k_base,primary_ge_50pct,2015,2020,2015_2020,0,consolidation_density_per_10kha,12445,12445,472310627.0033586,472310627.0033586,1.0,82.50012064825638,185.01392960793623,0.0,0.0,0.0,2.4217811766026434,75.03704092597395,265.2184189389116,902.1314871031685,2917.5015977038784
hex40k_base,primary_ge_50pct,2015,2020,2015_2020,0,replenishment_density_per_10kha,12445,12445,472310627.0033586,472310627.0033586,1.0,189.9412609491657,272.5009312932391,0.0,0.3334059394773862,12.88977875855939,91.7207385467834,258.6925854296502,495.94859358151865,1252.4168288577525,3837.8342591799114
hex40k_base,primary_ge_50pct,2015,2020,2015_2020,0,nat_tmp_density_per_10kha,12445,12445,472310627.0033586,472310627.0033586,1.0,15.662670637207018,60.07105914116752,0.0,0.0,0.0,0.11009539402863389,5.1645275048188894,31.042820930914445,279.25902906948517,1622.9823709911986
hex40k_base,primary_ge_50pct,2015,2020,2015_2020,0,net_cr_balance_density_per_10kha,12445,12445,472310627.0033586,472310627.0033586,1.0,-107.44114030090928,333.683827920638,-3837.8342591799114,-453.2149672867544,-204.8325991362886,-35.48799038394807,0.0,147.25427296561588,793.4831760765832,2621.9864046509365
hex40k_base,primary_ge_50pct,2015,2020,2015_2020,0,cr_balance_index,12445,11142,472310627.0033586,431938839.3565021,0.9145228048265588,-0.5202225849550957,0.6496406256840552,-1.0,-1.0,-1.0,-0.9314555583440984,-0.09705012071499478,0.6615694267989534,0.9645214553187714,1.0
hex40k_base,primary_ge_50pct,2015,2020,2015_2020,0,consolidation_rate_initial_pasture,12445,11130,472310627.0033586,431307291.85275763,0.9131856604397144,0.04722219634532762,0.10268855312194085,0.0,0.0,0.0,0.0036734611562748098,0.04475513591057296,0.14338263731744272,0.5204473986459583,1.0
hex40k_base,primary_ge_50pct,2015,2020,2015_2020,0,replenishment_rate_initial_native,12445,12442,472310627.0033586,472247932.4393571,0.9998672598912304,0.03688402984061032,0.05033841799499774,0.0,3.791037394596558e-05,0.002327159599156237,0.019455723815557602,0.051069250844338235,0.09584944825297163,0.23392902536709836,0.5032322686366484
hex40k_base,primary_ge_50pct,2015,2020,2015_2020,0,nat_tmp_intensity_initial_native,12445,12442,472310627.0033586,472247932.4393571,0.9998672598912304,0.0030007394143691784,0.010150882143782222,0.0,0.0,0.0,2.207359130205157e-05,0.0013434917829452402,0.007519662811658122,0.04734507878766683,0.23078367716100281
hex40k_base,sensitivity_ge_25pct,2015,2020,2015_2020,0,consolidation_density_per_10kha,13759,13759,491732455.5530771,491732455.5530771,1.0,79.58415301453064,182.1896778229772,0.0,0.0,0.0,1.6087428784208977,68.61504469698609,254.8467908864315,893.1859079020311,2917.5015977038784
hex40k_base,sensitivity_ge_25pct,2015,2020,2015_2020,0,replenishment_density_per_10kha,13759,13759,491732455.5530771,491732455.5530771,1.0,183.1796350072782,269.67166692300117,0.0,0.0,9.046579486854167,83.05892669491563,250.37303215629822,484.0639943959483,1242.754358959398,3837.8342591799114
hex40k_base,sensitivity_ge_25pct,2015,2020,2015_2020,0,nat_tmp_density_per_10kha,13759,13759,491732455.5530771,491732455.5530771,1.0,15.05610187626876,58.95095079763076,0.0,0.0,0.0,0.04239336453820709,4.712986183652083,28.909034703660364,276.2850651037276,1622.9823709911986
hex40k_base,sensitivity_ge_25pct,2015,2020,2015_2020,0,net_cr_balance_density_per_10kha,13759,13759,491732455.5530771,491732455.5530771,1.0,-103.59548199274752,328.14533928515533,-3837.8342591799114,-441.9638721581335,-196.24675475653882,-28.97480068505822,0.0,139.97169389374517,772.1225832882174,2621.9864046509365
hex40k_base,sensitivity_ge_25pct,2015,2020,2015_2020,0,cr_balance_index,13759,11481,491732455.5530771,437116313.3175527,0.8889311827625964,-0.5226576472965803,0.6494768265361353,-1.0,-1.0,-1.0,-0.93489117303675,-0.10186723569137862,0.6609496469983115,0.9661244970961137,1.0
hex40k_base,sensitivity_ge_25pct,2015,2020,2015_2020,0,consolidation_rate_initial_pasture,13759,11477,491732455.5530771,436602634.7532934,0.8878865525811667,0.04679037659128882,0.10221164935083031,0.0,0.0,0.0,0.0034340418889530814,0.04428550726011282,0.14039722094972226,0.517928169812669,1.0
hex40k_base,sensitivity_ge_25pct,2015,2020,2015_2020,0,replenishment_rate_initial_native,13759,13740,491732455.5530771,491449876.47141695,0.9994253397788391,0.03560573375858635,0.04988693067444326,0.0,0.0,0.0015164111662554942,0.017891274665526702,0.04950174660837881,0.09403067608462512,0.23332244927542958,0.5032322686366484
hex40k_base,sensitivity_ge_25pct,2015,2020,2015_2020,0,nat_tmp_intensity_initial_native,13759,13740,491732455.5530771,491449876.47141695,0.9994253397788391,0.0028886642035222364,0.00996756161932353,0.0,0.0,0.0,7.542330648848433e-06,0.00119854772055732,0.007193497567371082,0.04675264587688962,0.23078367716100281
hex40k_base,sensitivity_ge_75pct,2015,2020,2015_2020,0,consolidation_density_per_10kha,11160,11160,439803881.53297174,439803881.53297174,1.0,87.97336297803724,190.1511954433258,0.0,0.0,0.0,4.3907580249328655,85.01373768149257,279.3185904809844,925.0541685919882,2917.5015977038784
hex40k_base,sensitivity_ge_75pct,2015,2020,2015_2020,0,replenishment_density_per_10kha,11160,11160,439803881.53297174,439803881.53297174,1.0,202.08410936952816,277.72514150702165,0.0,1.405703497442009,20.814514207414867,104.5852691073094,274.4417705049391,516.4432818709422,1300.4766068822257,3837.8342591799114
hex40k_base,sensitivity_ge_75pct,2015,2020,2015_2020,0,nat_tmp_density_per_10kha,11160,11160,439803881.53297174,439803881.53297174,1.0,16.778826347904552,62.09201199683499,0.0,0.0,0.0,0.2844628131794388,6.082175997167526,35.38414295391131,295.7773904834762,1622.9823709911986
hex40k_base,sensitivity_ge_75pct,2015,2020,2015_2020,0,net_cr_balance_density_per_10kha,11160,11160,439803881.53297174,439803881.53297174,1.0,-114.1107463914909,344.0024490911831,-3837.8342591799114,-475.7489447437752,-218.82513979030136,-47.377416494100544,0.0,157.70327903950633,806.910883037921,2621.9864046509365
hex40k_base,sensitivity_ge_75pct,2015,2020,2015_2020,0,cr_balance_index,11160,10495,439803881.53297174,415301881.6010728,0.9442888047133753,-0.5082863234140892,0.6519015841189855,-1.0,-1.0,-1.0,-0.9146717894093288,-0.0636241569109274,0.667637695898779,0.9639899131144077,1.0
hex40k_base,sensitivity_ge_75pct,2015,2020,2015_2020,0,consolidation_rate_initial_pasture,11160,10475,439803881.53297174,414474764.7357864,0.9424081554057716,0.04869286587549766,0.10391849872273931,0.0,0.0,0.0,0.004591709556537972,0.04757567588226999,0.14698034502882878,0.5273507919860038,1.0
hex40k_base,sensitivity_ge_75pct,2015,2020,2015_2020,0,replenishment_rate_initial_native,11160,11160,439803881.53297174,439803881.53297174,1.0,0.039237608821027524,0.05115859347654384,0.0,0.00017974678141819198,0.003943312998480727,0.022191168790527176,0.053857003876834286,0.09966184882179026,0.24142240397739403,0.5032322686366484
hex40k_base,sensitivity_ge_75pct,2015,2020,2015_2020,0,nat_tmp_intensity_initial_native,11160,11160,439803881.53297174,439803881.53297174,1.0,0.0032067574517491426,0.010481611143083004,0.0,0.0,0.0,5.142629755548967e-05,0.0015928199607828492,0.00807761644043538,0.049508867524834264,0.23078367716100281
hex40k_base,primary_ge_50pct,2020,2025,2020_2025,1,consolidation_density_per_10kha,12445,12445,472310627.0033665,472310627.0033665,1.0,43.89774753598998,120.75792739568267,0.0,0.0,0.0,0.7553435482311659,24.673886605142926,123.44457148308229,616.8130824966444,1712.4420353291127
hex40k_base,primary_ge_50pct,2020,2025,2020_2025,1,replenishment_density_per_10kha,12445,12445,472310627.0033665,472310627.0033665,1.0,210.95005793715933,276.03857258841737,0.0,1.0658904158206441,19.450615762684112,110.02657751183042,300.9869930029652,554.9599875474881,1236.4852523495672,3595.192692157487
hex40k_base,primary_ge_50pct,2020,2025,2020_2025,1,nat_tmp_density_per_10kha,12445,12445,472310627.0033665,472310627.0033665,1.0,14.416005753961832,79.63844804545002,0.0,0.0,0.0,0.044609355939312555,3.51200230979652,18.697208184785598,310.22106603064475,2566.220007872947
hex40k_base,primary_ge_50pct,2020,2025,2020_2025,1,net_cr_balance_density_per_10kha,12445,12445,472310627.0033665,472310627.0033665,1.0,-167.0523104011694,302.1348796570418,-3594.83955664934,-528.5572825694786,-272.7093259177402,-77.58316970482367,-1.9576734691699473,26.44593447280087,472.2336526103368,1695.4534003251922
hex40k_base,primary_ge_50pct,2020,2025,2020_2025,1,cr_balance_index,12445,11502,472310627.0033665,443723780.6227366,0.939474479831202,-0.6685650363432968,0.5560195912231154,-1.0,-1.0,-1.0,-0.9862171803509815,-0.5810163203711111,0.3696001779325772,0.9439248522009036,1.0
hex40k_base,primary_ge_50pct,2020,2025,2020_2025,1,consolidation_rate_initial_pasture,12445,11245,472310627.0033665,435339400.18095756,0.921722644571905,0.0347791755543273,0.09778683370161653,0.0,0.0,0.0,0.0008155191565646441,0.01840844154003264,0.09328050776419299,0.5187935872401916,1.0
hex40k_base,primary_ge_50pct,2020,2025,2020_2025,1,replenishment_rate_initial_native,12445,12442,472310627.0033665,472247932.4393651,0.9998672598912306,0.04073957207355107,0.050125964420384264,0.0,0.00012978423725855046,0.003824678553179754,0.024127239357059953,0.05868760606987412,0.1035172351955861,0.22510888558491898,0.5671920891741643
hex40k_base,primary_ge_50pct,2020,2025,2020_2025,1,nat_tmp_intensity_initial_native,12445,12442,472310627.0033665,472247932.4393651,0.9998672598912306,0.0028022918300315714,0.013937272901108544,0.0,0.0,0.0,1.0753316610607738e-05,0.0008802134530436976,0.005113985947707757,0.05326852652008948,0.567076105639969
hex40k_base,sensitivity_ge_25pct,2020,2025,2020_2025,1,consolidation_density_per_10kha,13759,13759,491732455.553085,491732455.553085,1.0,42.359386829175385,118.86910219281143,0.0,0.0,0.0,0.5063865186329791,22.217704316322493,116.86225807369115,613.9862959593436,1712.4420353291127
hex40k_base,sensitivity_ge_25pct,2020,2025,2020_2025,1,replenishment_density_per_10kha,13759,13759,491732455.553085,491732455.553085,1.0,203.83995267066018,274.267608594192,0.0,0.4175723464067343,13.90728281231483,100.49087101885983,292.0675869043389,543.2341815738793,1227.8347446732214,3595.192692157487
hex40k_base,sensitivity_ge_25pct,2020,2025,2020_2025,1,nat_tmp_density_per_10kha,13759,13759,491732455.553085,491732455.553085,1.0,13.863350988487495,78.10254799992993,0.0,0.0,0.0,0.02200155404801461,3.233509589429092,17.374354127532627,298.94752265127136,2566.220007872947
hex40k_base,sensitivity_ge_25pct,2020,2025,2020_2025,1,net_cr_balance_density_per_10kha,13759,13759,491732455.553085,491732455.553085,1.0,-161.48056584148478,298.81447611112867,-3594.83955664934,-519.7274259994617,-264.6437959494013,-67.74508003534255,-0.9543348112548873,23.99143711908359,458.79655976486987,1695.4534003251922
hex40k_base,sensitivity_ge_25pct,2020,2025,2020_2025,1,cr_balance_index,13759,11930,491732455.553085,450296754.2338489,0.9157352726034108,-0.6708104753944347,0.5555550731499656,-1.0,-1.0,-1.0,-0.9874304264545068,-0.5876915187377227,0.36848751249939987,0.9443332593594468,1.0
hex40k_base,sensitivity_ge_25pct,2020,2025,2020_2025,1,consolidation_rate_initial_pasture,13759,11614,491732455.553085,440977155.63285244,0.8967826928097625,0.03441907093236106,0.09724393395239382,0.0,0.0,0.0,0.000762711106772743,0.01788319835265661,0.09157782846500659,0.5167572441707022,1.0
hex40k_base,sensitivity_ge_25pct,2020,2025,2020_2025,1,replenishment_rate_initial_native,13759,13740,491732455.553085,491449876.4714249,0.9994253397788391,0.03936287133302852,0.04979853064971305,0.0,4.7450175997785974e-05,0.002692882008377401,0.022355588533210475,0.05698101586855671,0.10165365940493507,0.22102736000035747,0.5671920891741643
hex40k_base,sensitivity_ge_25pct,2020,2025,2020_2025,1,nat_tmp_intensity_initial_native,13759,13740,491732455.553085,491449876.4714249,0.9994253397788391,0.002698672507526751,0.013673805050055377,0.0,0.0,0.0,4.663813899502264e-06,0.0007959387920599358,0.004883306872538116,0.052450238665723146,0.567076105639969
hex40k_base,sensitivity_ge_75pct,2020,2025,2020_2025,1,consolidation_density_per_10kha,11160,11160,439803881.53297883,439803881.53297883,1.0,46.81751777138617,124.30686844929961,0.0,0.0,0.0,1.3697890819105456,27.973155457869865,136.06783517868809,636.0216433677809,1712.4420353291127
hex40k_base,sensitivity_ge_75pct,2020,2025,2020_2025,1,replenishment_density_per_10kha,11160,11160,439803881.53297883,439803881.53297883,1.0,223.8676807376963,280.020220050009,0.0,2.8665993913254266,29.193154842878958,127.65740874420388,319.332451496132,572.5278277137561,1265.6647942748925,3595.192692157487
hex40k_base,sensitivity_ge_75pct,2020,2025,2020_2025,1,nat_tmp_density_per_10kha,11160,11160,439803881.53297883,439803881.53297883,1.0,15.425500352671193,82.38018492677043,0.0,0.0,0.0,0.145125292028208,4.069842521409083,21.29210756043626,322.90473960358725,2566.220007872947
hex40k_base,sensitivity_ge_75pct,2020,2025,2020_2025,1,net_cr_balance_density_per_10kha,11160,11160,439803881.53297883,439803881.53297883,1.0,-177.05016296631013,309.05133806578704,-3594.83955664934,-546.1487180698679,-290.1129201822735,-93.735818930304,-4.632690664200288,33.79990299964597,496.2318231678065,1695.4534003251922
hex40k_base,sensitivity_ge_75pct,2020,2025,2020_2025,1,cr_balance_index,11160,10728,439803881.53297883,423924866.7253205,0.9638952372309437,-0.6587159018910059,0.5597968332410126,-1.0,-1.0,-1.0,-0.9812655362785947,-0.5510922149207496,0.3870275588612569,0.9433314338177705,1.0
hex40k_base,sensitivity_ge_75pct,2020,2025,2020_2025,1,consolidation_rate_initial_pasture,11160,10560,439803881.53297883,417755305.730175,0.9498672550911752,0.035978231001921455,0.09944289015454076,0.0,0.0,0.0,0.0010588683828680326,0.019928421133375864,0.09733143711272488,0.5333581933228898,1.0
hex40k_base,sensitivity_ge_75pct,2020,2025,2020_2025,1,replenishment_rate_initial_native,11160,11160,439803881.53297883,439803881.53297883,1.0,0.043289684696607426,0.05074868317255061,0.0,0.00042900758436967886,0.006072365370406707,0.02733289738473117,0.061587002571086624,0.1067348038088727,0.2292595877295612,0.5671920891741643
hex40k_base,sensitivity_ge_75pct,2020,2025,2020_2025,1,nat_tmp_intensity_initial_native,11160,11160,439803881.53297883,439803881.53297883,1.0,0.002993399967859988,0.014409716500832476,0.0,0.0,0.0,2.936087485159495e-05,0.001016054882335818,0.005535881212386747,0.05927553181079534,0.567076105639969
