comparison_grid,comparison_effect,support_scope,t0,t1,interval,diagnostic_interval,metric,weighted_ks_distance,weighted_ks_threshold,weighted_ks_pass,canonical_defined_support_fraction,alternative_defined_support_fraction,defined_support_fraction_absolute_difference,defined_support_fraction_threshold,defined_support_fraction_pass,distribution_criterion_pass
hex10k_base,finer_scale_10k,primary_ge_50pct,1985,1990,1985_1990,0,consolidation_density_per_10kha,0.032687225254202645,0.1,True,1.0,1.0,0.0,0.05,True,True
hex10k_base,finer_scale_10k,primary_ge_50pct,1985,1990,1985_1990,0,replenishment_density_per_10kha,0.04954339138305097,0.1,True,1.0,1.0,0.0,0.05,True,True
hex10k_base,finer_scale_10k,primary_ge_50pct,1985,1990,1985_1990,0,nat_tmp_density_per_10kha,0.04470088566785524,0.1,True,1.0,1.0,0.0,0.05,True,True
hex10k_base,finer_scale_10k,primary_ge_50pct,1985,1990,1985_1990,0,net_cr_balance_density_per_10kha,0.05134719484595007,0.1,True,1.0,1.0,0.0,0.05,True,True
hex10k_base,finer_scale_10k,primary_ge_50pct,1985,1990,1985_1990,0,cr_balance_index,0.028643345798803344,0.1,True,0.7081843376977046,0.6589450463464478,0.04923929135125682,0.05,True,True
hex10k_base,finer_scale_10k,primary_ge_50pct,1985,1990,1985_1990,0,consolidation_rate_initial_pasture,0.028679893939022594,0.1,True,0.6597693692532077,0.6092323127064049,0.05053705654680285,0.05,False,False
hex10k_base,finer_scale_10k,primary_ge_50pct,1985,1990,1985_1990,0,replenishment_rate_initial_native,0.048118062713798426,0.1,True,0.9998392869263782,0.9976385599594245,0.0022007269669537255,0.05,True,True
hex10k_base,finer_scale_10k,primary_ge_50pct,1985,1990,1985_1990,0,nat_tmp_intensity_initial_native,0.04431861350980326,0.1,True,0.9998392869263782,0.9976385599594245,0.0022007269669537255,0.05,True,True
hex10k_base,finer_scale_10k,sensitivity_ge_25pct,1985,1990,1985_1990,0,consolidation_density_per_10kha,0.035286653557338066,0.1,True,1.0,1.0,0.0,0.05,True,True
hex10k_base,finer_scale_10k,sensitivity_ge_25pct,1985,1990,1985_1990,0,replenishment_density_per_10kha,0.060618885929057065,0.1,True,1.0,1.0,0.0,0.05,True,True
hex10k_base,finer_scale_10k,sensitivity_ge_25pct,1985,1990,1985_1990,0,nat_tmp_density_per_10kha,0.04785153478596471,0.1,True,1.0,1.0,0.0,0.05,True,True
hex10k_base,finer_scale_10k,sensitivity_ge_25pct,1985,1990,1985_1990,0,net_cr_balance_density_per_10kha,0.06231342187217803,0.1,True,1.0,1.0,0.0,0.05,True,True
hex10k_base,finer_scale_10k,sensitivity_ge_25pct,1985,1990,1985_1990,0,cr_balance_index,0.028380247305138995,0.1,True,0.7081843376977046,0.6479060577051707,0.06027827999253388,0.05,False,False
hex10k_base,finer_scale_10k,sensitivity_ge_25pct,1985,1990,1985_1990,0,consolidation_rate_initial_pasture,0.028475037287889693,0.1,True,0.6597693692532077,0.5992016485749648,0.0605677206782429,0.05,False,False
hex10k_base,finer_scale_10k,sensitivity_ge_25pct,1985,1990,1985_1990,0,replenishment_rate_initial_native,0.058655572537562595,0.1,True,0.9998392869263782,0.9967692631866644,0.0030700237397138785,0.05,True,True
hex10k_base,finer_scale_10k,sensitivity_ge_25pct,1985,1990,1985_1990,0,nat_tmp_intensity_initial_native,0.047325163375179224,0.1,True,0.9998392869263782,0.9967692631866644,0.0030700237397138785,0.05,True,True
hex10k_base,finer_scale_10k,sensitivity_ge_75pct,1985,1990,1985_1990,0,consolidation_density_per_10kha,0.028219701281666842,0.1,True,1.0,1.0,0.0,0.05,True,True
hex10k_base,finer_scale_10k,sensitivity_ge_75pct,1985,1990,1985_1990,0,replenishment_density_per_10kha,0.03162058949162533,0.1,True,1.0,1.0,0.0,0.05,True,True
hex10k_base,finer_scale_10k,sensitivity_ge_75pct,1985,1990,1985_1990,0,nat_tmp_density_per_10kha,0.03958533872304948,0.1,True,1.0,1.0,0.0,0.05,True,True
hex10k_base,finer_scale_10k,sensitivity_ge_75pct,1985,1990,1985_1990,0,net_cr_balance_density_per_10kha,0.03371025857420795,0.1,True,1.0,1.0,0.0,0.05,True,True
hex10k_base,finer_scale_10k,sensitivity_ge_75pct,1985,1990,1985_1990,0,cr_balance_index,0.02869495109669984,0.1,True,0.7081843376977046,0.6768893469542714,0.031294990743433226,0.05,True,True
hex10k_base,finer_scale_10k,sensitivity_ge_75pct,1985,1990,1985_1990,0,consolidation_rate_initial_pasture,0.028817626892803982,0.1,True,0.6597693692532077,0.6260115182168369,0.033757851036370856,0.05,True,True
hex10k_base,finer_scale_10k,sensitivity_ge_75pct,1985,1990,1985_1990,0,replenishment_rate_initial_native,0.030800422840315755,0.1,True,0.9998392869263782,0.9985962090866433,0.001243077839734985,0.05,True,True
hex10k_base,finer_scale_10k,sensitivity_ge_75pct,1985,1990,1985_1990,0,nat_tmp_intensity_initial_native,0.03936555912600925,0.1,True,0.9998392869263782,0.9985962090866433,0.001243077839734985,0.05,True,True
hex10k_base,finer_scale_10k,primary_ge_50pct,1990,1995,1990_1995,0,consolidation_density_per_10kha,0.04034169731885073,0.1,True,1.0,1.0,0.0,0.05,True,True
hex10k_base,finer_scale_10k,primary_ge_50pct,1990,1995,1990_1995,0,replenishment_density_per_10kha,0.04867893640802001,0.1,True,1.0,1.0,0.0,0.05,True,True
hex10k_base,finer_scale_10k,primary_ge_50pct,1990,1995,1990_1995,0,nat_tmp_density_per_10kha,0.0492206140665562,0.1,True,1.0,1.0,0.0,0.05,True,True
hex10k_base,finer_scale_10k,primary_ge_50pct,1990,1995,1990_1995,0,net_cr_balance_density_per_10kha,0.04900109959769616,0.1,True,1.0,1.0,0.0,0.05,True,True
hex10k_base,finer_scale_10k,primary_ge_50pct,1990,1995,1990_1995,0,cr_balance_index,0.03398760874428863,0.1,True,0.7518582364183602,0.7039295457549549,0.04792869066340533,0.05,True,True
hex10k_base,finer_scale_10k,primary_ge_50pct,1990,1995,1990_1995,0,consolidation_rate_initial_pasture,0.03417876699130007,0.1,True,0.7180280258920672,0.6693903331971223,0.04863769269494489,0.05,True,True
hex10k_base,finer_scale_10k,primary_ge_50pct,1990,1995,1990_1995,0,replenishment_rate_initial_native,0.047090877415544435,0.1,True,0.999799107744905,0.9975584964258536,0.0022406113190514,0.05,True,True
hex10k_base,finer_scale_10k,primary_ge_50pct,1990,1995,1990_1995,0,nat_tmp_intensity_initial_native,0.04869784118338727,0.1,True,0.999799107744905,0.9975584964258536,0.0022406113190514,0.05,True,True
hex10k_base,finer_scale_10k,sensitivity_ge_25pct,1990,1995,1990_1995,0,consolidation_density_per_10kha,0.04393539303028693,0.1,True,1.0,1.0,0.0,0.05,True,True
hex10k_base,finer_scale_10k,sensitivity_ge_25pct,1990,1995,1990_1995,0,replenishment_density_per_10kha,0.06041264444845207,0.1,True,1.0,1.0,0.0,0.05,True,True
hex10k_base,finer_scale_10k,sensitivity_ge_25pct,1990,1995,1990_1995,0,nat_tmp_density_per_10kha,0.05273404186029962,0.1,True,1.0,1.0,0.0,0.05,True,True
hex10k_base,finer_scale_10k,sensitivity_ge_25pct,1990,1995,1990_1995,0,net_cr_balance_density_per_10kha,0.060186970216554836,0.1,True,1.0,1.0,0.0,0.05,True,True
hex10k_base,finer_scale_10k,sensitivity_ge_25pct,1990,1995,1990_1995,0,cr_balance_index,0.033958600893515434,0.1,True,0.7518582364183602,0.692185069662145,0.05967316675621526,0.05,False,False
hex10k_base,finer_scale_10k,sensitivity_ge_25pct,1990,1995,1990_1995,0,consolidation_rate_initial_pasture,0.03413000962187174,0.1,True,0.7180280258920672,0.6581847524616004,0.059843273430466803,0.05,False,False
hex10k_base,finer_scale_10k,sensitivity_ge_25pct,1990,1995,1990_1995,0,replenishment_rate_initial_native,0.05825549889046963,0.1,True,0.999799107744905,0.9966968470996886,0.003102260645216348,0.05,True,True
hex10k_base,finer_scale_10k,sensitivity_ge_25pct,1990,1995,1990_1995,0,nat_tmp_intensity_initial_native,0.0520549745376343,0.1,True,0.999799107744905,0.9966968470996886,0.003102260645216348,0.05,True,True
hex10k_base,finer_scale_10k,sensitivity_ge_75pct,1990,1995,1990_1995,0,consolidation_density_per_10kha,0.034327739163590554,0.1,True,1.0,1.0,0.0,0.05,True,True
hex10k_base,finer_scale_10k,sensitivity_ge_75pct,1990,1995,1990_1995,0,replenishment_density_per_10kha,0.029746284586410487,0.1,True,1.0,1.0,0.0,0.05,True,True
hex10k_base,finer_scale_10k,sensitivity_ge_75pct,1990,1995,1990_1995,0,nat_tmp_density_per_10kha,0.04351907517575526,0.1,True,1.0,1.0,0.0,0.05,True,True
hex10k_base,finer_scale_10k,sensitivity_ge_75pct,1990,1995,1990_1995,0,net_cr_balance_density_per_10kha,0.03108131389647273,0.1,True,1.0,1.0,0.0,0.05,True,True
hex10k_base,finer_scale_10k,sensitivity_ge_75pct,1990,1995,1990_1995,0,cr_balance_index,0.03375454372811415,0.1,True,0.7518582364183602,0.722926849820775,0.028931386597585207,0.05,True,True
hex10k_base,finer_scale_10k,sensitivity_ge_75pct,1990,1995,1990_1995,0,consolidation_rate_initial_pasture,0.033929029646601716,0.1,True,0.7180280258920672,0.687446078627638,0.0305819472644292,0.05,True,True
hex10k_base,finer_scale_10k,sensitivity_ge_75pct,1990,1995,1990_1995,0,replenishment_rate_initial_native,0.028802387238771404,0.1,True,0.999799107744905,0.9985134431135853,0.0012856646313197384,0.05,True,True
hex10k_base,finer_scale_10k,sensitivity_ge_75pct,1990,1995,1990_1995,0,nat_tmp_intensity_initial_native,0.04317130467682484,0.1,True,0.999799107744905,0.9985134431135853,0.0012856646313197384,0.05,True,True
hex10k_base,finer_scale_10k,primary_ge_50pct,1995,2000,1995_2000,0,consolidation_density_per_10kha,0.046985733096671756,0.1,True,1.0,1.0,0.0,0.05,True,True
hex10k_base,finer_scale_10k,primary_ge_50pct,1995,2000,1995_2000,0,replenishment_density_per_10kha,0.04560909280515554,0.1,True,1.0,1.0,0.0,0.05,True,True
hex10k_base,finer_scale_10k,primary_ge_50pct,1995,2000,1995_2000,0,nat_tmp_density_per_10kha,0.057274449200402144,0.1,True,1.0,1.0,0.0,0.05,True,True
hex10k_base,finer_scale_10k,primary_ge_50pct,1995,2000,1995_2000,0,net_cr_balance_density_per_10kha,0.043808199202123976,0.1,True,1.0,1.0,0.0,0.05,True,True
hex10k_base,finer_scale_10k,primary_ge_50pct,1995,2000,1995_2000,0,cr_balance_index,0.03960394354804064,0.1,True,0.7815902664304593,0.7367273320879502,0.0448629343425091,0.05,True,True
hex10k_base,finer_scale_10k,primary_ge_50pct,1995,2000,1995_2000,0,consolidation_rate_initial_pasture,0.03860343553298462,0.1,True,0.76134033251495,0.7136489983791229,0.04769133413582716,0.05,True,True
hex10k_base,finer_scale_10k,primary_ge_50pct,1995,2000,1995_2000,0,replenishment_rate_initial_native,0.043989712470215714,0.1,True,0.9998392869070575,0.997605590155745,0.002233696751312464,0.05,True,True
hex10k_base,finer_scale_10k,primary_ge_50pct,1995,2000,1995_2000,0,nat_tmp_intensity_initial_native,0.056778673105671196,0.1,True,0.9998392869070575,0.997605590155745,0.002233696751312464,0.05,True,True
hex10k_base,finer_scale_10k,sensitivity_ge_25pct,1995,2000,1995_2000,0,consolidation_density_per_10kha,0.05141929569617354,0.1,True,1.0,1.0,0.0,0.05,True,True
hex10k_base,finer_scale_10k,sensitivity_ge_25pct,1995,2000,1995_2000,0,replenishment_density_per_10kha,0.057877240025971693,0.1,True,1.0,1.0,0.0,0.05,True,True
hex10k_base,finer_scale_10k,sensitivity_ge_25pct,1995,2000,1995_2000,0,nat_tmp_density_per_10kha,0.06130950756833453,0.1,True,1.0,1.0,0.0,0.05,True,True
hex10k_base,finer_scale_10k,sensitivity_ge_25pct,1995,2000,1995_2000,0,net_cr_balance_density_per_10kha,0.055156699799922326,0.1,True,1.0,1.0,0.0,0.05,True,True
hex10k_base,finer_scale_10k,sensitivity_ge_25pct,1995,2000,1995_2000,0,cr_balance_index,0.0396955544189691,0.1,True,0.7815902664304593,0.724455154038514,0.05713511239194524,0.05,False,False
hex10k_base,finer_scale_10k,sensitivity_ge_25pct,1995,2000,1995_2000,0,consolidation_rate_initial_pasture,0.038701338802496266,0.1,True,0.76134033251495,0.701766753152825,0.05957357936212504,0.05,False,False
hex10k_base,finer_scale_10k,sensitivity_ge_25pct,1995,2000,1995_2000,0,replenishment_rate_initial_native,0.05565742692123571,0.1,True,0.9998392869070575,0.9967355680425909,0.003103718864466587,0.05,True,True
hex10k_base,finer_scale_10k,sensitivity_ge_25pct,1995,2000,1995_2000,0,nat_tmp_intensity_initial_native,0.06063489755866236,0.1,True,0.9998392869070575,0.9967355680425909,0.003103718864466587,0.05,True,True
hex10k_base,finer_scale_10k,sensitivity_ge_75pct,1995,2000,1995_2000,0,consolidation_density_per_10kha,0.03949389868705688,0.1,True,1.0,1.0,0.0,0.05,True,True
hex10k_base,finer_scale_10k,sensitivity_ge_75pct,1995,2000,1995_2000,0,replenishment_density_per_10kha,0.026179778539670184,0.1,True,1.0,1.0,0.0,0.05,True,True
hex10k_base,finer_scale_10k,sensitivity_ge_75pct,1995,2000,1995_2000,0,nat_tmp_density_per_10kha,0.05068946305892108,0.1,True,1.0,1.0,0.0,0.05,True,True
hex10k_base,finer_scale_10k,sensitivity_ge_75pct,1995,2000,1995_2000,0,net_cr_balance_density_per_10kha,0.025963278379346866,0.1,True,1.0,1.0,0.0,0.05,True,True
hex10k_base,finer_scale_10k,sensitivity_ge_75pct,1995,2000,1995_2000,0,cr_balance_index,0.038863325769694645,0.1,True,0.7815902664304593,0.7562064125252435,0.025383853905215803,0.05,True,True
hex10k_base,finer_scale_10k,sensitivity_ge_75pct,1995,2000,1995_2000,0,consolidation_rate_initial_pasture,0.037929963943177825,0.1,True,0.76134033251495,0.7327007308660268,0.028639601648923207,0.05,True,True
hex10k_base,finer_scale_10k,sensitivity_ge_75pct,1995,2000,1995_2000,0,replenishment_rate_initial_native,0.025245983593625787,0.1,True,0.9998392869070575,0.9985775847456212,0.0012617021614362844,0.05,True,True
hex10k_base,finer_scale_10k,sensitivity_ge_75pct,1995,2000,1995_2000,0,nat_tmp_intensity_initial_native,0.05039666593817271,0.1,True,0.9998392869070575,0.9985775847456212,0.0012617021614362844,0.05,True,True
hex10k_base,finer_scale_10k,primary_ge_50pct,2000,2005,2000_2005,0,consolidation_density_per_10kha,0.05490868903155888,0.1,True,1.0,1.0,0.0,0.05,True,True
hex10k_base,finer_scale_10k,primary_ge_50pct,2000,2005,2000_2005,0,replenishment_density_per_10kha,0.0422068668004941,0.1,True,1.0,1.0,0.0,0.05,True,True
hex10k_base,finer_scale_10k,primary_ge_50pct,2000,2005,2000_2005,0,nat_tmp_density_per_10kha,0.06437294252382364,0.1,True,1.0,1.0,0.0,0.05,True,True
hex10k_base,finer_scale_10k,primary_ge_50pct,2000,2005,2000_2005,0,net_cr_balance_density_per_10kha,0.04070859607912525,0.1,True,1.0,1.0,0.0,0.05,True,True
hex10k_base,finer_scale_10k,primary_ge_50pct,2000,2005,2000_2005,0,cr_balance_index,0.04741235473205163,0.1,True,0.8193981182471219,0.7783315134797077,0.041066604767414194,0.05,True,True
hex10k_base,finer_scale_10k,primary_ge_50pct,2000,2005,2000_2005,0,consolidation_rate_initial_pasture,0.046683938448494944,0.1,True,0.7893045193621026,0.7448635908492636,0.044440928512838984,0.05,True,True
hex10k_base,finer_scale_10k,primary_ge_50pct,2000,2005,2000_2005,0,replenishment_rate_initial_native,0.04046719381830391,0.1,True,0.9998794660885308,0.9976361426961917,0.002243323392339125,0.05,True,True
hex10k_base,finer_scale_10k,primary_ge_50pct,2000,2005,2000_2005,0,nat_tmp_intensity_initial_native,0.06375766321108545,0.1,True,0.9998794660885308,0.9976361426961917,0.002243323392339125,0.05,True,True
hex10k_base,finer_scale_10k,sensitivity_ge_25pct,2000,2005,2000_2005,0,consolidation_density_per_10kha,0.060258763494528744,0.1,True,1.0,1.0,0.0,0.05,True,True
hex10k_base,finer_scale_10k,sensitivity_ge_25pct,2000,2005,2000_2005,0,replenishment_density_per_10kha,0.05516116928669901,0.1,True,1.0,1.0,0.0,0.05,True,True
hex10k_base,finer_scale_10k,sensitivity_ge_25pct,2000,2005,2000_2005,0,nat_tmp_density_per_10kha,0.06929559814767261,0.1,True,1.0,1.0,0.0,0.05,True,True
hex10k_base,finer_scale_10k,sensitivity_ge_25pct,2000,2005,2000_2005,0,net_cr_balance_density_per_10kha,0.052039205846300174,0.1,True,1.0,1.0,0.0,0.05,True,True
hex10k_base,finer_scale_10k,sensitivity_ge_25pct,2000,2005,2000_2005,0,cr_balance_index,0.047784101823937886,0.1,True,0.8193981182471219,0.7653778050204523,0.05402031322666967,0.05,False,False
hex10k_base,finer_scale_10k,sensitivity_ge_25pct,2000,2005,2000_2005,0,consolidation_rate_initial_pasture,0.04710047428212405,0.1,True,0.7893045193621026,0.7325192553346501,0.05678526402745243,0.05,False,False
hex10k_base,finer_scale_10k,sensitivity_ge_25pct,2000,2005,2000_2005,0,replenishment_rate_initial_native,0.05278426522215976,0.1,True,0.9998794660885308,0.9967654952564792,0.0031139708320516712,0.05,True,True
hex10k_base,finer_scale_10k,sensitivity_ge_25pct,2000,2005,2000_2005,0,nat_tmp_intensity_initial_native,0.06846220993840191,0.1,True,0.9998794660885308,0.9967654952564792,0.0031139708320516712,0.05,True,True
hex10k_base,finer_scale_10k,sensitivity_ge_75pct,2000,2005,2000_2005,0,consolidation_density_per_10kha,0.046023656042751715,0.1,True,1.0,1.0,0.0,0.05,True,True
hex10k_base,finer_scale_10k,sensitivity_ge_75pct,2000,2005,2000_2005,0,replenishment_density_per_10kha,0.021805976342390343,0.1,True,1.0,1.0,0.0,0.05,True,True
hex10k_base,finer_scale_10k,sensitivity_ge_75pct,2000,2005,2000_2005,0,nat_tmp_density_per_10kha,0.05636586314126846,0.1,True,1.0,1.0,0.0,0.05,True,True
hex10k_base,finer_scale_10k,sensitivity_ge_75pct,2000,2005,2000_2005,0,net_cr_balance_density_per_10kha,0.023039449673949663,0.1,True,1.0,1.0,0.0,0.05,True,True
hex10k_base,finer_scale_10k,sensitivity_ge_75pct,2000,2005,2000_2005,0,cr_balance_index,0.0462802806234468,0.1,True,0.8193981182471219,0.7987401575319673,0.02065796071515469,0.05,True,True
hex10k_base,finer_scale_10k,sensitivity_ge_75pct,2000,2005,2000_2005,0,consolidation_rate_initial_pasture,0.04550004270883634,0.1,True,0.7893045193621026,0.7643890838062244,0.024915435555878163,0.05,True,True
hex10k_base,finer_scale_10k,sensitivity_ge_75pct,2000,2005,2000_2005,0,replenishment_rate_initial_native,0.02080700197573232,0.1,True,0.9998794660885308,0.9986234111572753,0.001256054931255579,0.05,True,True
hex10k_base,finer_scale_10k,sensitivity_ge_75pct,2000,2005,2000_2005,0,nat_tmp_intensity_initial_native,0.05600427167051303,0.1,True,0.9998794660885308,0.9986234111572753,0.001256054931255579,0.05,True,True
hex10k_base,finer_scale_10k,primary_ge_50pct,2005,2010,2005_2010,0,consolidation_density_per_10kha,0.05266846650278134,0.1,True,1.0,1.0,0.0,0.05,True,True
hex10k_base,finer_scale_10k,primary_ge_50pct,2005,2010,2005_2010,0,replenishment_density_per_10kha,0.04340278064724201,0.1,True,1.0,1.0,0.0,0.05,True,True
hex10k_base,finer_scale_10k,primary_ge_50pct,2005,2010,2005_2010,0,nat_tmp_density_per_10kha,0.06838744488078374,0.1,True,1.0,1.0,0.0,0.05,True,True
hex10k_base,finer_scale_10k,primary_ge_50pct,2005,2010,2005_2010,0,net_cr_balance_density_per_10kha,0.04026405397825905,0.1,True,1.0,1.0,0.0,0.05,True,True
hex10k_base,finer_scale_10k,primary_ge_50pct,2005,2010,2005_2010,0,cr_balance_index,0.04046362191810521,0.1,True,0.8293623506459945,0.7884933346289347,0.040869016017059834,0.05,True,True
hex10k_base,finer_scale_10k,primary_ge_50pct,2005,2010,2005_2010,0,consolidation_rate_initial_pasture,0.040761512480728124,0.1,True,0.826348970383366,0.7858438900607714,0.04050508032259459,0.05,True,True
hex10k_base,finer_scale_10k,primary_ge_50pct,2005,2010,2005_2010,0,replenishment_rate_initial_native,0.0416970438357743,0.1,True,0.9998392869070575,0.9976085550397155,0.0022307318673420173,0.05,True,True
hex10k_base,finer_scale_10k,primary_ge_50pct,2005,2010,2005_2010,0,nat_tmp_intensity_initial_native,0.06774202951266783,0.1,True,0.9998392869070575,0.9976085550397155,0.0022307318673420173,0.05,True,True
hex10k_base,finer_scale_10k,sensitivity_ge_25pct,2005,2010,2005_2010,0,consolidation_density_per_10kha,0.059150630755453126,0.1,True,1.0,1.0,0.0,0.05,True,True
hex10k_base,finer_scale_10k,sensitivity_ge_25pct,2005,2010,2005_2010,0,replenishment_density_per_10kha,0.05640029121286469,0.1,True,1.0,1.0,0.0,0.05,True,True
hex10k_base,finer_scale_10k,sensitivity_ge_25pct,2005,2010,2005_2010,0,nat_tmp_density_per_10kha,0.073583870682005,0.1,True,1.0,1.0,0.0,0.05,True,True
hex10k_base,finer_scale_10k,sensitivity_ge_25pct,2005,2010,2005_2010,0,net_cr_balance_density_per_10kha,0.0510408128845784,0.1,True,1.0,1.0,0.0,0.05,True,True
hex10k_base,finer_scale_10k,sensitivity_ge_25pct,2005,2010,2005_2010,0,cr_balance_index,0.04095526248102871,0.1,True,0.8293623506459945,0.7754454133955773,0.05391693725041724,0.05,False,False
hex10k_base,finer_scale_10k,sensitivity_ge_25pct,2005,2010,2005_2010,0,consolidation_rate_initial_pasture,0.04127255334240976,0.1,True,0.826348970383366,0.7728698603688734,0.05347911001449257,0.05,False,False
hex10k_base,finer_scale_10k,sensitivity_ge_25pct,2005,2010,2005_2010,0,replenishment_rate_initial_native,0.05404684287274997,0.1,True,0.9998392869070575,0.9967327904778032,0.003106496429254313,0.05,True,True
hex10k_base,finer_scale_10k,sensitivity_ge_25pct,2005,2010,2005_2010,0,nat_tmp_intensity_initial_native,0.07270666619525334,0.1,True,0.9998392869070575,0.9967327904778032,0.003106496429254313,0.05,True,True
hex10k_base,finer_scale_10k,sensitivity_ge_75pct,2005,2010,2005_2010,0,consolidation_density_per_10kha,0.04185225187026398,0.1,True,1.0,1.0,0.0,0.05,True,True
hex10k_base,finer_scale_10k,sensitivity_ge_75pct,2005,2010,2005_2010,0,replenishment_density_per_10kha,0.022817032207033766,0.1,True,1.0,1.0,0.0,0.05,True,True
hex10k_base,finer_scale_10k,sensitivity_ge_75pct,2005,2010,2005_2010,0,nat_tmp_density_per_10kha,0.059967446008372116,0.1,True,1.0,1.0,0.0,0.05,True,True
hex10k_base,finer_scale_10k,sensitivity_ge_75pct,2005,2010,2005_2010,0,net_cr_balance_density_per_10kha,0.023477423078146598,0.1,True,1.0,1.0,0.0,0.05,True,True
hex10k_base,finer_scale_10k,sensitivity_ge_75pct,2005,2010,2005_2010,0,cr_balance_index,0.03902492609955871,0.1,True,0.8293623506459945,0.8091361135274489,0.020226237118545654,0.05,True,True
hex10k_base,finer_scale_10k,sensitivity_ge_75pct,2005,2010,2005_2010,0,consolidation_rate_initial_pasture,0.03916081105997793,0.1,True,0.826348970383366,0.8061700816681159,0.020178888715250087,0.05,True,True
hex10k_base,finer_scale_10k,sensitivity_ge_75pct,2005,2010,2005_2010,0,replenishment_rate_initial_native,0.021846865507662766,0.1,True,0.9998392869070575,0.9985806497053588,0.0012586372016987202,0.05,True,True
hex10k_base,finer_scale_10k,sensitivity_ge_75pct,2005,2010,2005_2010,0,nat_tmp_intensity_initial_native,0.059584641438691466,0.1,True,0.9998392869070575,0.9985806497053588,0.0012586372016987202,0.05,True,True
hex10k_base,finer_scale_10k,primary_ge_50pct,2010,2015,2010_2015,0,consolidation_density_per_10kha,0.05253833525578744,0.1,True,1.0,1.0,0.0,0.05,True,True
hex10k_base,finer_scale_10k,primary_ge_50pct,2010,2015,2010_2015,0,replenishment_density_per_10kha,0.04621666069343211,0.1,True,1.0,1.0,0.0,0.05,True,True
hex10k_base,finer_scale_10k,primary_ge_50pct,2010,2015,2010_2015,0,nat_tmp_density_per_10kha,0.07001910202023576,0.1,True,1.0,1.0,0.0,0.05,True,True
hex10k_base,finer_scale_10k,primary_ge_50pct,2010,2015,2010_2015,0,net_cr_balance_density_per_10kha,0.0358826432593935,0.1,True,1.0,1.0,0.0,0.05,True,True
hex10k_base,finer_scale_10k,primary_ge_50pct,2010,2015,2010_2015,0,cr_balance_index,0.03569813816205558,0.1,True,0.8381212338076994,0.7960444797148349,0.04207675409286449,0.05,True,True
hex10k_base,finer_scale_10k,primary_ge_50pct,2010,2015,2010_2015,0,consolidation_rate_initial_pasture,0.036573250905503396,0.1,True,0.8386837467335262,0.7980332292564382,0.04065051747708803,0.05,True,True
hex10k_base,finer_scale_10k,primary_ge_50pct,2010,2015,2010_2015,0,replenishment_rate_initial_native,0.044536243777084844,0.1,True,0.9997589293269804,0.9976237759831194,0.0021351533438610515,0.05,True,True
hex10k_base,finer_scale_10k,primary_ge_50pct,2010,2015,2010_2015,0,nat_tmp_intensity_initial_native,0.06930408335714755,0.1,True,0.9997589293269804,0.9976237759831194,0.0021351533438610515,0.05,True,True
hex10k_base,finer_scale_10k,sensitivity_ge_25pct,2010,2015,2010_2015,0,consolidation_density_per_10kha,0.06013363426855678,0.1,True,1.0,1.0,0.0,0.05,True,True
hex10k_base,finer_scale_10k,sensitivity_ge_25pct,2010,2015,2010_2015,0,replenishment_density_per_10kha,0.05926502753269697,0.1,True,1.0,1.0,0.0,0.05,True,True
hex10k_base,finer_scale_10k,sensitivity_ge_25pct,2010,2015,2010_2015,0,nat_tmp_density_per_10kha,0.07617164620042227,0.1,True,1.0,1.0,0.0,0.05,True,True
hex10k_base,finer_scale_10k,sensitivity_ge_25pct,2010,2015,2010_2015,0,net_cr_balance_density_per_10kha,0.04586845701458642,0.1,True,1.0,1.0,0.0,0.05,True,True
hex10k_base,finer_scale_10k,sensitivity_ge_25pct,2010,2015,2010_2015,0,cr_balance_index,0.03636504527805828,0.1,True,0.8381212338076994,0.7829054761471614,0.05521575766053799,0.05,False,False
hex10k_base,finer_scale_10k,sensitivity_ge_25pct,2010,2015,2010_2015,0,consolidation_rate_initial_pasture,0.037272125679871315,0.1,True,0.8386837467335262,0.7849098300778351,0.05377391665569109,0.05,False,False
hex10k_base,finer_scale_10k,sensitivity_ge_25pct,2010,2015,2010_2015,0,replenishment_rate_initial_native,0.05693236208434341,0.1,True,0.9997589293269804,0.9967476998903156,0.003011229436664764,0.05,True,True
hex10k_base,finer_scale_10k,sensitivity_ge_25pct,2010,2015,2010_2015,0,nat_tmp_intensity_initial_native,0.07517548822267928,0.1,True,0.9997589293269804,0.9967476998903156,0.003011229436664764,0.05,True,True
hex10k_base,finer_scale_10k,sensitivity_ge_75pct,2010,2015,2010_2015,0,consolidation_density_per_10kha,0.0399503841291563,0.1,True,1.0,1.0,0.0,0.05,True,True
hex10k_base,finer_scale_10k,sensitivity_ge_75pct,2010,2015,2010_2015,0,replenishment_density_per_10kha,0.025857152721622645,0.1,True,1.0,1.0,0.0,0.05,True,True
hex10k_base,finer_scale_10k,sensitivity_ge_75pct,2010,2015,2010_2015,0,nat_tmp_density_per_10kha,0.06013349987433414,0.1,True,1.0,1.0,0.0,0.05,True,True
hex10k_base,finer_scale_10k,sensitivity_ge_75pct,2010,2015,2010_2015,0,net_cr_balance_density_per_10kha,0.02074678238669858,0.1,True,1.0,1.0,0.0,0.05,True,True
hex10k_base,finer_scale_10k,sensitivity_ge_75pct,2010,2015,2010_2015,0,cr_balance_index,0.03378643110649632,0.1,True,0.8381212338076994,0.816528303167663,0.021592930640036423,0.05,True,True
hex10k_base,finer_scale_10k,sensitivity_ge_75pct,2010,2015,2010_2015,0,consolidation_rate_initial_pasture,0.03464541325906767,0.1,True,0.8386837467335262,0.8185380439257205,0.0201457028078057,0.05,True,True
hex10k_base,finer_scale_10k,sensitivity_ge_75pct,2010,2015,2010_2015,0,replenishment_rate_initial_native,0.024905062345571355,0.1,True,0.9997589293269804,0.9985809260966227,0.0011780032303576604,0.05,True,True
hex10k_base,finer_scale_10k,sensitivity_ge_75pct,2010,2015,2010_2015,0,nat_tmp_intensity_initial_native,0.05973291830685845,0.1,True,0.9997589293269804,0.9985809260966227,0.0011780032303576604,0.05,True,True
hex10k_base,finer_scale_10k,primary_ge_50pct,2015,2020,2015_2020,0,consolidation_density_per_10kha,0.051152416305386916,0.1,True,1.0,1.0,0.0,0.05,True,True
hex10k_base,finer_scale_10k,primary_ge_50pct,2015,2020,2015_2020,0,replenishment_density_per_10kha,0.04603379129300775,0.1,True,1.0,1.0,0.0,0.05,True,True
hex10k_base,finer_scale_10k,primary_ge_50pct,2015,2020,2015_2020,0,nat_tmp_density_per_10kha,0.06973139779744386,0.1,True,1.0,1.0,0.0,0.05,True,True
hex10k_base,finer_scale_10k,primary_ge_50pct,2015,2020,2015_2020,0,net_cr_balance_density_per_10kha,0.03790144319468569,0.1,True,1.0,1.0,0.0,0.05,True,True
hex10k_base,finer_scale_10k,primary_ge_50pct,2015,2020,2015_2020,0,cr_balance_index,0.03191073902963659,0.1,True,0.8520229548360293,0.8103698095949358,0.04165314524109354,0.05,True,True
hex10k_base,finer_scale_10k,primary_ge_50pct,2015,2020,2015_2020,0,consolidation_rate_initial_pasture,0.03252239185935385,0.1,True,0.8501747575056933,0.8093752062879336,0.04079955121775969,0.05,True,True
hex10k_base,finer_scale_10k,primary_ge_50pct,2015,2020,2015_2020,0,replenishment_rate_initial_native,0.044266024842992774,0.1,True,0.9997991085044662,0.9975909690061261,0.0022081394983400893,0.05,True,True
hex10k_base,finer_scale_10k,primary_ge_50pct,2015,2020,2015_2020,0,nat_tmp_intensity_initial_native,0.06899036073099318,0.1,True,0.9997991085044662,0.9975909690061261,0.0022081394983400893,0.05,True,True
hex10k_base,finer_scale_10k,sensitivity_ge_25pct,2015,2020,2015_2020,0,consolidation_density_per_10kha,0.05947037659146004,0.1,True,1.0,1.0,0.0,0.05,True,True
hex10k_base,finer_scale_10k,sensitivity_ge_25pct,2015,2020,2015_2020,0,replenishment_density_per_10kha,0.05930238982862743,0.1,True,1.0,1.0,0.0,0.05,True,True
hex10k_base,finer_scale_10k,sensitivity_ge_25pct,2015,2020,2015_2020,0,nat_tmp_density_per_10kha,0.07624690318781824,0.1,True,1.0,1.0,0.0,0.05,True,True
hex10k_base,finer_scale_10k,sensitivity_ge_25pct,2015,2020,2015_2020,0,net_cr_balance_density_per_10kha,0.04797289528984372,0.1,True,1.0,1.0,0.0,0.05,True,True
hex10k_base,finer_scale_10k,sensitivity_ge_25pct,2015,2020,2015_2020,0,cr_balance_index,0.03271082554791205,0.1,True,0.8520229548360293,0.7969757453936801,0.0550472094423492,0.05,False,False
hex10k_base,finer_scale_10k,sensitivity_ge_25pct,2015,2020,2015_2020,0,consolidation_rate_initial_pasture,0.033454674559357245,0.1,True,0.8501747575056933,0.7961796725692749,0.05399508493641836,0.05,False,False
hex10k_base,finer_scale_10k,sensitivity_ge_25pct,2015,2020,2015_2020,0,replenishment_rate_initial_native,0.056871756085487,0.1,True,0.9997991085044662,0.9967155643820035,0.0030835441224627003,0.05,True,True
hex10k_base,finer_scale_10k,sensitivity_ge_25pct,2015,2020,2015_2020,0,nat_tmp_intensity_initial_native,0.07520977325912581,0.1,True,0.9997991085044662,0.9967155643820035,0.0030835441224627003,0.05,True,True
hex10k_base,finer_scale_10k,sensitivity_ge_75pct,2015,2020,2015_2020,0,consolidation_density_per_10kha,0.03733792389725621,0.1,True,1.0,1.0,0.0,0.05,True,True
hex10k_base,finer_scale_10k,sensitivity_ge_75pct,2015,2020,2015_2020,0,replenishment_density_per_10kha,0.025619147053152463,0.1,True,1.0,1.0,0.0,0.05,True,True
hex10k_base,finer_scale_10k,sensitivity_ge_75pct,2015,2020,2015_2020,0,nat_tmp_density_per_10kha,0.05920788152442402,0.1,True,1.0,1.0,0.0,0.05,True,True
hex10k_base,finer_scale_10k,sensitivity_ge_75pct,2015,2020,2015_2020,0,net_cr_balance_density_per_10kha,0.022869804681177497,0.1,True,1.0,1.0,0.0,0.05,True,True
hex10k_base,finer_scale_10k,sensitivity_ge_75pct,2015,2020,2015_2020,0,cr_balance_index,0.029503515024786486,0.1,True,0.8520229548360293,0.8309467195731647,0.021076235262864618,0.05,True,True
hex10k_base,finer_scale_10k,sensitivity_ge_75pct,2015,2020,2015_2020,0,consolidation_rate_initial_pasture,0.02998490978991275,0.1,True,0.8501747575056933,0.829743777681891,0.020430979823802264,0.05,True,True
hex10k_base,finer_scale_10k,sensitivity_ge_75pct,2015,2020,2015_2020,0,replenishment_rate_initial_native,0.024604695189705345,0.1,True,0.9997991085044662,0.9985624700782882,0.0012366384261779384,0.05,True,True
hex10k_base,finer_scale_10k,sensitivity_ge_75pct,2015,2020,2015_2020,0,nat_tmp_intensity_initial_native,0.05880392352833652,0.1,True,0.9997991085044662,0.9985624700782882,0.0012366384261779384,0.05,True,True
hex10k_base,finer_scale_10k,primary_ge_50pct,2020,2025,2020_2025,1,consolidation_density_per_10kha,0.05801195964769845,0.1,True,1.0,1.0,0.0,0.05,True,True
hex10k_base,finer_scale_10k,primary_ge_50pct,2020,2025,2020_2025,1,replenishment_density_per_10kha,0.05068265736055892,0.1,True,1.0,1.0,0.0,0.05,True,True
hex10k_base,finer_scale_10k,primary_ge_50pct,2020,2025,2020_2025,1,nat_tmp_density_per_10kha,0.06688414438458423,0.1,True,1.0,1.0,0.0,0.05,True,True
hex10k_base,finer_scale_10k,primary_ge_50pct,2020,2025,2020_2025,1,net_cr_balance_density_per_10kha,0.048524389801160805,0.1,True,1.0,1.0,0.0,0.05,True,True
hex10k_base,finer_scale_10k,primary_ge_50pct,2020,2025,2020_2025,1,cr_balance_index,0.037379676968138875,0.1,True,0.8859335258169083,0.8390180716324056,0.046915454184502714,0.05,True,True
hex10k_base,finer_scale_10k,primary_ge_50pct,2020,2025,2020_2025,1,consolidation_rate_initial_pasture,0.04030498884583522,0.1,True,0.8637550528901727,0.820971162645708,0.04278389024446472,0.05,True,True
hex10k_base,finer_scale_10k,primary_ge_50pct,2020,2025,2020_2025,1,replenishment_rate_initial_native,0.04883073152324707,0.1,True,0.9997991085044662,0.9975702867001283,0.0022288218043379215,0.05,True,True
hex10k_base,finer_scale_10k,primary_ge_50pct,2020,2025,2020_2025,1,nat_tmp_intensity_initial_native,0.06595897482801683,0.1,True,0.9997991085044662,0.9975702867001283,0.0022288218043379215,0.05,True,True
hex10k_base,finer_scale_10k,sensitivity_ge_25pct,2020,2025,2020_2025,1,consolidation_density_per_10kha,0.06589973688727002,0.1,True,1.0,1.0,0.0,0.05,True,True
hex10k_base,finer_scale_10k,sensitivity_ge_25pct,2020,2025,2020_2025,1,replenishment_density_per_10kha,0.06410302957640841,0.1,True,1.0,1.0,0.0,0.05,True,True
hex10k_base,finer_scale_10k,sensitivity_ge_25pct,2020,2025,2020_2025,1,nat_tmp_density_per_10kha,0.07337844548162786,0.1,True,1.0,1.0,0.0,0.05,True,True
hex10k_base,finer_scale_10k,sensitivity_ge_25pct,2020,2025,2020_2025,1,net_cr_balance_density_per_10kha,0.059782571476140745,0.1,True,1.0,1.0,0.0,0.05,True,True
hex10k_base,finer_scale_10k,sensitivity_ge_25pct,2020,2025,2020_2025,1,cr_balance_index,0.03829419569199538,0.1,True,0.8859335258169083,0.8254886386147007,0.06044488720220764,0.05,False,False
hex10k_base,finer_scale_10k,sensitivity_ge_25pct,2020,2025,2020_2025,1,consolidation_rate_initial_pasture,0.041169180792409776,0.1,True,0.8637550528901727,0.8076284084135902,0.056126644476582555,0.05,False,False
hex10k_base,finer_scale_10k,sensitivity_ge_25pct,2020,2025,2020_2025,1,replenishment_rate_initial_native,0.06156502286882251,0.1,True,0.9997991085044662,0.9966953053859838,0.003103803118482351,0.05,True,True
hex10k_base,finer_scale_10k,sensitivity_ge_25pct,2020,2025,2020_2025,1,nat_tmp_intensity_initial_native,0.07216714694850235,0.1,True,0.9997991085044662,0.9966953053859838,0.003103803118482351,0.05,True,True
hex10k_base,finer_scale_10k,sensitivity_ge_75pct,2020,2025,2020_2025,1,consolidation_density_per_10kha,0.04486594101317021,0.1,True,1.0,1.0,0.0,0.05,True,True
hex10k_base,finer_scale_10k,sensitivity_ge_75pct,2020,2025,2020_2025,1,replenishment_density_per_10kha,0.03037275112368812,0.1,True,1.0,1.0,0.0,0.05,True,True
hex10k_base,finer_scale_10k,sensitivity_ge_75pct,2020,2025,2020_2025,1,nat_tmp_density_per_10kha,0.05623386760037585,0.1,True,1.0,1.0,0.0,0.05,True,True
hex10k_base,finer_scale_10k,sensitivity_ge_75pct,2020,2025,2020_2025,1,net_cr_balance_density_per_10kha,0.03178730442417055,0.1,True,1.0,1.0,0.0,0.05,True,True
hex10k_base,finer_scale_10k,sensitivity_ge_75pct,2020,2025,2020_2025,1,cr_balance_index,0.034643315605217107,0.1,True,0.8859335258169083,0.8594943151905061,0.0264392106264022,0.05,True,True
hex10k_base,finer_scale_10k,sensitivity_ge_75pct,2020,2025,2020_2025,1,consolidation_rate_initial_pasture,0.037702779915870066,0.1,True,0.8637550528901727,0.8413057024164534,0.02244935047371932,0.05,True,True
hex10k_base,finer_scale_10k,sensitivity_ge_75pct,2020,2025,2020_2025,1,replenishment_rate_initial_native,0.02930485426482965,0.1,True,0.9997991085044662,0.9985410896681984,0.0012580188362677491,0.05,True,True
hex10k_base,finer_scale_10k,sensitivity_ge_75pct,2020,2025,2020_2025,1,nat_tmp_intensity_initial_native,0.055628828308249334,0.1,True,0.9997991085044662,0.9985410896681984,0.0012580188362677491,0.05,True,True
hex20k_shift,zoning_shift_20k,primary_ge_50pct,1985,1990,1985_1990,0,consolidation_density_per_10kha,0.00931253969644874,0.1,True,1.0,1.0,0.0,0.05,True,True
hex20k_shift,zoning_shift_20k,primary_ge_50pct,1985,1990,1985_1990,0,replenishment_density_per_10kha,0.029694093804923827,0.1,True,1.0,1.0,0.0,0.05,True,True
hex20k_shift,zoning_shift_20k,primary_ge_50pct,1985,1990,1985_1990,0,nat_tmp_density_per_10kha,0.010312935257404954,0.1,True,1.0,1.0,0.0,0.05,True,True
hex20k_shift,zoning_shift_20k,primary_ge_50pct,1985,1990,1985_1990,0,net_cr_balance_density_per_10kha,0.028914668130673893,0.1,True,1.0,1.0,0.0,0.05,True,True
hex20k_shift,zoning_shift_20k,primary_ge_50pct,1985,1990,1985_1990,0,cr_balance_index,0.004243720001674722,0.1,True,0.7081843376977046,0.7322377121370158,0.024053374439311215,0.05,True,True
hex20k_shift,zoning_shift_20k,primary_ge_50pct,1985,1990,1985_1990,0,consolidation_rate_initial_pasture,0.0038348286749630978,0.1,True,0.6597693692532077,0.6852047959448185,0.025435426691610807,0.05,True,True
hex20k_shift,zoning_shift_20k,primary_ge_50pct,1985,1990,1985_1990,0,replenishment_rate_initial_native,0.029941186213515658,0.1,True,0.9998392869263782,0.9988434305234632,0.0009958564029149963,0.05,True,True
hex20k_shift,zoning_shift_20k,primary_ge_50pct,1985,1990,1985_1990,0,nat_tmp_intensity_initial_native,0.010470703198599218,0.1,True,0.9998392869263782,0.9988434305234632,0.0009958564029149963,0.05,True,True
hex20k_shift,zoning_shift_20k,sensitivity_ge_25pct,1985,1990,1985_1990,0,consolidation_density_per_10kha,0.0023547739582955307,0.1,True,1.0,1.0,0.0,0.05,True,True
hex20k_shift,zoning_shift_20k,sensitivity_ge_25pct,1985,1990,1985_1990,0,replenishment_density_per_10kha,0.006195872765034194,0.1,True,1.0,1.0,0.0,0.05,True,True
hex20k_shift,zoning_shift_20k,sensitivity_ge_25pct,1985,1990,1985_1990,0,nat_tmp_density_per_10kha,0.003641460103850136,0.1,True,1.0,1.0,0.0,0.05,True,True
hex20k_shift,zoning_shift_20k,sensitivity_ge_25pct,1985,1990,1985_1990,0,net_cr_balance_density_per_10kha,0.005934738106864401,0.1,True,1.0,1.0,0.0,0.05,True,True
hex20k_shift,zoning_shift_20k,sensitivity_ge_25pct,1985,1990,1985_1990,0,cr_balance_index,0.004372259702991488,0.1,True,0.7081843376977046,0.7059885089651454,0.0021958287325591908,0.05,True,True
hex20k_shift,zoning_shift_20k,sensitivity_ge_25pct,1985,1990,1985_1990,0,consolidation_rate_initial_pasture,0.003912337279457168,0.1,True,0.6597693692532077,0.6605172788670929,0.000747909613885156,0.05,True,True
hex20k_shift,zoning_shift_20k,sensitivity_ge_25pct,1985,1990,1985_1990,0,replenishment_rate_initial_native,0.006725883165132673,0.1,True,0.9998392869263782,0.9979558575580451,0.0018834293683331893,0.05,True,True
hex20k_shift,zoning_shift_20k,sensitivity_ge_25pct,1985,1990,1985_1990,0,nat_tmp_intensity_initial_native,0.003320093216026443,0.1,True,0.9998392869263782,0.9979558575580451,0.0018834293683331893,0.05,True,True
hex20k_shift,zoning_shift_20k,sensitivity_ge_75pct,1985,1990,1985_1990,0,consolidation_density_per_10kha,0.01942842169723824,0.1,True,1.0,1.0,0.0,0.05,True,True
hex20k_shift,zoning_shift_20k,sensitivity_ge_75pct,1985,1990,1985_1990,0,replenishment_density_per_10kha,0.06044600097506281,0.1,True,1.0,1.0,0.0,0.05,True,True
hex20k_shift,zoning_shift_20k,sensitivity_ge_75pct,1985,1990,1985_1990,0,nat_tmp_density_per_10kha,0.021937343035062784,0.1,True,1.0,1.0,0.0,0.05,True,True
hex20k_shift,zoning_shift_20k,sensitivity_ge_75pct,1985,1990,1985_1990,0,net_cr_balance_density_per_10kha,0.05938902661368317,0.1,True,1.0,1.0,0.0,0.05,True,True
hex20k_shift,zoning_shift_20k,sensitivity_ge_75pct,1985,1990,1985_1990,0,cr_balance_index,0.00525808691885199,0.1,True,0.7081843376977046,0.7638811798101297,0.05569684211242509,0.05,False,False
hex20k_shift,zoning_shift_20k,sensitivity_ge_75pct,1985,1990,1985_1990,0,consolidation_rate_initial_pasture,0.005003729235076304,0.1,True,0.6597693692532077,0.7148653682578445,0.0550959990046368,0.05,False,False
hex20k_shift,zoning_shift_20k,sensitivity_ge_75pct,1985,1990,1985_1990,0,replenishment_rate_initial_native,0.06026192038146344,0.1,True,0.9998392869263782,0.9997524022482793,8.688467809891964e-05,0.05,True,True
hex20k_shift,zoning_shift_20k,sensitivity_ge_75pct,1985,1990,1985_1990,0,nat_tmp_intensity_initial_native,0.02197159004657756,0.1,True,0.9998392869263782,0.9997524022482793,8.688467809891964e-05,0.05,True,True
hex20k_shift,zoning_shift_20k,primary_ge_50pct,1990,1995,1990_1995,0,consolidation_density_per_10kha,0.01184757825698024,0.1,True,1.0,1.0,0.0,0.05,True,True
hex20k_shift,zoning_shift_20k,primary_ge_50pct,1990,1995,1990_1995,0,replenishment_density_per_10kha,0.029277596453005095,0.1,True,1.0,1.0,0.0,0.05,True,True
hex20k_shift,zoning_shift_20k,primary_ge_50pct,1990,1995,1990_1995,0,nat_tmp_density_per_10kha,0.009733473811728177,0.1,True,1.0,1.0,0.0,0.05,True,True
hex20k_shift,zoning_shift_20k,primary_ge_50pct,1990,1995,1990_1995,0,net_cr_balance_density_per_10kha,0.02709076290164203,0.1,True,1.0,1.0,0.0,0.05,True,True
hex20k_shift,zoning_shift_20k,primary_ge_50pct,1990,1995,1990_1995,0,cr_balance_index,0.005296824704498881,0.1,True,0.7518582364183602,0.7763384328656313,0.024480196447271063,0.05,True,True
hex20k_shift,zoning_shift_20k,primary_ge_50pct,1990,1995,1990_1995,0,consolidation_rate_initial_pasture,0.005726536449662811,0.1,True,0.7180280258920672,0.7420899334727066,0.02406190758063942,0.05,True,True
hex20k_shift,zoning_shift_20k,primary_ge_50pct,1990,1995,1990_1995,0,replenishment_rate_initial_native,0.029553003534563915,0.1,True,0.999799107744905,0.9987797568327491,0.0010193509121558808,0.05,True,True
hex20k_shift,zoning_shift_20k,primary_ge_50pct,1990,1995,1990_1995,0,nat_tmp_intensity_initial_native,0.010680557496568599,0.1,True,0.999799107744905,0.9987797568327491,0.0010193509121558808,0.05,True,True
hex20k_shift,zoning_shift_20k,sensitivity_ge_25pct,1990,1995,1990_1995,0,consolidation_density_per_10kha,0.0028884369009709587,0.1,True,1.0,1.0,0.0,0.05,True,True
hex20k_shift,zoning_shift_20k,sensitivity_ge_25pct,1990,1995,1990_1995,0,replenishment_density_per_10kha,0.005586368200422687,0.1,True,1.0,1.0,0.0,0.05,True,True
hex20k_shift,zoning_shift_20k,sensitivity_ge_25pct,1990,1995,1990_1995,0,nat_tmp_density_per_10kha,0.003122047244733084,0.1,True,1.0,1.0,0.0,0.05,True,True
hex20k_shift,zoning_shift_20k,sensitivity_ge_25pct,1990,1995,1990_1995,0,net_cr_balance_density_per_10kha,0.0057295342036604024,0.1,True,1.0,1.0,0.0,0.05,True,True
hex20k_shift,zoning_shift_20k,sensitivity_ge_25pct,1990,1995,1990_1995,0,cr_balance_index,0.005198701125822769,0.1,True,0.7518582364183602,0.7486748791986386,0.0031833572197216276,0.05,True,True
hex20k_shift,zoning_shift_20k,sensitivity_ge_25pct,1990,1995,1990_1995,0,consolidation_rate_initial_pasture,0.005500574172164541,0.1,True,0.7180280258920672,0.7156308695062652,0.0023971563858019573,0.05,True,True
hex20k_shift,zoning_shift_20k,sensitivity_ge_25pct,1990,1995,1990_1995,0,replenishment_rate_initial_native,0.0059430898378822206,0.1,True,0.999799107744905,0.9978780254030587,0.001921082341846292,0.05,True,True
hex20k_shift,zoning_shift_20k,sensitivity_ge_25pct,1990,1995,1990_1995,0,nat_tmp_intensity_initial_native,0.003175953940763754,0.1,True,0.999799107744905,0.9978780254030587,0.001921082341846292,0.05,True,True
hex20k_shift,zoning_shift_20k,sensitivity_ge_75pct,1990,1995,1990_1995,0,consolidation_density_per_10kha,0.024554553215373143,0.1,True,1.0,1.0,0.0,0.05,True,True
hex20k_shift,zoning_shift_20k,sensitivity_ge_75pct,1990,1995,1990_1995,0,replenishment_density_per_10kha,0.06143438932575496,0.1,True,1.0,1.0,0.0,0.05,True,True
hex20k_shift,zoning_shift_20k,sensitivity_ge_75pct,1990,1995,1990_1995,0,nat_tmp_density_per_10kha,0.022253338056777205,0.1,True,1.0,1.0,0.0,0.05,True,True
hex20k_shift,zoning_shift_20k,sensitivity_ge_75pct,1990,1995,1990_1995,0,net_cr_balance_density_per_10kha,0.05756386884385711,0.1,True,1.0,1.0,0.0,0.05,True,True
hex20k_shift,zoning_shift_20k,sensitivity_ge_75pct,1990,1995,1990_1995,0,cr_balance_index,0.007106270038110818,0.1,True,0.7518582364183602,0.8085386792255761,0.05668044280721585,0.05,False,False
hex20k_shift,zoning_shift_20k,sensitivity_ge_75pct,1990,1995,1990_1995,0,consolidation_rate_initial_pasture,0.007553900663250346,0.1,True,0.7180280258920672,0.7735478249821244,0.05551979909005722,0.05,False,False
hex20k_shift,zoning_shift_20k,sensitivity_ge_75pct,1990,1995,1990_1995,0,replenishment_rate_initial_native,0.061028318755114386,0.1,True,0.999799107744905,0.9997524022482793,4.6705496625665255e-05,0.05,True,True
hex20k_shift,zoning_shift_20k,sensitivity_ge_75pct,1990,1995,1990_1995,0,nat_tmp_intensity_initial_native,0.022166509519704336,0.1,True,0.999799107744905,0.9997524022482793,4.6705496625665255e-05,0.05,True,True
hex20k_shift,zoning_shift_20k,primary_ge_50pct,1995,2000,1995_2000,0,consolidation_density_per_10kha,0.01363967933979382,0.1,True,1.0,1.0,0.0,0.05,True,True
hex20k_shift,zoning_shift_20k,primary_ge_50pct,1995,2000,1995_2000,0,replenishment_density_per_10kha,0.030198566199557797,0.1,True,1.0,1.0,0.0,0.05,True,True
hex20k_shift,zoning_shift_20k,primary_ge_50pct,1995,2000,1995_2000,0,nat_tmp_density_per_10kha,0.013666733636740203,0.1,True,1.0,1.0,0.0,0.05,True,True
hex20k_shift,zoning_shift_20k,primary_ge_50pct,1995,2000,1995_2000,0,net_cr_balance_density_per_10kha,0.027618923531172013,0.1,True,1.0,1.0,0.0,0.05,True,True
hex20k_shift,zoning_shift_20k,primary_ge_50pct,1995,2000,1995_2000,0,cr_balance_index,0.007399789616073571,0.1,True,0.7815902664304593,0.805051934651531,0.023461668221071763,0.05,True,True
hex20k_shift,zoning_shift_20k,primary_ge_50pct,1995,2000,1995_2000,0,consolidation_rate_initial_pasture,0.005611239277630076,0.1,True,0.76134033251495,0.7852914953523413,0.023951162837391293,0.05,True,True
hex20k_shift,zoning_shift_20k,primary_ge_50pct,1995,2000,1995_2000,0,replenishment_rate_initial_native,0.030212968034716348,0.1,True,0.9998392869070575,0.9988222027851061,0.0010170841219513393,0.05,True,True
hex20k_shift,zoning_shift_20k,primary_ge_50pct,1995,2000,1995_2000,0,nat_tmp_intensity_initial_native,0.013704655672892918,0.1,True,0.9998392869070575,0.9988222027851061,0.0010170841219513393,0.05,True,True
hex20k_shift,zoning_shift_20k,sensitivity_ge_25pct,1995,2000,1995_2000,0,consolidation_density_per_10kha,0.004016614000059593,0.1,True,1.0,1.0,0.0,0.05,True,True
hex20k_shift,zoning_shift_20k,sensitivity_ge_25pct,1995,2000,1995_2000,0,replenishment_density_per_10kha,0.005982625879453862,0.1,True,1.0,1.0,0.0,0.05,True,True
hex20k_shift,zoning_shift_20k,sensitivity_ge_25pct,1995,2000,1995_2000,0,nat_tmp_density_per_10kha,0.003664047828122019,0.1,True,1.0,1.0,0.0,0.05,True,True
hex20k_shift,zoning_shift_20k,sensitivity_ge_25pct,1995,2000,1995_2000,0,net_cr_balance_density_per_10kha,0.006675663233812357,0.1,True,1.0,1.0,0.0,0.05,True,True
hex20k_shift,zoning_shift_20k,sensitivity_ge_25pct,1995,2000,1995_2000,0,cr_balance_index,0.00697540529642271,0.1,True,0.7815902664304593,0.7765721783770037,0.005018088053455605,0.05,True,True
hex20k_shift,zoning_shift_20k,sensitivity_ge_25pct,1995,2000,1995_2000,0,consolidation_rate_initial_pasture,0.004750576266339235,0.1,True,0.76134033251495,0.7575042723833968,0.0038360601315532428,0.05,True,True
hex20k_shift,zoning_shift_20k,sensitivity_ge_25pct,1995,2000,1995_2000,0,replenishment_rate_initial_native,0.006367032146362417,0.1,True,0.9998392869070575,0.9979355619478673,0.0019037249591902228,0.05,True,True
hex20k_shift,zoning_shift_20k,sensitivity_ge_25pct,1995,2000,1995_2000,0,nat_tmp_intensity_initial_native,0.003906457251080631,0.1,True,0.9998392869070575,0.9979355619478673,0.0019037249591902228,0.05,True,True
hex20k_shift,zoning_shift_20k,sensitivity_ge_75pct,1995,2000,1995_2000,0,consolidation_density_per_10kha,0.02893989625644655,0.1,True,1.0,1.0,0.0,0.05,True,True
hex20k_shift,zoning_shift_20k,sensitivity_ge_75pct,1995,2000,1995_2000,0,replenishment_density_per_10kha,0.06303449738968397,0.1,True,1.0,1.0,0.0,0.05,True,True
hex20k_shift,zoning_shift_20k,sensitivity_ge_75pct,1995,2000,1995_2000,0,nat_tmp_density_per_10kha,0.028531274179682264,0.1,True,1.0,1.0,0.0,0.05,True,True
hex20k_shift,zoning_shift_20k,sensitivity_ge_75pct,1995,2000,1995_2000,0,net_cr_balance_density_per_10kha,0.05741805099940123,0.1,True,1.0,1.0,0.0,0.05,True,True
hex20k_shift,zoning_shift_20k,sensitivity_ge_75pct,1995,2000,1995_2000,0,cr_balance_index,0.009545918281345878,0.1,True,0.7815902664304593,0.8374607243747539,0.05587045794429468,0.05,False,False
hex20k_shift,zoning_shift_20k,sensitivity_ge_75pct,1995,2000,1995_2000,0,consolidation_rate_initial_pasture,0.008670144151855297,0.1,True,0.76134033251495,0.8174370903859446,0.05609675787099455,0.05,False,False
hex20k_shift,zoning_shift_20k,sensitivity_ge_75pct,1995,2000,1995_2000,0,replenishment_rate_initial_native,0.06201883483156978,0.1,True,0.9998392869070575,0.9997524022482793,8.688465877815243e-05,0.05,True,True
hex20k_shift,zoning_shift_20k,sensitivity_ge_75pct,1995,2000,1995_2000,0,nat_tmp_intensity_initial_native,0.028579076903076484,0.1,True,0.9998392869070575,0.9997524022482793,8.688465877815243e-05,0.05,True,True
hex20k_shift,zoning_shift_20k,primary_ge_50pct,2000,2005,2000_2005,0,consolidation_density_per_10kha,0.016135013994809988,0.1,True,1.0,1.0,0.0,0.05,True,True
hex20k_shift,zoning_shift_20k,primary_ge_50pct,2000,2005,2000_2005,0,replenishment_density_per_10kha,0.030399064745729065,0.1,True,1.0,1.0,0.0,0.05,True,True
hex20k_shift,zoning_shift_20k,primary_ge_50pct,2000,2005,2000_2005,0,nat_tmp_density_per_10kha,0.013550516119945843,0.1,True,1.0,1.0,0.0,0.05,True,True
hex20k_shift,zoning_shift_20k,primary_ge_50pct,2000,2005,2000_2005,0,net_cr_balance_density_per_10kha,0.02728723690825008,0.1,True,1.0,1.0,0.0,0.05,True,True
hex20k_shift,zoning_shift_20k,primary_ge_50pct,2000,2005,2000_2005,0,cr_balance_index,0.008269187881264406,0.1,True,0.8193981182471219,0.8414157549004928,0.022017636653370865,0.05,True,True
hex20k_shift,zoning_shift_20k,primary_ge_50pct,2000,2005,2000_2005,0,consolidation_rate_initial_pasture,0.008583283408706066,0.1,True,0.7893045193621026,0.8123169204672686,0.023012401105166003,0.05,True,True
hex20k_shift,zoning_shift_20k,primary_ge_50pct,2000,2005,2000_2005,0,replenishment_rate_initial_native,0.030108016365022194,0.1,True,0.9998794660885308,0.9987833832711744,0.001096082817356403,0.05,True,True
hex20k_shift,zoning_shift_20k,primary_ge_50pct,2000,2005,2000_2005,0,nat_tmp_intensity_initial_native,0.013700372492940871,0.1,True,0.9998794660885308,0.9987833832711744,0.001096082817356403,0.05,True,True
hex20k_shift,zoning_shift_20k,sensitivity_ge_25pct,2000,2005,2000_2005,0,consolidation_density_per_10kha,0.0027765197637736883,0.1,True,1.0,1.0,0.0,0.05,True,True
hex20k_shift,zoning_shift_20k,sensitivity_ge_25pct,2000,2005,2000_2005,0,replenishment_density_per_10kha,0.007963093897109336,0.1,True,1.0,1.0,0.0,0.05,True,True
hex20k_shift,zoning_shift_20k,sensitivity_ge_25pct,2000,2005,2000_2005,0,nat_tmp_density_per_10kha,0.0024774989637095235,0.1,True,1.0,1.0,0.0,0.05,True,True
hex20k_shift,zoning_shift_20k,sensitivity_ge_25pct,2000,2005,2000_2005,0,net_cr_balance_density_per_10kha,0.007191894009898836,0.1,True,1.0,1.0,0.0,0.05,True,True
hex20k_shift,zoning_shift_20k,sensitivity_ge_25pct,2000,2005,2000_2005,0,cr_balance_index,0.006836633371832712,0.1,True,0.8193981182471219,0.8117987342718742,0.007599383975247731,0.05,True,True
hex20k_shift,zoning_shift_20k,sensitivity_ge_25pct,2000,2005,2000_2005,0,consolidation_rate_initial_pasture,0.006871181705085494,0.1,True,0.7893045193621026,0.7839421149432734,0.005362404418829181,0.05,True,True
hex20k_shift,zoning_shift_20k,sensitivity_ge_25pct,2000,2005,2000_2005,0,replenishment_rate_initial_native,0.006153267116993183,0.1,True,0.9998794660885308,0.9978984219916358,0.001981044096895035,0.05,True,True
hex20k_shift,zoning_shift_20k,sensitivity_ge_25pct,2000,2005,2000_2005,0,nat_tmp_intensity_initial_native,0.0035088826162916753,0.1,True,0.9998794660885308,0.9978984219916358,0.001981044096895035,0.05,True,True
hex20k_shift,zoning_shift_20k,sensitivity_ge_75pct,2000,2005,2000_2005,0,consolidation_density_per_10kha,0.035567833057403186,0.1,True,1.0,1.0,0.0,0.05,True,True
hex20k_shift,zoning_shift_20k,sensitivity_ge_75pct,2000,2005,2000_2005,0,replenishment_density_per_10kha,0.06365729174685186,0.1,True,1.0,1.0,0.0,0.05,True,True
hex20k_shift,zoning_shift_20k,sensitivity_ge_75pct,2000,2005,2000_2005,0,nat_tmp_density_per_10kha,0.031879666874169765,0.1,True,1.0,1.0,0.0,0.05,True,True
hex20k_shift,zoning_shift_20k,sensitivity_ge_75pct,2000,2005,2000_2005,0,net_cr_balance_density_per_10kha,0.05573557840574961,0.1,True,1.0,1.0,0.0,0.05,True,True
hex20k_shift,zoning_shift_20k,sensitivity_ge_75pct,2000,2005,2000_2005,0,cr_balance_index,0.013761097746064488,0.1,True,0.8193981182471219,0.8736300170586356,0.05423189881151369,0.05,False,False
hex20k_shift,zoning_shift_20k,sensitivity_ge_75pct,2000,2005,2000_2005,0,consolidation_rate_initial_pasture,0.014198157521869259,0.1,True,0.7893045193621026,0.8441625411373546,0.05485802177525201,0.05,False,False
hex20k_shift,zoning_shift_20k,sensitivity_ge_75pct,2000,2005,2000_2005,0,replenishment_rate_initial_native,0.06328726028698287,0.1,True,0.9998794660885308,0.9997111300695717,0.00016833601895915873,0.05,True,True
hex20k_shift,zoning_shift_20k,sensitivity_ge_75pct,2000,2005,2000_2005,0,nat_tmp_intensity_initial_native,0.03194954278415163,0.1,True,0.9998794660885308,0.9997111300695717,0.00016833601895915873,0.05,True,True
hex20k_shift,zoning_shift_20k,primary_ge_50pct,2005,2010,2005_2010,0,consolidation_density_per_10kha,0.018760879503256556,0.1,True,1.0,1.0,0.0,0.05,True,True
hex20k_shift,zoning_shift_20k,primary_ge_50pct,2005,2010,2005_2010,0,replenishment_density_per_10kha,0.029721229632481416,0.1,True,1.0,1.0,0.0,0.05,True,True
hex20k_shift,zoning_shift_20k,primary_ge_50pct,2005,2010,2005_2010,0,nat_tmp_density_per_10kha,0.013988877295260549,0.1,True,1.0,1.0,0.0,0.05,True,True
hex20k_shift,zoning_shift_20k,primary_ge_50pct,2005,2010,2005_2010,0,net_cr_balance_density_per_10kha,0.025894640577956207,0.1,True,1.0,1.0,0.0,0.05,True,True
hex20k_shift,zoning_shift_20k,primary_ge_50pct,2005,2010,2005_2010,0,cr_balance_index,0.010437105103639266,0.1,True,0.8293623506459945,0.8507772564172257,0.021414905771231174,0.05,True,True
hex20k_shift,zoning_shift_20k,primary_ge_50pct,2005,2010,2005_2010,0,consolidation_rate_initial_pasture,0.010936043365118109,0.1,True,0.826348970383366,0.8487142686271962,0.022365298243830267,0.05,True,True
hex20k_shift,zoning_shift_20k,primary_ge_50pct,2005,2010,2005_2010,0,replenishment_rate_initial_native,0.031117178353659958,0.1,True,0.9998392869070575,0.9987833832711743,0.0010559036358831486,0.05,True,True
hex20k_shift,zoning_shift_20k,primary_ge_50pct,2005,2010,2005_2010,0,nat_tmp_intensity_initial_native,0.014042597623639241,0.1,True,0.9998392869070575,0.9987833832711743,0.0010559036358831486,0.05,True,True
hex20k_shift,zoning_shift_20k,sensitivity_ge_25pct,2005,2010,2005_2010,0,consolidation_density_per_10kha,0.003452554030577315,0.1,True,1.0,1.0,0.0,0.05,True,True
hex20k_shift,zoning_shift_20k,sensitivity_ge_25pct,2005,2010,2005_2010,0,replenishment_density_per_10kha,0.008486695850390413,0.1,True,1.0,1.0,0.0,0.05,True,True
hex20k_shift,zoning_shift_20k,sensitivity_ge_25pct,2005,2010,2005_2010,0,nat_tmp_density_per_10kha,0.0035029950475201632,0.1,True,1.0,1.0,0.0,0.05,True,True
hex20k_shift,zoning_shift_20k,sensitivity_ge_25pct,2005,2010,2005_2010,0,net_cr_balance_density_per_10kha,0.007129015129892724,0.1,True,1.0,1.0,0.0,0.05,True,True
hex20k_shift,zoning_shift_20k,sensitivity_ge_25pct,2005,2010,2005_2010,0,cr_balance_index,0.009017830078602795,0.1,True,0.8293623506459945,0.8212116826382179,0.00815066800777664,0.05,True,True
hex20k_shift,zoning_shift_20k,sensitivity_ge_25pct,2005,2010,2005_2010,0,consolidation_rate_initial_pasture,0.009270777336917613,0.1,True,0.826348970383366,0.8192719101488054,0.0070770602345605615,0.05,True,True
hex20k_shift,zoning_shift_20k,sensitivity_ge_25pct,2005,2010,2005_2010,0,replenishment_rate_initial_native,0.006896786469223842,0.1,True,0.9998392869070575,0.9978984219916361,0.0019408649154213364,0.05,True,True
hex20k_shift,zoning_shift_20k,sensitivity_ge_25pct,2005,2010,2005_2010,0,nat_tmp_intensity_initial_native,0.0028349081285096167,0.1,True,0.9998392869070575,0.9978984219916361,0.0019408649154213364,0.05,True,True
hex20k_shift,zoning_shift_20k,sensitivity_ge_75pct,2005,2010,2005_2010,0,consolidation_density_per_10kha,0.04140720425077904,0.1,True,1.0,1.0,0.0,0.05,True,True
hex20k_shift,zoning_shift_20k,sensitivity_ge_75pct,2005,2010,2005_2010,0,replenishment_density_per_10kha,0.06320755217463661,0.1,True,1.0,1.0,0.0,0.05,True,True
hex20k_shift,zoning_shift_20k,sensitivity_ge_75pct,2005,2010,2005_2010,0,nat_tmp_density_per_10kha,0.0330734815784669,0.1,True,1.0,1.0,0.0,0.05,True,True
hex20k_shift,zoning_shift_20k,sensitivity_ge_75pct,2005,2010,2005_2010,0,net_cr_balance_density_per_10kha,0.05327075064373632,0.1,True,1.0,1.0,0.0,0.05,True,True
hex20k_shift,zoning_shift_20k,sensitivity_ge_75pct,2005,2010,2005_2010,0,cr_balance_index,0.016690160165735435,0.1,True,0.8293623506459945,0.8828391376113606,0.05347678696536606,0.05,False,False
hex20k_shift,zoning_shift_20k,sensitivity_ge_75pct,2005,2010,2005_2010,0,consolidation_rate_initial_pasture,0.016571456595560474,0.1,True,0.826348970383366,0.8801638973575043,0.053814926974138366,0.05,False,False
hex20k_shift,zoning_shift_20k,sensitivity_ge_75pct,2005,2010,2005_2010,0,replenishment_rate_initial_native,0.06426530957618956,0.1,True,0.9998392869070575,0.9997111300695722,0.0001281568374852382,0.05,True,True
hex20k_shift,zoning_shift_20k,sensitivity_ge_75pct,2005,2010,2005_2010,0,nat_tmp_intensity_initial_native,0.03309295620995212,0.1,True,0.9998392869070575,0.9997111300695722,0.0001281568374852382,0.05,True,True
hex20k_shift,zoning_shift_20k,primary_ge_50pct,2010,2015,2010_2015,0,consolidation_density_per_10kha,0.021477919572063853,0.1,True,1.0,1.0,0.0,0.05,True,True
hex20k_shift,zoning_shift_20k,primary_ge_50pct,2010,2015,2010_2015,0,replenishment_density_per_10kha,0.031110845082721328,0.1,True,1.0,1.0,0.0,0.05,True,True
hex20k_shift,zoning_shift_20k,primary_ge_50pct,2010,2015,2010_2015,0,nat_tmp_density_per_10kha,0.01538802720283361,0.1,True,1.0,1.0,0.0,0.05,True,True
hex20k_shift,zoning_shift_20k,primary_ge_50pct,2010,2015,2010_2015,0,net_cr_balance_density_per_10kha,0.023319249468050973,0.1,True,1.0,1.0,0.0,0.05,True,True
hex20k_shift,zoning_shift_20k,primary_ge_50pct,2010,2015,2010_2015,0,cr_balance_index,0.012010536013809525,0.1,True,0.8381212338076994,0.8576074105407953,0.019486176733095828,0.05,True,True
hex20k_shift,zoning_shift_20k,primary_ge_50pct,2010,2015,2010_2015,0,consolidation_rate_initial_pasture,0.010498325245540396,0.1,True,0.8386837467335262,0.860459166023544,0.021775419290017806,0.05,True,True
hex20k_shift,zoning_shift_20k,primary_ge_50pct,2010,2015,2010_2015,0,replenishment_rate_initial_native,0.03340716176645425,0.1,True,0.9997589293269804,0.9988469405095775,0.0009119888174029533,0.05,True,True
hex20k_shift,zoning_shift_20k,primary_ge_50pct,2010,2015,2010_2015,0,nat_tmp_intensity_initial_native,0.016157405981717887,0.1,True,0.9997589293269804,0.9988469405095775,0.0009119888174029533,0.05,True,True
hex20k_shift,zoning_shift_20k,sensitivity_ge_25pct,2010,2015,2010_2015,0,consolidation_density_per_10kha,0.003470654578324961,0.1,True,1.0,1.0,0.0,0.05,True,True
hex20k_shift,zoning_shift_20k,sensitivity_ge_25pct,2010,2015,2010_2015,0,replenishment_density_per_10kha,0.010647297668842176,0.1,True,1.0,1.0,0.0,0.05,True,True
hex20k_shift,zoning_shift_20k,sensitivity_ge_25pct,2010,2015,2010_2015,0,nat_tmp_density_per_10kha,0.004406764489713444,0.1,True,1.0,1.0,0.0,0.05,True,True
hex20k_shift,zoning_shift_20k,sensitivity_ge_25pct,2010,2015,2010_2015,0,net_cr_balance_density_per_10kha,0.009913207857315864,0.1,True,1.0,1.0,0.0,0.05,True,True
hex20k_shift,zoning_shift_20k,sensitivity_ge_25pct,2010,2015,2010_2015,0,cr_balance_index,0.009743413047291316,0.1,True,0.8381212338076994,0.8278411499835975,0.010280083824101949,0.05,True,True
hex20k_shift,zoning_shift_20k,sensitivity_ge_25pct,2010,2015,2010_2015,0,consolidation_rate_initial_pasture,0.007685173954216473,0.1,True,0.8386837467335262,0.8311713132287477,0.007512433504778482,0.05,True,True
hex20k_shift,zoning_shift_20k,sensitivity_ge_25pct,2010,2015,2010_2015,0,replenishment_rate_initial_native,0.009147206638276062,0.1,True,0.9997589293269804,0.9979422929022966,0.0018166364246837707,0.05,True,True
hex20k_shift,zoning_shift_20k,sensitivity_ge_25pct,2010,2015,2010_2015,0,nat_tmp_intensity_initial_native,0.00565423245220098,0.1,True,0.9997589293269804,0.9979422929022966,0.0018166364246837707,0.05,True,True
hex20k_shift,zoning_shift_20k,sensitivity_ge_75pct,2010,2015,2010_2015,0,consolidation_density_per_10kha,0.04751009508138743,0.1,True,1.0,1.0,0.0,0.05,True,True
hex20k_shift,zoning_shift_20k,sensitivity_ge_75pct,2010,2015,2010_2015,0,replenishment_density_per_10kha,0.06332734380749888,0.1,True,1.0,1.0,0.0,0.05,True,True
hex20k_shift,zoning_shift_20k,sensitivity_ge_75pct,2010,2015,2010_2015,0,nat_tmp_density_per_10kha,0.03731817687216443,0.1,True,1.0,1.0,0.0,0.05,True,True
hex20k_shift,zoning_shift_20k,sensitivity_ge_75pct,2010,2015,2010_2015,0,net_cr_balance_density_per_10kha,0.04737295715420908,0.1,True,1.0,1.0,0.0,0.05,True,True
hex20k_shift,zoning_shift_20k,sensitivity_ge_75pct,2010,2015,2010_2015,0,cr_balance_index,0.01994627852143621,0.1,True,0.8381212338076994,0.8899917691404431,0.05187053533274366,0.05,False,False
hex20k_shift,zoning_shift_20k,sensitivity_ge_75pct,2010,2015,2010_2015,0,consolidation_rate_initial_pasture,0.019143429154336644,0.1,True,0.8386837467335262,0.8918393886517354,0.05315564191820921,0.05,False,False
hex20k_shift,zoning_shift_20k,sensitivity_ge_75pct,2010,2015,2010_2015,0,replenishment_rate_initial_native,0.06615345789435334,0.1,True,0.9997589293269804,0.9997524022482793,6.527078701079603e-06,0.05,True,True
hex20k_shift,zoning_shift_20k,sensitivity_ge_75pct,2010,2015,2010_2015,0,nat_tmp_intensity_initial_native,0.03731752637219321,0.1,True,0.9997589293269804,0.9997524022482793,6.527078701079603e-06,0.05,True,True
hex20k_shift,zoning_shift_20k,primary_ge_50pct,2015,2020,2015_2020,0,consolidation_density_per_10kha,0.021122187622562405,0.1,True,1.0,1.0,0.0,0.05,True,True
hex20k_shift,zoning_shift_20k,primary_ge_50pct,2015,2020,2015_2020,0,replenishment_density_per_10kha,0.029786813160742387,0.1,True,1.0,1.0,0.0,0.05,True,True
hex20k_shift,zoning_shift_20k,primary_ge_50pct,2015,2020,2015_2020,0,nat_tmp_density_per_10kha,0.017816656042037304,0.1,True,1.0,1.0,0.0,0.05,True,True
hex20k_shift,zoning_shift_20k,primary_ge_50pct,2015,2020,2015_2020,0,net_cr_balance_density_per_10kha,0.02361599549229132,0.1,True,1.0,1.0,0.0,0.05,True,True
hex20k_shift,zoning_shift_20k,primary_ge_50pct,2015,2020,2015_2020,0,cr_balance_index,0.012510023514069712,0.1,True,0.8520229548360293,0.8700233563033717,0.018000401467342386,0.05,True,True
hex20k_shift,zoning_shift_20k,primary_ge_50pct,2015,2020,2015_2020,0,consolidation_rate_initial_pasture,0.01152662416495176,0.1,True,0.8501747575056933,0.8689624257895331,0.01878766828383982,0.05,True,True
hex20k_shift,zoning_shift_20k,primary_ge_50pct,2015,2020,2015_2020,0,replenishment_rate_initial_native,0.03144591254471685,0.1,True,0.9997991085044662,0.9988681639135784,0.0009309445908878278,0.05,True,True
hex20k_shift,zoning_shift_20k,primary_ge_50pct,2015,2020,2015_2020,0,nat_tmp_intensity_initial_native,0.01786930433195577,0.1,True,0.9997991085044662,0.9988681639135784,0.0009309445908878278,0.05,True,True
hex20k_shift,zoning_shift_20k,sensitivity_ge_25pct,2015,2020,2015_2020,0,consolidation_density_per_10kha,0.004956993817176736,0.1,True,1.0,1.0,0.0,0.05,True,True
hex20k_shift,zoning_shift_20k,sensitivity_ge_25pct,2015,2020,2015_2020,0,replenishment_density_per_10kha,0.011083418223452074,0.1,True,1.0,1.0,0.0,0.05,True,True
hex20k_shift,zoning_shift_20k,sensitivity_ge_25pct,2015,2020,2015_2020,0,nat_tmp_density_per_10kha,0.002651007244489745,0.1,True,1.0,1.0,0.0,0.05,True,True
hex20k_shift,zoning_shift_20k,sensitivity_ge_25pct,2015,2020,2015_2020,0,net_cr_balance_density_per_10kha,0.009219433412161693,0.1,True,1.0,1.0,0.0,0.05,True,True
hex20k_shift,zoning_shift_20k,sensitivity_ge_25pct,2015,2020,2015_2020,0,cr_balance_index,0.009506301830437047,0.1,True,0.8520229548360293,0.8406233236157663,0.011399631220262996,0.05,True,True
hex20k_shift,zoning_shift_20k,sensitivity_ge_25pct,2015,2020,2015_2020,0,consolidation_rate_initial_pasture,0.00876382790915331,0.1,True,0.8501747575056933,0.8394182423133805,0.010756515192312799,0.05,True,True
hex20k_shift,zoning_shift_20k,sensitivity_ge_25pct,2015,2020,2015_2020,0,replenishment_rate_initial_native,0.0095481518470793,0.1,True,0.9997991085044662,0.9979625980585402,0.0018365104459260317,0.05,True,True
hex20k_shift,zoning_shift_20k,sensitivity_ge_25pct,2015,2020,2015_2020,0,nat_tmp_intensity_initial_native,0.0039023914266187454,0.1,True,0.9997991085044662,0.9979625980585402,0.0018365104459260317,0.05,True,True
hex20k_shift,zoning_shift_20k,sensitivity_ge_75pct,2015,2020,2015_2020,0,consolidation_density_per_10kha,0.0491580990496947,0.1,True,1.0,1.0,0.0,0.05,True,True
hex20k_shift,zoning_shift_20k,sensitivity_ge_75pct,2015,2020,2015_2020,0,replenishment_density_per_10kha,0.06316013625959951,0.1,True,1.0,1.0,0.0,0.05,True,True
hex20k_shift,zoning_shift_20k,sensitivity_ge_75pct,2015,2020,2015_2020,0,nat_tmp_density_per_10kha,0.040808552887533045,0.1,True,1.0,1.0,0.0,0.05,True,True
hex20k_shift,zoning_shift_20k,sensitivity_ge_75pct,2015,2020,2015_2020,0,net_cr_balance_density_per_10kha,0.047183462118918884,0.1,True,1.0,1.0,0.0,0.05,True,True
hex20k_shift,zoning_shift_20k,sensitivity_ge_75pct,2015,2020,2015_2020,0,cr_balance_index,0.020669415924675028,0.1,True,0.8520229548360293,0.9024401393464807,0.05041718451045141,0.05,False,False
hex20k_shift,zoning_shift_20k,sensitivity_ge_75pct,2015,2020,2015_2020,0,consolidation_rate_initial_pasture,0.02103648142052761,0.1,True,0.8501747575056933,0.9001770052597882,0.0500022477540949,0.05,False,False
hex20k_shift,zoning_shift_20k,sensitivity_ge_75pct,2015,2020,2015_2020,0,replenishment_rate_initial_native,0.06436947937579701,0.1,True,0.9997991085044662,0.9997524022482792,4.6706256186968e-05,0.05,True,True
hex20k_shift,zoning_shift_20k,sensitivity_ge_75pct,2015,2020,2015_2020,0,nat_tmp_intensity_initial_native,0.040074711542922414,0.1,True,0.9997991085044662,0.9997524022482792,4.6706256186968e-05,0.05,True,True
hex20k_shift,zoning_shift_20k,primary_ge_50pct,2020,2025,2020_2025,1,consolidation_density_per_10kha,0.019175253880517884,0.1,True,1.0,1.0,0.0,0.05,True,True
hex20k_shift,zoning_shift_20k,primary_ge_50pct,2020,2025,2020_2025,1,replenishment_density_per_10kha,0.029894505770467178,0.1,True,1.0,1.0,0.0,0.05,True,True
hex20k_shift,zoning_shift_20k,primary_ge_50pct,2020,2025,2020_2025,1,nat_tmp_density_per_10kha,0.01854445356404988,0.1,True,1.0,1.0,0.0,0.05,True,True
hex20k_shift,zoning_shift_20k,primary_ge_50pct,2020,2025,2020_2025,1,net_cr_balance_density_per_10kha,0.02745842464646675,0.1,True,1.0,1.0,0.0,0.05,True,True
hex20k_shift,zoning_shift_20k,primary_ge_50pct,2020,2025,2020_2025,1,cr_balance_index,0.014903570569127,0.1,True,0.8859335258169083,0.8962355556473328,0.010302029830424497,0.05,True,True
hex20k_shift,zoning_shift_20k,primary_ge_50pct,2020,2025,2020_2025,1,consolidation_rate_initial_pasture,0.011821996695247194,0.1,True,0.8637550528901727,0.8790478523973696,0.015292799507196864,0.05,True,True
hex20k_shift,zoning_shift_20k,primary_ge_50pct,2020,2025,2020_2025,1,replenishment_rate_initial_native,0.03238048179801506,0.1,True,0.9997991085044662,0.9988469303398526,0.0009521781646135707,0.05,True,True
hex20k_shift,zoning_shift_20k,primary_ge_50pct,2020,2025,2020_2025,1,nat_tmp_intensity_initial_native,0.018657712310491403,0.1,True,0.9997991085044662,0.9988469303398526,0.0009521781646135707,0.05,True,True
hex20k_shift,zoning_shift_20k,sensitivity_ge_25pct,2020,2025,2020_2025,1,consolidation_density_per_10kha,0.003090564818868935,0.1,True,1.0,1.0,0.0,0.05,True,True
hex20k_shift,zoning_shift_20k,sensitivity_ge_25pct,2020,2025,2020_2025,1,replenishment_density_per_10kha,0.018929286441829216,0.1,True,1.0,1.0,0.0,0.05,True,True
hex20k_shift,zoning_shift_20k,sensitivity_ge_25pct,2020,2025,2020_2025,1,nat_tmp_density_per_10kha,0.0039171325423842385,0.1,True,1.0,1.0,0.0,0.05,True,True
hex20k_shift,zoning_shift_20k,sensitivity_ge_25pct,2020,2025,2020_2025,1,net_cr_balance_density_per_10kha,0.016971777550098377,0.1,True,1.0,1.0,0.0,0.05,True,True
hex20k_shift,zoning_shift_20k,sensitivity_ge_25pct,2020,2025,2020_2025,1,cr_balance_index,0.011013518384211718,0.1,True,0.8859335258169083,0.8673515803828915,0.01858194543401681,0.05,True,True
hex20k_shift,zoning_shift_20k,sensitivity_ge_25pct,2020,2025,2020_2025,1,consolidation_rate_initial_pasture,0.008549798353977012,0.1,True,0.8637550528901727,0.8497138035594485,0.01404124933072426,0.05,True,True
hex20k_shift,zoning_shift_20k,sensitivity_ge_25pct,2020,2025,2020_2025,1,replenishment_rate_initial_native,0.017285821014563815,0.1,True,0.9997991085044662,0.9979422831725732,0.0018568253318930195,0.05,True,True
hex20k_shift,zoning_shift_20k,sensitivity_ge_25pct,2020,2025,2020_2025,1,nat_tmp_intensity_initial_native,0.004729266105026331,0.1,True,0.9997991085044662,0.9979422831725732,0.0018568253318930195,0.05,True,True
hex20k_shift,zoning_shift_20k,sensitivity_ge_75pct,2020,2025,2020_2025,1,consolidation_density_per_10kha,0.04630340278925199,0.1,True,1.0,1.0,0.0,0.05,True,True
hex20k_shift,zoning_shift_20k,sensitivity_ge_75pct,2020,2025,2020_2025,1,replenishment_density_per_10kha,0.06381613046786205,0.1,True,1.0,1.0,0.0,0.05,True,True
hex20k_shift,zoning_shift_20k,sensitivity_ge_75pct,2020,2025,2020_2025,1,nat_tmp_density_per_10kha,0.041394536211141975,0.1,True,1.0,1.0,0.0,0.05,True,True
hex20k_shift,zoning_shift_20k,sensitivity_ge_75pct,2020,2025,2020_2025,1,net_cr_balance_density_per_10kha,0.055510627005687874,0.1,True,1.0,1.0,0.0,0.05,True,True
hex20k_shift,zoning_shift_20k,sensitivity_ge_75pct,2020,2025,2020_2025,1,cr_balance_index,0.025501666178824378,0.1,True,0.8859335258169083,0.9261168903016453,0.04018336448473703,0.05,True,True
hex20k_shift,zoning_shift_20k,sensitivity_ge_75pct,2020,2025,2020_2025,1,consolidation_rate_initial_pasture,0.02138397539422765,0.1,True,0.8637550528901727,0.9101889674535467,0.04643391456337398,0.05,True,True
hex20k_shift,zoning_shift_20k,sensitivity_ge_75pct,2020,2025,2020_2025,1,replenishment_rate_initial_native,0.06620380098614889,0.1,True,0.9997991085044662,0.9997524022482792,4.6706256186968e-05,0.05,True,True
hex20k_shift,zoning_shift_20k,sensitivity_ge_75pct,2020,2025,2020_2025,1,nat_tmp_intensity_initial_native,0.04127032670744091,0.1,True,0.9997991085044662,0.9997524022482792,4.6706256186968e-05,0.05,True,True
hex40k_base,coarser_scale_40k,primary_ge_50pct,1985,1990,1985_1990,0,consolidation_density_per_10kha,0.05372601459265858,0.1,True,1.0,1.0,0.0,0.05,True,True
hex40k_base,coarser_scale_40k,primary_ge_50pct,1985,1990,1985_1990,0,replenishment_density_per_10kha,0.08674900188015636,0.1,True,1.0,1.0,0.0,0.05,True,True
hex40k_base,coarser_scale_40k,primary_ge_50pct,1985,1990,1985_1990,0,nat_tmp_density_per_10kha,0.06845141950893485,0.1,True,1.0,1.0,0.0,0.05,True,True
hex40k_base,coarser_scale_40k,primary_ge_50pct,1985,1990,1985_1990,0,net_cr_balance_density_per_10kha,0.0853898462239463,0.1,True,1.0,1.0,0.0,0.05,True,True
hex40k_base,coarser_scale_40k,primary_ge_50pct,1985,1990,1985_1990,0,cr_balance_index,0.03714407417470611,0.1,True,0.7081843376977046,0.7945402165576804,0.08635587885997575,0.05,False,False
hex40k_base,coarser_scale_40k,primary_ge_50pct,1985,1990,1985_1990,0,consolidation_rate_initial_pasture,0.03682841421227079,0.1,True,0.6597693692532077,0.7468959888735158,0.0871266196203081,0.05,False,False
hex40k_base,coarser_scale_40k,primary_ge_50pct,1985,1990,1985_1990,0,replenishment_rate_initial_native,0.08674071838997732,0.1,True,0.9998392869263782,0.9998672598912304,2.7972964852129856e-05,0.05,True,True
hex40k_base,coarser_scale_40k,primary_ge_50pct,1985,1990,1985_1990,0,nat_tmp_intensity_initial_native,0.06849884393330496,0.1,True,0.9998392869263782,0.9998672598912304,2.7972964852129856e-05,0.05,True,True
hex40k_base,coarser_scale_40k,sensitivity_ge_25pct,1985,1990,1985_1990,0,consolidation_density_per_10kha,0.045445507164286636,0.1,True,1.0,1.0,0.0,0.05,True,True
hex40k_base,coarser_scale_40k,sensitivity_ge_25pct,1985,1990,1985_1990,0,replenishment_density_per_10kha,0.06220683123665205,0.1,True,1.0,1.0,0.0,0.05,True,True
hex40k_base,coarser_scale_40k,sensitivity_ge_25pct,1985,1990,1985_1990,0,nat_tmp_density_per_10kha,0.05879222834292541,0.1,True,1.0,1.0,0.0,0.05,True,True
hex40k_base,coarser_scale_40k,sensitivity_ge_25pct,1985,1990,1985_1990,0,net_cr_balance_density_per_10kha,0.06110424612754839,0.1,True,1.0,1.0,0.0,0.05,True,True
hex40k_base,coarser_scale_40k,sensitivity_ge_25pct,1985,1990,1985_1990,0,cr_balance_index,0.03649891805999672,0.1,True,0.7081843376977046,0.7699913561713437,0.06180701847363912,0.05,False,False
hex40k_base,coarser_scale_40k,sensitivity_ge_25pct,1985,1990,1985_1990,0,consolidation_rate_initial_pasture,0.0361640008240246,0.1,True,0.6597693692532077,0.7237721069114423,0.06400273765823461,0.05,False,False
hex40k_base,coarser_scale_40k,sensitivity_ge_25pct,1985,1990,1985_1990,0,replenishment_rate_initial_native,0.06252654663281226,0.1,True,0.9998392869263782,0.9994372594204626,0.0004020275059156697,0.05,True,True
hex40k_base,coarser_scale_40k,sensitivity_ge_25pct,1985,1990,1985_1990,0,nat_tmp_intensity_initial_native,0.05895536005072044,0.1,True,0.9998392869263782,0.9994372594204626,0.0004020275059156697,0.05,True,True
hex40k_base,coarser_scale_40k,sensitivity_ge_75pct,1985,1990,1985_1990,0,consolidation_density_per_10kha,0.06871840874942958,0.1,True,1.0,1.0,0.0,0.05,True,True
hex40k_base,coarser_scale_40k,sensitivity_ge_75pct,1985,1990,1985_1990,0,replenishment_density_per_10kha,0.1234643444019243,0.1,False,1.0,1.0,0.0,0.05,True,False
hex40k_base,coarser_scale_40k,sensitivity_ge_75pct,1985,1990,1985_1990,0,nat_tmp_density_per_10kha,0.0854034450366431,0.1,True,1.0,1.0,0.0,0.05,True,True
hex40k_base,coarser_scale_40k,sensitivity_ge_75pct,1985,1990,1985_1990,0,net_cr_balance_density_per_10kha,0.12179843017295999,0.1,False,1.0,1.0,0.0,0.05,True,False
hex40k_base,coarser_scale_40k,sensitivity_ge_75pct,1985,1990,1985_1990,0,cr_balance_index,0.041170498315035386,0.1,True,0.7081843376977046,0.8312680778769176,0.12308374017921297,0.05,False,False
hex40k_base,coarser_scale_40k,sensitivity_ge_75pct,1985,1990,1985_1990,0,consolidation_rate_initial_pasture,0.04035929820082529,0.1,True,0.6597693692532077,0.7831464831391304,0.12337711388592265,0.05,False,False
hex40k_base,coarser_scale_40k,sensitivity_ge_75pct,1985,1990,1985_1990,0,replenishment_rate_initial_native,0.12335060204115278,0.1,False,0.9998392869263782,1.0,0.00016071307362175435,0.05,True,False
hex40k_base,coarser_scale_40k,sensitivity_ge_75pct,1985,1990,1985_1990,0,nat_tmp_intensity_initial_native,0.08541871991281802,0.1,True,0.9998392869263782,1.0,0.00016071307362175435,0.05,True,True
hex40k_base,coarser_scale_40k,primary_ge_50pct,1990,1995,1990_1995,0,consolidation_density_per_10kha,0.058699438967734,0.1,True,1.0,1.0,0.0,0.05,True,True
hex40k_base,coarser_scale_40k,primary_ge_50pct,1990,1995,1990_1995,0,replenishment_density_per_10kha,0.08048543777457387,0.1,True,1.0,1.0,0.0,0.05,True,True
hex40k_base,coarser_scale_40k,primary_ge_50pct,1990,1995,1990_1995,0,nat_tmp_density_per_10kha,0.07071606230344263,0.1,True,1.0,1.0,0.0,0.05,True,True
hex40k_base,coarser_scale_40k,primary_ge_50pct,1990,1995,1990_1995,0,net_cr_balance_density_per_10kha,0.07943934153135179,0.1,True,1.0,1.0,0.0,0.05,True,True
hex40k_base,coarser_scale_40k,primary_ge_50pct,1990,1995,1990_1995,0,cr_balance_index,0.03772482753945239,0.1,True,0.7518582364183602,0.8318014511314213,0.0799432147130611,0.05,False,False
hex40k_base,coarser_scale_40k,primary_ge_50pct,1990,1995,1990_1995,0,consolidation_rate_initial_pasture,0.034663456179008345,0.1,True,0.7180280258920672,0.8041671686578388,0.08613914276577161,0.05,False,False
hex40k_base,coarser_scale_40k,primary_ge_50pct,1990,1995,1990_1995,0,replenishment_rate_initial_native,0.08044493620386328,0.1,True,0.999799107744905,0.9998672598912305,6.815214632549527e-05,0.05,True,True
hex40k_base,coarser_scale_40k,primary_ge_50pct,1990,1995,1990_1995,0,nat_tmp_intensity_initial_native,0.07070854980897612,0.1,True,0.999799107744905,0.9998672598912305,6.815214632549527e-05,0.05,True,True
hex40k_base,coarser_scale_40k,sensitivity_ge_25pct,1990,1995,1990_1995,0,consolidation_density_per_10kha,0.048250528791855984,0.1,True,1.0,1.0,0.0,0.05,True,True
hex40k_base,coarser_scale_40k,sensitivity_ge_25pct,1990,1995,1990_1995,0,replenishment_density_per_10kha,0.055578043636176494,0.1,True,1.0,1.0,0.0,0.05,True,True
hex40k_base,coarser_scale_40k,sensitivity_ge_25pct,1990,1995,1990_1995,0,nat_tmp_density_per_10kha,0.06000946462482326,0.1,True,1.0,1.0,0.0,0.05,True,True
hex40k_base,coarser_scale_40k,sensitivity_ge_25pct,1990,1995,1990_1995,0,net_cr_balance_density_per_10kha,0.05571057279034719,0.1,True,1.0,1.0,0.0,0.05,True,True
hex40k_base,coarser_scale_40k,sensitivity_ge_25pct,1990,1995,1990_1995,0,cr_balance_index,0.03649802445536343,0.1,True,0.7518582364183602,0.8068742134940846,0.055015977075724365,0.05,False,False
hex40k_base,coarser_scale_40k,sensitivity_ge_25pct,1990,1995,1990_1995,0,consolidation_rate_initial_pasture,0.0335786903141555,0.1,True,0.7180280258920672,0.7797009844534158,0.06167295856134869,0.05,False,False
hex40k_base,coarser_scale_40k,sensitivity_ge_25pct,1990,1995,1990_1995,0,replenishment_rate_initial_native,0.05588122550377875,0.1,True,0.999799107744905,0.9994372594204624,0.00036184832444263737,0.05,True,True
hex40k_base,coarser_scale_40k,sensitivity_ge_25pct,1990,1995,1990_1995,0,nat_tmp_intensity_initial_native,0.06013302437114176,0.1,True,0.999799107744905,0.9994372594204624,0.00036184832444263737,0.05,True,True
hex40k_base,coarser_scale_40k,sensitivity_ge_75pct,1990,1995,1990_1995,0,consolidation_density_per_10kha,0.07722771241740312,0.1,True,1.0,1.0,0.0,0.05,True,True
hex40k_base,coarser_scale_40k,sensitivity_ge_75pct,1990,1995,1990_1995,0,replenishment_density_per_10kha,0.11729562164610144,0.1,False,1.0,1.0,0.0,0.05,True,False
hex40k_base,coarser_scale_40k,sensitivity_ge_75pct,1990,1995,1990_1995,0,nat_tmp_density_per_10kha,0.08922885236953071,0.1,True,1.0,1.0,0.0,0.05,True,True
hex40k_base,coarser_scale_40k,sensitivity_ge_75pct,1990,1995,1990_1995,0,net_cr_balance_density_per_10kha,0.11430751467605138,0.1,False,1.0,1.0,0.0,0.05,True,False
hex40k_base,coarser_scale_40k,sensitivity_ge_75pct,1990,1995,1990_1995,0,cr_balance_index,0.04293634694619497,0.1,True,0.7518582364183602,0.8686487689781309,0.11679053255977068,0.05,False,False
hex40k_base,coarser_scale_40k,sensitivity_ge_75pct,1990,1995,1990_1995,0,consolidation_rate_initial_pasture,0.03986928367038145,0.1,True,0.7180280258920672,0.8403065156388103,0.12227848974674316,0.05,False,False
hex40k_base,coarser_scale_40k,sensitivity_ge_75pct,1990,1995,1990_1995,0,replenishment_rate_initial_native,0.11714475870067548,0.1,False,0.999799107744905,1.0,0.00020089225509500874,0.05,True,False
hex40k_base,coarser_scale_40k,sensitivity_ge_75pct,1990,1995,1990_1995,0,nat_tmp_intensity_initial_native,0.08917904104533503,0.1,True,0.999799107744905,1.0,0.00020089225509500874,0.05,True,True
hex40k_base,coarser_scale_40k,primary_ge_50pct,1995,2000,1995_2000,0,consolidation_density_per_10kha,0.07261854280271984,0.1,True,1.0,1.0,0.0,0.05,True,True
hex40k_base,coarser_scale_40k,primary_ge_50pct,1995,2000,1995_2000,0,replenishment_density_per_10kha,0.07645810598926664,0.1,True,1.0,1.0,0.0,0.05,True,True
hex40k_base,coarser_scale_40k,primary_ge_50pct,1995,2000,1995_2000,0,nat_tmp_density_per_10kha,0.08662309598638407,0.1,True,1.0,1.0,0.0,0.05,True,True
hex40k_base,coarser_scale_40k,primary_ge_50pct,1995,2000,1995_2000,0,net_cr_balance_density_per_10kha,0.07315967945274549,0.1,True,1.0,1.0,0.0,0.05,True,True
hex40k_base,coarser_scale_40k,primary_ge_50pct,1995,2000,1995_2000,0,cr_balance_index,0.04974567337475988,0.1,True,0.7815902664304593,0.8573520210604434,0.07576175462998413,0.05,False,False
hex40k_base,coarser_scale_40k,primary_ge_50pct,1995,2000,1995_2000,0,consolidation_rate_initial_pasture,0.048048087840530274,0.1,True,0.76134033251495,0.8405964635996491,0.07925613108469909,0.05,False,False
hex40k_base,coarser_scale_40k,primary_ge_50pct,1995,2000,1995_2000,0,replenishment_rate_initial_native,0.07640624140846541,0.1,True,0.9998392869070575,0.9998672598912304,2.7972984172897064e-05,0.05,True,True
hex40k_base,coarser_scale_40k,primary_ge_50pct,1995,2000,1995_2000,0,nat_tmp_intensity_initial_native,0.08662673968808698,0.1,True,0.9998392869070575,0.9998672598912304,2.7972984172897064e-05,0.05,True,True
hex40k_base,coarser_scale_40k,sensitivity_ge_25pct,1995,2000,1995_2000,0,consolidation_density_per_10kha,0.05989032141028816,0.1,True,1.0,1.0,0.0,0.05,True,True
hex40k_base,coarser_scale_40k,sensitivity_ge_25pct,1995,2000,1995_2000,0,replenishment_density_per_10kha,0.05123207296500576,0.1,True,1.0,1.0,0.0,0.05,True,True
hex40k_base,coarser_scale_40k,sensitivity_ge_25pct,1995,2000,1995_2000,0,nat_tmp_density_per_10kha,0.07396467220226421,0.1,True,1.0,1.0,0.0,0.05,True,True
hex40k_base,coarser_scale_40k,sensitivity_ge_25pct,1995,2000,1995_2000,0,net_cr_balance_density_per_10kha,0.04980394221625595,0.1,True,1.0,1.0,0.0,0.05,True,True
hex40k_base,coarser_scale_40k,sensitivity_ge_25pct,1995,2000,1995_2000,0,cr_balance_index,0.04795396825230025,0.1,True,0.7815902664304593,0.8321174688733859,0.05052720244292663,0.05,False,False
hex40k_base,coarser_scale_40k,sensitivity_ge_25pct,1995,2000,1995_2000,0,consolidation_rate_initial_pasture,0.046242960889919194,0.1,True,0.76134033251495,0.8158148771704932,0.05447454465554313,0.05,False,False
hex40k_base,coarser_scale_40k,sensitivity_ge_25pct,1995,2000,1995_2000,0,replenishment_rate_initial_native,0.051512332173183045,0.1,True,0.9998392869070575,0.9994640146024696,0.0003752723045878925,0.05,True,True
hex40k_base,coarser_scale_40k,sensitivity_ge_25pct,1995,2000,1995_2000,0,nat_tmp_intensity_initial_native,0.07410977481192893,0.1,True,0.9998392869070575,0.9994640146024696,0.0003752723045878925,0.05,True,True
hex40k_base,coarser_scale_40k,sensitivity_ge_75pct,1995,2000,1995_2000,0,consolidation_density_per_10kha,0.09556280947967344,0.1,True,1.0,1.0,0.0,0.05,True,True
hex40k_base,coarser_scale_40k,sensitivity_ge_75pct,1995,2000,1995_2000,0,replenishment_density_per_10kha,0.11210591671489184,0.1,False,1.0,1.0,0.0,0.05,True,False
hex40k_base,coarser_scale_40k,sensitivity_ge_75pct,1995,2000,1995_2000,0,nat_tmp_density_per_10kha,0.10854103092035983,0.1,False,1.0,1.0,0.0,0.05,True,False
hex40k_base,coarser_scale_40k,sensitivity_ge_75pct,1995,2000,1995_2000,0,net_cr_balance_density_per_10kha,0.105661254367867,0.1,False,1.0,1.0,0.0,0.05,True,False
hex40k_base,coarser_scale_40k,sensitivity_ge_75pct,1995,2000,1995_2000,0,cr_balance_index,0.057634425479956564,0.1,True,0.7815902664304593,0.8930552704463337,0.11146500401587445,0.05,False,False
hex40k_base,coarser_scale_40k,sensitivity_ge_75pct,1995,2000,1995_2000,0,consolidation_rate_initial_pasture,0.05571229151191326,0.1,True,0.76134033251495,0.8763257707057477,0.11498543819079765,0.05,False,False
hex40k_base,coarser_scale_40k,sensitivity_ge_75pct,1995,2000,1995_2000,0,replenishment_rate_initial_native,0.11194033160185625,0.1,False,0.9998392869070575,1.0,0.00016071309294252156,0.05,True,False
hex40k_base,coarser_scale_40k,sensitivity_ge_75pct,1995,2000,1995_2000,0,nat_tmp_intensity_initial_native,0.10849590080405935,0.1,False,0.9998392869070575,1.0,0.00016071309294252156,0.05,True,False
hex40k_base,coarser_scale_40k,primary_ge_50pct,2000,2005,2000_2005,0,consolidation_density_per_10kha,0.08244831442595857,0.1,True,1.0,1.0,0.0,0.05,True,True
hex40k_base,coarser_scale_40k,primary_ge_50pct,2000,2005,2000_2005,0,replenishment_density_per_10kha,0.07110897903939015,0.1,True,1.0,1.0,0.0,0.05,True,True
hex40k_base,coarser_scale_40k,primary_ge_50pct,2000,2005,2000_2005,0,nat_tmp_density_per_10kha,0.09819483182139221,0.1,True,1.0,1.0,0.0,0.05,True,True
hex40k_base,coarser_scale_40k,primary_ge_50pct,2000,2005,2000_2005,0,net_cr_balance_density_per_10kha,0.0658100970689175,0.1,True,1.0,1.0,0.0,0.05,True,True
hex40k_base,coarser_scale_40k,primary_ge_50pct,2000,2005,2000_2005,0,cr_balance_index,0.05809549837898498,0.1,True,0.8193981182471219,0.8894213509010941,0.07002323265397215,0.05,False,False
hex40k_base,coarser_scale_40k,primary_ge_50pct,2000,2005,2000_2005,0,consolidation_rate_initial_pasture,0.056084048796926744,0.1,True,0.7893045193621026,0.8638406716506969,0.07453615228859434,0.05,False,False
hex40k_base,coarser_scale_40k,primary_ge_50pct,2000,2005,2000_2005,0,replenishment_rate_initial_native,0.07099057466716711,0.1,True,0.9998794660885308,0.9998672598912304,1.2206197300468347e-05,0.05,True,True
hex40k_base,coarser_scale_40k,primary_ge_50pct,2000,2005,2000_2005,0,nat_tmp_intensity_initial_native,0.09821624850115374,0.1,True,0.9998794660885308,0.9998672598912304,1.2206197300468347e-05,0.05,True,True
hex40k_base,coarser_scale_40k,sensitivity_ge_25pct,2000,2005,2000_2005,0,consolidation_density_per_10kha,0.0672989421840744,0.1,True,1.0,1.0,0.0,0.05,True,True
hex40k_base,coarser_scale_40k,sensitivity_ge_25pct,2000,2005,2000_2005,0,replenishment_density_per_10kha,0.045464426434216915,0.1,True,1.0,1.0,0.0,0.05,True,True
hex40k_base,coarser_scale_40k,sensitivity_ge_25pct,2000,2005,2000_2005,0,nat_tmp_density_per_10kha,0.08320072342893692,0.1,True,1.0,1.0,0.0,0.05,True,True
hex40k_base,coarser_scale_40k,sensitivity_ge_25pct,2000,2005,2000_2005,0,net_cr_balance_density_per_10kha,0.04341460200717784,0.1,True,1.0,1.0,0.0,0.05,True,True
hex40k_base,coarser_scale_40k,sensitivity_ge_25pct,2000,2005,2000_2005,0,cr_balance_index,0.05530321167167296,0.1,True,0.8193981182471219,0.8637689304363628,0.04437081218924088,0.05,True,True
hex40k_base,coarser_scale_40k,sensitivity_ge_25pct,2000,2005,2000_2005,0,consolidation_rate_initial_pasture,0.05327213692713684,0.1,True,0.7893045193621026,0.8388219600695489,0.04951744070744635,0.05,True,True
hex40k_base,coarser_scale_40k,sensitivity_ge_25pct,2000,2005,2000_2005,0,replenishment_rate_initial_native,0.045687959638348485,0.1,True,0.9998794660885308,0.9994640146024693,0.000415451486061591,0.05,True,True
hex40k_base,coarser_scale_40k,sensitivity_ge_25pct,2000,2005,2000_2005,0,nat_tmp_intensity_initial_native,0.08338426089993578,0.1,True,0.9998794660885308,0.9994640146024693,0.000415451486061591,0.05,True,True
hex40k_base,coarser_scale_40k,sensitivity_ge_75pct,2000,2005,2000_2005,0,consolidation_density_per_10kha,0.10960357911263963,0.1,False,1.0,1.0,0.0,0.05,True,False
hex40k_base,coarser_scale_40k,sensitivity_ge_75pct,2000,2005,2000_2005,0,replenishment_density_per_10kha,0.10878879803054181,0.1,False,1.0,1.0,0.0,0.05,True,False
hex40k_base,coarser_scale_40k,sensitivity_ge_75pct,2000,2005,2000_2005,0,nat_tmp_density_per_10kha,0.1241634776832582,0.1,False,1.0,1.0,0.0,0.05,True,False
hex40k_base,coarser_scale_40k,sensitivity_ge_75pct,2000,2005,2000_2005,0,net_cr_balance_density_per_10kha,0.0938427592753367,0.1,True,1.0,1.0,0.0,0.05,True,True
hex40k_base,coarser_scale_40k,sensitivity_ge_75pct,2000,2005,2000_2005,0,cr_balance_index,0.06957683188330333,0.1,True,0.8193981182471219,0.9227695034328102,0.10337138518568822,0.05,False,False
hex40k_base,coarser_scale_40k,sensitivity_ge_75pct,2000,2005,2000_2005,0,consolidation_rate_initial_pasture,0.06668536216599358,0.1,True,0.7893045193621026,0.8983255126507377,0.10902099328863513,0.05,False,False
hex40k_base,coarser_scale_40k,sensitivity_ge_75pct,2000,2005,2000_2005,0,replenishment_rate_initial_native,0.10494036913318963,0.1,False,0.9998794660885308,1.0,0.00012053391146915615,0.05,True,False
hex40k_base,coarser_scale_40k,sensitivity_ge_75pct,2000,2005,2000_2005,0,nat_tmp_intensity_initial_native,0.12413406896480794,0.1,False,0.9998794660885308,1.0,0.00012053391146915615,0.05,True,False
hex40k_base,coarser_scale_40k,primary_ge_50pct,2005,2010,2005_2010,0,consolidation_density_per_10kha,0.08279713620138535,0.1,True,1.0,1.0,0.0,0.05,True,True
hex40k_base,coarser_scale_40k,primary_ge_50pct,2005,2010,2005_2010,0,replenishment_density_per_10kha,0.06926293177751607,0.1,True,1.0,1.0,0.0,0.05,True,True
hex40k_base,coarser_scale_40k,primary_ge_50pct,2005,2010,2005_2010,0,nat_tmp_density_per_10kha,0.09885958711519682,0.1,True,1.0,1.0,0.0,0.05,True,True
hex40k_base,coarser_scale_40k,primary_ge_50pct,2005,2010,2005_2010,0,net_cr_balance_density_per_10kha,0.0617092741829689,0.1,True,1.0,1.0,0.0,0.05,True,True
hex40k_base,coarser_scale_40k,primary_ge_50pct,2005,2010,2005_2010,0,cr_balance_index,0.05332161595018675,0.1,True,0.8293623506459945,0.8976794008181164,0.06831705017212186,0.05,False,False
hex40k_base,coarser_scale_40k,primary_ge_50pct,2005,2010,2005_2010,0,consolidation_rate_initial_pasture,0.053301268266650936,0.1,True,0.826348970383366,0.8948404507177621,0.06849148033439612,0.05,False,False
hex40k_base,coarser_scale_40k,primary_ge_50pct,2005,2010,2005_2010,0,replenishment_rate_initial_native,0.06904509082574105,0.1,True,0.9998392869070575,0.9998672598912305,2.7972984173008086e-05,0.05,True,True
hex40k_base,coarser_scale_40k,primary_ge_50pct,2005,2010,2005_2010,0,nat_tmp_intensity_initial_native,0.09889867487341641,0.1,True,0.9998392869070575,0.9998672598912305,2.7972984173008086e-05,0.05,True,True
hex40k_base,coarser_scale_40k,sensitivity_ge_25pct,2005,2010,2005_2010,0,consolidation_density_per_10kha,0.06551906931795803,0.1,True,1.0,1.0,0.0,0.05,True,True
hex40k_base,coarser_scale_40k,sensitivity_ge_25pct,2005,2010,2005_2010,0,replenishment_density_per_10kha,0.0432156439324517,0.1,True,1.0,1.0,0.0,0.05,True,True
hex40k_base,coarser_scale_40k,sensitivity_ge_25pct,2005,2010,2005_2010,0,nat_tmp_density_per_10kha,0.08322274820815678,0.1,True,1.0,1.0,0.0,0.05,True,True
hex40k_base,coarser_scale_40k,sensitivity_ge_25pct,2005,2010,2005_2010,0,net_cr_balance_density_per_10kha,0.03991617643461565,0.1,True,1.0,1.0,0.0,0.05,True,True
hex40k_base,coarser_scale_40k,sensitivity_ge_25pct,2005,2010,2005_2010,0,cr_balance_index,0.05044706612196842,0.1,True,0.8293623506459945,0.8713474720644684,0.04198512141847388,0.05,True,True
hex40k_base,coarser_scale_40k,sensitivity_ge_25pct,2005,2010,2005_2010,0,consolidation_rate_initial_pasture,0.04968759032288311,0.1,True,0.826348970383366,0.8697271566391653,0.04337818625579937,0.05,True,True
hex40k_base,coarser_scale_40k,sensitivity_ge_25pct,2005,2010,2005_2010,0,replenishment_rate_initial_native,0.04313841794722978,0.1,True,0.9998392869070575,0.9994042338613488,0.00043505304570867764,0.05,True,True
hex40k_base,coarser_scale_40k,sensitivity_ge_25pct,2005,2010,2005_2010,0,nat_tmp_intensity_initial_native,0.08346544284612645,0.1,True,0.9998392869070575,0.9994042338613488,0.00043505304570867764,0.05,True,True
hex40k_base,coarser_scale_40k,sensitivity_ge_75pct,2005,2010,2005_2010,0,consolidation_density_per_10kha,0.11379447269118842,0.1,False,1.0,1.0,0.0,0.05,True,False
hex40k_base,coarser_scale_40k,sensitivity_ge_75pct,2005,2010,2005_2010,0,replenishment_density_per_10kha,0.10821356481990063,0.1,False,1.0,1.0,0.0,0.05,True,False
hex40k_base,coarser_scale_40k,sensitivity_ge_75pct,2005,2010,2005_2010,0,nat_tmp_density_per_10kha,0.12549789901191344,0.1,False,1.0,1.0,0.0,0.05,True,False
hex40k_base,coarser_scale_40k,sensitivity_ge_75pct,2005,2010,2005_2010,0,net_cr_balance_density_per_10kha,0.08636262919373694,0.1,True,1.0,1.0,0.0,0.05,True,True
hex40k_base,coarser_scale_40k,sensitivity_ge_75pct,2005,2010,2005_2010,0,cr_balance_index,0.06701109122022081,0.1,True,0.8293623506459945,0.9302363365255043,0.1008739858795098,0.05,False,False
hex40k_base,coarser_scale_40k,sensitivity_ge_75pct,2005,2010,2005_2010,0,consolidation_rate_initial_pasture,0.06708714893645251,0.1,True,0.826348970383366,0.927202290960961,0.100853320577595,0.05,False,False
hex40k_base,coarser_scale_40k,sensitivity_ge_75pct,2005,2010,2005_2010,0,replenishment_rate_initial_native,0.10380700294211789,0.1,False,0.9998392869070575,1.0,0.00016071309294252156,0.05,True,False
hex40k_base,coarser_scale_40k,sensitivity_ge_75pct,2005,2010,2005_2010,0,nat_tmp_intensity_initial_native,0.12547068039314435,0.1,False,0.9998392869070575,1.0,0.00016071309294252156,0.05,True,False
hex40k_base,coarser_scale_40k,primary_ge_50pct,2010,2015,2010_2015,0,consolidation_density_per_10kha,0.08513220994165588,0.1,True,1.0,1.0,0.0,0.05,True,True
hex40k_base,coarser_scale_40k,primary_ge_50pct,2010,2015,2010_2015,0,replenishment_density_per_10kha,0.07031042077610439,0.1,True,1.0,1.0,0.0,0.05,True,True
hex40k_base,coarser_scale_40k,primary_ge_50pct,2010,2015,2010_2015,0,nat_tmp_density_per_10kha,0.09758020634958015,0.1,True,1.0,1.0,0.0,0.05,True,True
hex40k_base,coarser_scale_40k,primary_ge_50pct,2010,2015,2010_2015,0,net_cr_balance_density_per_10kha,0.050675027614215606,0.1,True,1.0,1.0,0.0,0.05,True,True
hex40k_base,coarser_scale_40k,primary_ge_50pct,2010,2015,2010_2015,0,cr_balance_index,0.05234917376531595,0.1,True,0.8381212338076994,0.9039737127800468,0.06585247897234736,0.05,False,False
hex40k_base,coarser_scale_40k,primary_ge_50pct,2010,2015,2010_2015,0,consolidation_rate_initial_pasture,0.05201652022574349,0.1,True,0.8386837467335262,0.9050105195659862,0.06632677283246002,0.05,False,False
hex40k_base,coarser_scale_40k,primary_ge_50pct,2010,2015,2010_2015,0,replenishment_rate_initial_native,0.06760781583640449,0.1,True,0.9997589293269804,0.9998672598912304,0.0001083305642499699,0.05,True,True
hex40k_base,coarser_scale_40k,primary_ge_50pct,2010,2015,2010_2015,0,nat_tmp_intensity_initial_native,0.09754853057841073,0.1,True,0.9997589293269804,0.9998672598912304,0.0001083305642499699,0.05,True,True
hex40k_base,coarser_scale_40k,sensitivity_ge_25pct,2010,2015,2010_2015,0,consolidation_density_per_10kha,0.06550503145597941,0.1,True,1.0,1.0,0.0,0.05,True,True
hex40k_base,coarser_scale_40k,sensitivity_ge_25pct,2010,2015,2010_2015,0,replenishment_density_per_10kha,0.04512759999307919,0.1,True,1.0,1.0,0.0,0.05,True,True
hex40k_base,coarser_scale_40k,sensitivity_ge_25pct,2010,2015,2010_2015,0,nat_tmp_density_per_10kha,0.08044614727116328,0.1,True,1.0,1.0,0.0,0.05,True,True
hex40k_base,coarser_scale_40k,sensitivity_ge_25pct,2010,2015,2010_2015,0,net_cr_balance_density_per_10kha,0.031566533744112,0.1,True,1.0,1.0,0.0,0.05,True,True
hex40k_base,coarser_scale_40k,sensitivity_ge_25pct,2010,2015,2010_2015,0,cr_balance_index,0.048513183953587946,0.1,True,0.8381212338076994,0.8780218717124247,0.03990063790472531,0.05,True,True
hex40k_base,coarser_scale_40k,sensitivity_ge_25pct,2010,2015,2010_2015,0,consolidation_rate_initial_pasture,0.047877164033741204,0.1,True,0.8386837467335262,0.8794640928589686,0.04078034612544246,0.05,True,True
hex40k_base,coarser_scale_40k,sensitivity_ge_25pct,2010,2015,2010_2015,0,replenishment_rate_initial_native,0.04207575758720283,0.1,True,0.9997589293269804,0.9994253397788391,0.0003335895481413331,0.05,True,True
hex40k_base,coarser_scale_40k,sensitivity_ge_25pct,2010,2015,2010_2015,0,nat_tmp_intensity_initial_native,0.08062989688259692,0.1,True,0.9997589293269804,0.9994253397788391,0.0003335895481413331,0.05,True,True
hex40k_base,coarser_scale_40k,sensitivity_ge_75pct,2010,2015,2010_2015,0,consolidation_density_per_10kha,0.11937506305583956,0.1,False,1.0,1.0,0.0,0.05,True,False
hex40k_base,coarser_scale_40k,sensitivity_ge_75pct,2010,2015,2010_2015,0,replenishment_density_per_10kha,0.11121333988396923,0.1,False,1.0,1.0,0.0,0.05,True,False
hex40k_base,coarser_scale_40k,sensitivity_ge_75pct,2010,2015,2010_2015,0,nat_tmp_density_per_10kha,0.12688892268755342,0.1,False,1.0,1.0,0.0,0.05,True,False
hex40k_base,coarser_scale_40k,sensitivity_ge_75pct,2010,2015,2010_2015,0,net_cr_balance_density_per_10kha,0.07467384583670378,0.1,True,1.0,1.0,0.0,0.05,True,True
hex40k_base,coarser_scale_40k,sensitivity_ge_75pct,2010,2015,2010_2015,0,cr_balance_index,0.06823060533157066,0.1,True,0.8381212338076994,0.934930612939497,0.09680937913179755,0.05,False,False
hex40k_base,coarser_scale_40k,sensitivity_ge_75pct,2010,2015,2010_2015,0,consolidation_rate_initial_pasture,0.06784245529792449,0.1,True,0.8386837467335262,0.9360573426485805,0.09737359591505435,0.05,False,False
hex40k_base,coarser_scale_40k,sensitivity_ge_75pct,2010,2015,2010_2015,0,replenishment_rate_initial_native,0.10584750108310745,0.1,False,0.9997589293269804,1.0,0.0002410706730195944,0.05,True,False
hex40k_base,coarser_scale_40k,sensitivity_ge_75pct,2010,2015,2010_2015,0,nat_tmp_intensity_initial_native,0.1267896189695089,0.1,False,0.9997589293269804,1.0,0.0002410706730195944,0.05,True,False
hex40k_base,coarser_scale_40k,primary_ge_50pct,2015,2020,2015_2020,0,consolidation_density_per_10kha,0.08320732510182655,0.1,True,1.0,1.0,0.0,0.05,True,True
hex40k_base,coarser_scale_40k,primary_ge_50pct,2015,2020,2015_2020,0,replenishment_density_per_10kha,0.06868950863861695,0.1,True,1.0,1.0,0.0,0.05,True,True
hex40k_base,coarser_scale_40k,primary_ge_50pct,2015,2020,2015_2020,0,nat_tmp_density_per_10kha,0.10138076428401172,0.1,False,1.0,1.0,0.0,0.05,True,False
hex40k_base,coarser_scale_40k,primary_ge_50pct,2015,2020,2015_2020,0,net_cr_balance_density_per_10kha,0.05267950742292804,0.1,True,1.0,1.0,0.0,0.05,True,True
hex40k_base,coarser_scale_40k,primary_ge_50pct,2015,2020,2015_2020,0,cr_balance_index,0.04958827970318885,0.1,True,0.8520229548360293,0.9145228048265588,0.06249984999052949,0.05,False,False
hex40k_base,coarser_scale_40k,primary_ge_50pct,2015,2020,2015_2020,0,consolidation_rate_initial_pasture,0.04923104378674831,0.1,True,0.8501747575056933,0.9131856604397144,0.06301090293402112,0.05,False,False
hex40k_base,coarser_scale_40k,primary_ge_50pct,2015,2020,2015_2020,0,replenishment_rate_initial_native,0.0655370311240161,0.1,True,0.9997991085044662,0.9998672598912304,6.815138676419252e-05,0.05,True,True
hex40k_base,coarser_scale_40k,primary_ge_50pct,2015,2020,2015_2020,0,nat_tmp_intensity_initial_native,0.10124440982038668,0.1,False,0.9997991085044662,0.9998672598912304,6.815138676419252e-05,0.05,True,False
hex40k_base,coarser_scale_40k,sensitivity_ge_25pct,2015,2020,2015_2020,0,consolidation_density_per_10kha,0.06233658448228352,0.1,True,1.0,1.0,0.0,0.05,True,True
hex40k_base,coarser_scale_40k,sensitivity_ge_25pct,2015,2020,2015_2020,0,replenishment_density_per_10kha,0.045243500499254685,0.1,True,1.0,1.0,0.0,0.05,True,True
hex40k_base,coarser_scale_40k,sensitivity_ge_25pct,2015,2020,2015_2020,0,nat_tmp_density_per_10kha,0.08297712049186623,0.1,True,1.0,1.0,0.0,0.05,True,True
hex40k_base,coarser_scale_40k,sensitivity_ge_25pct,2015,2020,2015_2020,0,net_cr_balance_density_per_10kha,0.033814685009876166,0.1,True,1.0,1.0,0.0,0.05,True,True
hex40k_base,coarser_scale_40k,sensitivity_ge_25pct,2015,2020,2015_2020,0,cr_balance_index,0.04497575775773971,0.1,True,0.8520229548360293,0.8889311827625964,0.036908227926567116,0.05,True,True
hex40k_base,coarser_scale_40k,sensitivity_ge_25pct,2015,2020,2015_2020,0,consolidation_rate_initial_pasture,0.04442454323727607,0.1,True,0.8501747575056933,0.8878865525811667,0.0377117950754734,0.05,True,True
hex40k_base,coarser_scale_40k,sensitivity_ge_25pct,2015,2020,2015_2020,0,replenishment_rate_initial_native,0.04118363510094347,0.1,True,0.9997991085044662,0.9994253397788391,0.0003737687256271105,0.05,True,True
hex40k_base,coarser_scale_40k,sensitivity_ge_25pct,2015,2020,2015_2020,0,nat_tmp_intensity_initial_native,0.08306547382329998,0.1,True,0.9997991085044662,0.9994253397788391,0.0003737687256271105,0.05,True,True
hex40k_base,coarser_scale_40k,sensitivity_ge_75pct,2015,2020,2015_2020,0,consolidation_density_per_10kha,0.12001918381491694,0.1,False,1.0,1.0,0.0,0.05,True,False
hex40k_base,coarser_scale_40k,sensitivity_ge_75pct,2015,2020,2015_2020,0,replenishment_density_per_10kha,0.10822120988617273,0.1,False,1.0,1.0,0.0,0.05,True,False
hex40k_base,coarser_scale_40k,sensitivity_ge_75pct,2015,2020,2015_2020,0,nat_tmp_density_per_10kha,0.1331989586688142,0.1,False,1.0,1.0,0.0,0.05,True,False
hex40k_base,coarser_scale_40k,sensitivity_ge_75pct,2015,2020,2015_2020,0,net_cr_balance_density_per_10kha,0.07751160795814782,0.1,True,1.0,1.0,0.0,0.05,True,True
hex40k_base,coarser_scale_40k,sensitivity_ge_75pct,2015,2020,2015_2020,0,cr_balance_index,0.067915096654313,0.1,True,0.8520229548360293,0.9442888047133753,0.09226584987734598,0.05,False,False
hex40k_base,coarser_scale_40k,sensitivity_ge_75pct,2015,2020,2015_2020,0,consolidation_rate_initial_pasture,0.0679426109648334,0.1,True,0.8501747575056933,0.9424081554057716,0.09223339790007834,0.05,False,False
hex40k_base,coarser_scale_40k,sensitivity_ge_75pct,2015,2020,2015_2020,0,replenishment_rate_initial_native,0.10676645089952966,0.1,False,0.9997991085044662,1.0,0.00020089149553381702,0.05,True,False
hex40k_base,coarser_scale_40k,sensitivity_ge_75pct,2015,2020,2015_2020,0,nat_tmp_intensity_initial_native,0.13299217808823932,0.1,False,0.9997991085044662,1.0,0.00020089149553381702,0.05,True,False
hex40k_base,coarser_scale_40k,primary_ge_50pct,2020,2025,2020_2025,1,consolidation_density_per_10kha,0.08845242131661246,0.1,True,1.0,1.0,0.0,0.05,True,True
hex40k_base,coarser_scale_40k,primary_ge_50pct,2020,2025,2020_2025,1,replenishment_density_per_10kha,0.06947161024637466,0.1,True,1.0,1.0,0.0,0.05,True,True
hex40k_base,coarser_scale_40k,primary_ge_50pct,2020,2025,2020_2025,1,nat_tmp_density_per_10kha,0.10080965518799612,0.1,False,1.0,1.0,0.0,0.05,True,False
hex40k_base,coarser_scale_40k,primary_ge_50pct,2020,2025,2020_2025,1,net_cr_balance_density_per_10kha,0.058491706994795,0.1,True,1.0,1.0,0.0,0.05,True,True
hex40k_base,coarser_scale_40k,primary_ge_50pct,2020,2025,2020_2025,1,cr_balance_index,0.061987640555705215,0.1,True,0.8859335258169083,0.939474479831202,0.05354095401429371,0.05,False,False
hex40k_base,coarser_scale_40k,primary_ge_50pct,2020,2025,2020_2025,1,consolidation_rate_initial_pasture,0.059600804213331915,0.1,True,0.8637550528901727,0.921722644571905,0.05796759168173227,0.05,False,False
hex40k_base,coarser_scale_40k,primary_ge_50pct,2020,2025,2020_2025,1,replenishment_rate_initial_native,0.06414206212930595,0.1,True,0.9997991085044662,0.9998672598912306,6.815138676441457e-05,0.05,True,True
hex40k_base,coarser_scale_40k,primary_ge_50pct,2020,2025,2020_2025,1,nat_tmp_intensity_initial_native,0.10079393522942859,0.1,False,0.9997991085044662,0.9998672598912306,6.815138676441457e-05,0.05,True,False
hex40k_base,coarser_scale_40k,sensitivity_ge_25pct,2020,2025,2020_2025,1,consolidation_density_per_10kha,0.06815177286663515,0.1,True,1.0,1.0,0.0,0.05,True,True
hex40k_base,coarser_scale_40k,sensitivity_ge_25pct,2020,2025,2020_2025,1,replenishment_density_per_10kha,0.04477980281003785,0.1,True,1.0,1.0,0.0,0.05,True,True
hex40k_base,coarser_scale_40k,sensitivity_ge_25pct,2020,2025,2020_2025,1,nat_tmp_density_per_10kha,0.08248906872484035,0.1,True,1.0,1.0,0.0,0.05,True,True
hex40k_base,coarser_scale_40k,sensitivity_ge_25pct,2020,2025,2020_2025,1,net_cr_balance_density_per_10kha,0.036340490923382096,0.1,True,1.0,1.0,0.0,0.05,True,True
hex40k_base,coarser_scale_40k,sensitivity_ge_25pct,2020,2025,2020_2025,1,cr_balance_index,0.05607730138355005,0.1,True,0.8859335258169083,0.9157352726034108,0.029801746786502492,0.05,True,True
hex40k_base,coarser_scale_40k,sensitivity_ge_25pct,2020,2025,2020_2025,1,consolidation_rate_initial_pasture,0.054739771421350114,0.1,True,0.8637550528901727,0.8967826928097625,0.03302763991958979,0.05,True,True
hex40k_base,coarser_scale_40k,sensitivity_ge_25pct,2020,2025,2020_2025,1,replenishment_rate_initial_native,0.03928387192597654,0.1,True,0.9997991085044662,0.9994253397788391,0.0003737687256271105,0.05,True,True
hex40k_base,coarser_scale_40k,sensitivity_ge_25pct,2020,2025,2020_2025,1,nat_tmp_intensity_initial_native,0.0826961831265361,0.1,True,0.9997991085044662,0.9994253397788391,0.0003737687256271105,0.05,True,True
hex40k_base,coarser_scale_40k,sensitivity_ge_75pct,2020,2025,2020_2025,1,consolidation_density_per_10kha,0.12411358508583614,0.1,False,1.0,1.0,0.0,0.05,True,False
hex40k_base,coarser_scale_40k,sensitivity_ge_75pct,2020,2025,2020_2025,1,replenishment_density_per_10kha,0.10933645427404726,0.1,False,1.0,1.0,0.0,0.05,True,False
hex40k_base,coarser_scale_40k,sensitivity_ge_75pct,2020,2025,2020_2025,1,nat_tmp_density_per_10kha,0.13108335367406004,0.1,False,1.0,1.0,0.0,0.05,True,False
hex40k_base,coarser_scale_40k,sensitivity_ge_75pct,2020,2025,2020_2025,1,net_cr_balance_density_per_10kha,0.09114595551527727,0.1,True,1.0,1.0,0.0,0.05,True,True
hex40k_base,coarser_scale_40k,sensitivity_ge_75pct,2020,2025,2020_2025,1,cr_balance_index,0.08309217480794528,0.1,True,0.8859335258169083,0.9638952372309437,0.0779617114140354,0.05,False,False
hex40k_base,coarser_scale_40k,sensitivity_ge_75pct,2020,2025,2020_2025,1,consolidation_rate_initial_pasture,0.07820489934100211,0.1,True,0.8637550528901727,0.9498672550911752,0.08611220220100246,0.05,False,False
hex40k_base,coarser_scale_40k,sensitivity_ge_75pct,2020,2025,2020_2025,1,replenishment_rate_initial_native,0.1057345962328615,0.1,False,0.9997991085044662,1.0,0.00020089149553381702,0.05,True,False
hex40k_base,coarser_scale_40k,sensitivity_ge_75pct,2020,2025,2020_2025,1,nat_tmp_intensity_initial_native,0.13099756064897367,0.1,False,0.9997991085044662,1.0,0.00020089149553381702,0.05,True,False
